# fields=53 strings=0,3,4,5,6,7,13,14,15,16,17,18,19,36
"PLAYER, Human",4294967295,0,"","","","","",0,0,0,0,0,"","","","","","","PLAYER, Human",0,0,0,0,0,0,0,0,0,0,0,0,0,0,0,16712190,"",0,0,0,0,0,0,0,0,0,0,0,0,0,0,0,16711916
"LAYER, Human",4294967295,0,"","","","","",0,0,0,0,0,"","","","","","","PLAYER, Orc",0,0,0,0,0,0,0,0,0,0,0,0,0,0,0,16712190,"",0,0,0,0,0,0,0,0,0,0,0,0,0,0,0,16711916
"AYER, Human",4294967295,0,"","","","","",0,0,0,0,0,"","","","","","","PLAYER, Dwarf",0,0,0,0,0,0,0,0,0,0,0,0,0,0,0,16712190,"",0,0,0,0,0,0,0,0,0,0,0,0,0,0,0,16711916
"YER, Human",4294967295,0,"","","","","",0,0,0,0,0,"","","","","","","PLAYER, Night Elf",0,0,0,0,0,0,0,0,0,0,0,0,0,0,0,16712190,"",0,0,0,0,0,0,0,0,0,0,0,0,0,0,0,16711916
"ER, Human",4294967295,0,"","","","","",0,0,0,0,0,"","","","","","","PLAYER, Undead",0,0,0,0,0,0,0,0,0,0,0,0,0,0,0,16712190,"",0,0,0,0,0,0,0,0,0,0,0,0,0,0,0,16711918
"R, Human",4294967295,0,"","","","","",0,0,0,0,0,"","","","","","","PLAYER, Tauren ",0,0,0,0,0,0,0,0,0,0,0,0,0,0,0,16712190,"",0,0,0,0,0,0,0,0,0,0,0,0,0,0,0,16711916
", Human",4294967295,0,"","","","","",0,0,0,0,0,"","","","","","","Creature",0,0,0,0,0,0,0,0,0,0,0,0,0,0,0,16712190,"",0,0,0,0,0,0,0,0,0,0,0,0,0,0,0,16711916
" Human",4294967295,0,"","","","","",0,0,0,0,0,"","","","","","","PLAYER, Gnome",0,0,0,0,0,0,0,0,0,0,0,0,0,0,0,16712190,"",0,0,0,0,0,0,0,0,0,0,0,0,0,0,0,16711916
"Human",4294967295,0,"","","","","",0,0,0,0,0,"","","","","","","PLAYER, Troll",0,0,0,0,0,0,0,0,0,0,0,0,0,0,0,16712190,"",0,0,0,0,0,0,0,0,0,0,0,0,0,0,0,16711916
"",4294967295,0,"","","","","",0,0,0,0,0,"","","","","","","Monster",0,0,0,0,0,0,0,0,0,0,0,0,0,0,0,16712190,"",0,0,0,0,0,0,0,0,0,0,0,0,0,0,0,16711916
"PLAYER, Orc",4294967295,0,"","","","","",0,0,0,0,0,"","","","","","","Defias Brotherhood",0,0,0,0,0,0,0,0,0,0,0,0,0,0,0,16712190,"",0,0,0,0,0,0,0,0,0,0,0,0,0,0,0,16711916
"LAYER, Orc",4294967295,0,"","","","","",0,0,0,0,0,"","","","","","","Gnoll - Riverpaw",0,0,0,0,0,0,0,0,0,0,0,0,0,0,0,16712190,"",0,0,0,0,0,0,0,0,0,0,0,0,0,0,0,16711916
"AYER, Orc",4294967295,0,"","","","","",0,0,0,0,0,"","","","","","","Gnoll - Redridge",0,0,0,0,0,0,0,0,0,0,0,0,0,0,0,16712190,"",0,0,0,0,0,0,0,0,0,0,0,0,0,0,0,16711916
"YER, Orc",4294967295,0,"","","","","",0,0,0,0,0,"","","","","","","Gnoll - Shadowhide",0,0,0,0,0,0,0,0,0,0,0,0,0,0,0,16712190,"",0,0,0,0,0,0,0,0,0,0,0,0,0,0,0,16711916
"ER, Orc",4294967295,0,"","","","","",0,0,0,0,0,"","","","","","","Murloc",0,0,0,0,0,0,0,0,0,0,0,0,0,0,0,16712190,"",0,0,0,0,0,0,0,0,0,0,0,0,0,0,0,16711916
"R, Orc",4294967295,0,"","","","","",0,0,0,0,0,"","","","","","","Undead, Scourge",0,0,0,0,0,0,0,0,0,0,0,0,0,0,0,16712190,"",0,0,0,0,0,0,0,0,0,0,0,0,0,0,0,16711916
", Orc",1,1791,"","","","","",0,0,500,0,0,"","","","","","w","Booty Bay",0,0,0,0,0,0,0,0,0,0,0,0,0,0,0,16712190,"This booming coastal city is run by Baron Revilgaz of the Blackwater Raiders.  Mortal enemies of the Bloodsail Buccaneers and part of the Steamwheedle Cartel.",0,0,0,0,0,0,0,0,0,0,0,0,0,0,0,16712190
" Orc",4294967295,0,"","","","","",0,0,0,0,0,"","","","","","","Beast - Spider",0,0,0,0,0,0,0,0,0,0,0,0,0,0,0,16712190,"",0,0,0,0,0,0,0,0,0,0,0,0,0,0,0,16711916
"Orc",4294967295,0,"","","","","",0,0,0,0,0,"","","","","","","Beast - Boar",0,0,0,0,0,0,0,0,0,0,0,0,0,0,0,16712190,"",0,0,0,0,0,0,0,0,0,0,0,0,0,0,0,16711916
"rc",4294967295,0,"","","","","",0,0,0,0,0,"","","","","","","Worgen",0,0,0,0,0,0,0,0,0,0,0,0,0,0,0,16712190,"",0,0,0,0,0,0,0,0,0,0,0,0,0,0,0,16711916
"c",4294967295,0,"","","","","",0,0,0,0,0,"","","","","","","Kobold",0,0,0,0,0,0,0,0,0,0,0,0,0,0,0,16712190,"",0,0,0,0,0,0,0,0,0,0,0,0,0,0,0,16711916
"",4294967295,0,"","","","","",0,0,0,0,0,"","","","","","","Troll, Bloodscalp",0,0,0,0,0,0,0,0,0,0,0,0,0,0,0,16712190,"",0,0,0,0,0,0,0,0,0,0,0,0,0,0,0,16711916
"PLAYER, Dwarf",4294967295,0,"","","","","",0,0,0,0,0,"","","","","","","Troll, Skullsplitter",0,0,0,0,0,0,0,0,0,0,0,0,0,0,0,16712190,"",0,0,0,0,0,0,0,0,0,0,0,0,0,0,0,16711916
"LAYER, Dwarf",4294967295,0,"","","","","",0,0,0,0,0,"","","","","","","Prey",0,0,0,0,0,0,0,0,0,0,0,0,0,0,0,16712190,"",0,0,0,0,0,0,0,0,0,0,0,0,0,0,0,16711916
"AYER, Dwarf",4294967295,0,"","","","","",0,0,0,0,0,"","","","","","","Beast - Wolf",0,0,0,0,0,0,0,0,0,0,0,0,0,0,0,16712190,"",0,0,0,0,0,0,0,0,0,0,0,0,0,0,0,16711916
"YER, Dwarf",4294967295,0,"","","","","",0,0,0,0,0,"","","","","","","Defias Brotherhood Traitor",0,0,0,0,0,0,0,0,0,0,0,0,0,0,0,16712190,"",0,0,0,0,0,0,0,0,0,0,0,0,0,0,0,16711916
"ER, Dwarf",4294967295,0,"","","","","",0,0,0,0,0,"","","","","","","Friendly",0,0,0,0,0,0,0,0,0,0,0,0,0,0,0,16712190,"",0,0,0,0,0,0,0,0,0,0,0,0,0,0,0,16711916
"R, Dwarf",4294967295,0,"","","","","",0,0,0,0,0,"","","","","","","Trogg",0,0,0,0,0,0,0,0,0,0,0,0,0,0,0,16712190,"",0,0,0,0,0,0,0,0,0,0,0,0,0,0,0,16711916
", Dwarf",4294967295,0,"","","","","",0,0,0,0,0,"","","","","","","Troll, Frostmane",0,0,0,0,0,0,0,0,0,0,0,0,0,0,0,16712190,"",0,0,0,0,0,0,0,0,0,0,0,0,0,0,0,16711916
" Dwarf",4294967295,0,"","","","","",0,0,0,0,0,"","","","","","","Orc, Blackrock",0,0,0,0,0,0,0,0,0,0,0,0,0,0,0,16712190,"",0,0,0,0,0,0,0,0,0,0,0,0,0,0,0,16711916
"Dwarf",4294967295,0,"","","","","",0,0,0,0,0,"","","","","","","Villian",0,0,0,0,0,0,0,0,0,0,0,0,0,0,0,16712190,"",0,0,0,0,0,0,0,0,0,0,0,0,0,0,0,16711916
"warf",4294967295,0,"","","","","",0,0,0,0,0,"","","","","","","Victim",0,0,0,0,0,0,0,0,0,0,0,0,0,0,0,16712190,"",0,0,0,0,0,0,0,0,0,0,0,0,0,0,0,16711916
"arf",4294967295,0,"","","","","",0,0,0,0,0,"","","","","","","Beast - Bear",0,0,0,0,0,0,0,0,0,0,0,0,0,0,0,16712190,"",0,0,0,0,0,0,0,0,0,0,0,0,0,0,0,16711916
"rf",4294967295,0,"","","","","",0,0,0,0,0,"","","","","","","Ogre",0,0,0,0,0,0,0,0,0,0,0,0,0,0,0,16712190,"",0,0,0,0,0,0,0,0,0,0,0,0,0,0,0,16711916
"f",4294967295,0,"","","","","",0,0,0,0,0,"","","","","","","Kurzen's Mercenaries",0,0,0,0,0,0,0,0,0,0,0,0,0,0,0,16712190,"",0,0,0,0,0,0,0,0,0,0,0,0,0,0,0,16711916
"",4294967295,0,"","","","","",0,0,0,0,0,"","","","","","","Escortee",0,0,0,0,0,0,0,0,0,0,0,0,0,0,0,16712190,"",0,0,0,0,0,0,0,0,0,0,0,0,0,0,0,16711916
"PLAYER, Night Elf",4294967295,0,"","","","","",0,0,0,0,0,"","","","","","","Venture Company",0,0,0,0,0,0,0,0,0,0,0,0,0,0,0,16712190,"",0,0,0,0,0,0,0,0,0,0,0,0,0,0,0,16711916
"LAYER, Night Elf",4294967295,0,"","","","","",0,0,0,0,0,"","","","","","","Beast - Raptor",0,0,0,0,0,0,0,0,0,0,0,0,0,0,0,16712190,"",0,0,0,0,0,0,0,0,0,0,0,0,0,0,0,16711916
"AYER, Night Elf",4294967295,0,"","","","","",0,0,0,0,0,"","","","","","","Basilisk",0,0,0,0,0,0,0,0,0,0,0,0,0,0,0,16712190,"",0,0,0,0,0,0,0,0,0,0,0,0,0,0,0,16711916
"YER, Night Elf",4294967295,0,"","","","","",0,0,0,0,0,"","","","","","","Dragonflight, Green",0,0,0,0,0,0,0,0,0,0,0,0,0,0,0,16712190,"",0,0,0,0,0,0,0,0,0,0,0,0,0,0,0,16711916
"ER, Night Elf",4294967295,0,"","","","","",0,0,0,0,0,"","","","","","","Lost Ones",0,0,0,0,0,0,0,0,0,0,0,0,0,0,0,16712190,"",0,0,0,0,0,0,0,0,0,0,0,0,0,0,0,16711916
"R, Night Elf",29,1791,"","","","","",0,0,0,0,0,"","YER, Human","","","",""," Blacksmithing - Armorsmithing",0,0,0,0,0,0,0,0,0,0,0,0,0,0,0,16712190,"",0,0,0,0,0,0,0,0,0,0,0,0,0,0,0,16711916
", Night Elf",20,1097,"reen","YER, Human","","","",0,0,3100,4294925296,4000,"","AYER, Orc","R, Human","AYER, Orc","","llsplitter","Ironforge",0,0,0,0,0,0,0,0,0,0,0,0,0,0,0,16712190,"This Alliance capital is the pride of the Dun Morogh dwarves.  Home to King Magni.",0,0,0,0,0,0,0,0,0,0,0,0,0,0,0,16712190
" Night Elf",4294967295,0,"","","","","",0,0,0,0,0,"","","","","","","Dark Iron Dwarves",0,0,0,0,0,0,0,0,0,0,0,0,0,0,0,16712190,"",0,0,0,0,0,0,0,0,0,0,0,0,0,0,0,16711916
"Night Elf",4294967295,0,"","","","","",0,0,0,0,0,"","","","","","","Human, Night Watch",0,0,0,0,0,0,0,0,0,0,0,0,0,0,0,16712190,"",0,0,0,0,0,0,0,0,0,0,0,0,0,0,0,16711916
"ight Elf",4294967295,0,"","","","","",0,0,0,0,0,"","","","","","","Dragonflight, Red",0,0,0,0,0,0,0,0,0,0,0,0,0,0,0,16712190,"",0,0,0,0,0,0,0,0,0,0,0,0,0,0,0,16711916
"ght Elf",4294967295,0,"","","","","",0,0,0,0,0,"","","","","","","Gnoll - Mosshide",0,0,0,0,0,0,0,0,0,0,0,0,0,0,0,16712190,"",0,0,0,0,0,0,0,0,0,0,0,0,0,0,0,16711916
"ht Elf",4294967295,0,"","","","","",0,0,0,0,0,"","","","","","","Orc, Dragonmaw",0,0,0,0,0,0,0,0,0,0,0,0,0,0,0,16712190,"",0,0,0,0,0,0,0,0,0,0,0,0,0,0,0,16711916
"t Elf",4294967295,0,"","","","","",0,0,0,0,0,"","","","","","","Gnome - Leper",0,0,0,0,0,0,0,0,0,0,0,0,0,0,0,16712190,"",0,0,0,0,0,0,0,0,0,0,0,0,0,0,0,16711916
" Elf",18,1037,"reen","R, Undead","","","",0,0,3100,4294925296,4000,"","AYER, Orc","R, Human","AYER, Orc","","llsplitter","Gnomeregan Exiles",0,0,0,0,0,0,0,0,0,0,0,0,0,0,0,16712190,"The former denizens of Gnomeregan, now living in exile in Ironforge and in league with the Alliance.",0,0,0,0,0,0,0,0,0,0,0,0,0,0,0,16712190
"Elf",4294967295,0,"","","","","",0,0,0,0,0,"","","","","","","Leopard",0,0,0,0,0,0,0,0,0,0,0,0,0,0,0,16712190,"",0,0,0,0,0,0,0,0,0,0,0,0,0,0,0,16711916
"lf",4294967295,0,"","","","","",0,0,0,0,0,"","","","","","","Scarlet Crusade",0,0,0,0,0,0,0,0,0,0,0,0,0,0,0,16712190,"",0,0,0,0,0,0,0,0,0,0,0,0,0,0,0,16711916
"f",4294967295,0,"","","","","",0,0,0,0,0,"","","","","","","Gnoll - Rothide",0,0,0,0,0,0,0,0,0,0,0,0,0,0,0,16712190,"",0,0,0,0,0,0,0,0,0,0,0,0,0,0,0,16711916
"",4294967295,0,"","","","","",0,0,0,0,0,"","","","","","","Beast - Gorilla",0,0,0,0,0,0,0,0,0,0,0,0,0,0,0,16712190,"",0,0,0,0,0,0,0,0,0,0,0,0,0,0,0,16711916
"PLAYER, Undead",4,1791,"","","","","",0,0,0,0,0,"","LAYER, Orc","","","","","Thorium Brotherhood",0,0,0,0,0,0,0,0,0,0,0,0,0,0,0,16712190,"The dwarves of the Thorium Brotherhood epitomize excellence in craftsmanship and are bent on unlocking the secrets of Blackrock Mountain.",0,0,0,0,0,0,0,0,0,0,0,0,0,0,0,16712190
"LAYER, Undead",4294967295,0,"","","","","",0,0,0,0,0,"","","","","","","Naga",0,0,0,0,0,0,0,0,0,0,0,0,0,0,0,16712190,"",0,0,0,0,0,0,0,0,0,0,0,0,0,0,0,16711916
"AYER, Undead",4294967295,0,"","","","","",0,0,0,0,0,"","","","","","","Dalaran",0,0,0,0,0,0,0,0,0,0,0,0,0,0,0,16712190,"",0,0,0,0,0,0,0,0,0,0,0,0,0,0,0,16711916
"YER, Undead",4294967295,0,"","","","","",0,0,0,0,0,"","","","","","","Forlorn Spirit",0,0,0,0,0,0,0,0,0,0,0,0,0,0,0,16712190,"",0,0,0,0,0,0,0,0,0,0,0,0,0,0,0,16711916
"ER, Undead",4294967295,0,"","","","","",0,0,0,0,0,"","","","","","","Darkhowl",0,0,0,0,0,0,0,0,0,0,0,0,0,0,0,16712190,"",0,0,0,0,0,0,0,0,0,0,0,0,0,0,0,16711916
"R, Undead",4294967295,0,"","","","","",0,0,0,0,0,"","","","","","","Grell",0,0,0,0,0,0,0,0,0,0,0,0,0,0,0,16712190,"",0,0,0,0,0,0,0,0,0,0,0,0,0,0,0,16711916
", Undead",4294967295,0,"","","","","",0,0,0,0,0,"","","","","","","Furbolg",0,0,0,0,0,0,0,0,0,0,0,0,0,0,0,16712190,"",0,0,0,0,0,0,0,0,0,0,0,0,0,0,0,16711916
" Undead",4294967295,0,"","","","","",0,0,0,0,0,"","","","","","","Horde Generic",0,0,0,0,0,0,0,0,0,0,0,0,0,0,0,16712190,"",0,0,0,0,0,0,0,0,0,0,0,0,0,0,0,16711916
"Undead",12,690,"lla","","","","",0,0,3500,4294925296,0,"","c","","","","","Horde",0,0,0,0,0,0,0,0,0,0,0,0,0,0,0,16712190,"",0,0,0,0,0,0,0,0,0,0,0,0,0,0,0,16711916
"ndead",17,162,"lla","LAYER, Orc","hood Traitor","","",0,0,500,4294925296,4000,"Blood God and his Atal'ai Priests in Zul'Gurub.","AYER, Orc","R, Human","AYER, Orc","AYER, Orc","Undead","Undercity",0,0,0,0,0,0,0,0,0,0,0,0,0,0,0,16712190,"Led by Sylvanas Windrunner, the Forsaken have joined a tenuous alliance with the Horde and established this capital in the vast depths under the Ruins of Lordaeron.",0,0,0,0,0,0,0,0,0,0,0,0,0,0,0,16712190
"dead",21,1093,"reen"," Human","","","",0,0,3100,4294925296,4000,"","AYER, Orc","R, Human","AYER, Orc","","llsplitter","Darnassus",0,0,0,0,0,0,0,0,0,0,0,0,0,0,0,16712190,"The Alliance capital is populated by Night Elves and is located in the Island of Teldrassil.  Ruled by the Priestess of the Moon, Tyrande Whisperwind.",0,0,0,0,0,0,0,0,0,0,0,0,0,0,0,16712190
"ead",6,1791,"","","","","",0,0,4294957296,0,0,"","LAYER, Human","","","","","Syndicate",0,0,0,0,0,0,0,0,0,0,0,0,0,0,0,16712190,"A primarily human criminal organization that operates mostly out of the Alterac Mountains and Hillsbrad Foothills.",0,0,0,0,0,0,0,0,0,0,0,0,0,0,0,16712190
"ad",4294967295,0,"","","","","",0,0,0,0,0,"","","","","","","Hillsbrad Militia",0,0,0,0,0,0,0,0,0,0,0,0,0,0,0,16712190,"",0,0,0,0,0,0,0,0,0,0,0,0,0,0,0,16711916
"d",19,1100,"reen","PLAYER, Human","","","",0,0,3100,4294925296,4000,"","AYER, Orc","R, Human","AYER, Orc","","llsplitter","Stormwind",0,0,0,0,0,0,0,0,0,0,0,0,0,0,0,16712190,"One of the last bastions of human power, this Alliance capital is ruled by the child king, Anduin Wrynn.",0,0,0,0,0,0,0,0,0,0,0,0,0,0,0,16712190
"",4294967295,0,"","","","","",0,0,0,0,0,"","","","","","","Demon",0,0,0,0,0,0,0,0,0,0,0,0,0,0,0,16712190,"",0,0,0,0,0,0,0,0,0,0,0,0,0,0,0,16711916
"PLAYER, Tauren ",4294967295,0,"","","","","",0,0,0,0,0,"","","","","","","Elemental",0,0,0,0,0,0,0,0,0,0,0,0,0,0,0,16712190,"",0,0,0,0,0,0,0,0,0,0,0,0,0,0,0,16711916
"LAYER, Tauren ",4294967295,0,"","","","","",0,0,0,0,0,"","","","","","","Spirit",0,0,0,0,0,0,0,0,0,0,0,0,0,0,0,16712190,"",0,0,0,0,0,0,0,0,0,0,0,0,0,0,0,16711916
"AYER, Tauren ",14,160,"lla","LAYER, Human","endly","","",0,0,3100,4294925296,4000,"fias Brotherhood Traitor","AYER, Orc","R, Human","AYER, Orc","AYER, Orc","Undead","Orgrimmar",0,0,0,0,0,0,0,0,0,0,0,0,0,0,0,16712190,"Founded by Thrall, this Horde capital city is home to many of the proud orc clans of Durotar.",0,0,0,0,0,0,0,0,0,0,0,0,0,0,0,16712190
"YER, Tauren ",4294967295,0,"","","","","",0,0,0,0,0,"","","","","","","Treasure",0,0,0,0,0,0,0,0,0,0,0,0,0,0,0,16712190,"",0,0,0,0,0,0,0,0,0,0,0,0,0,0,0,16711916
"ER, Tauren ",4294967295,0,"","","","","",0,0,0,0,0,"","","","","","","Gnoll - Mudsnout",0,0,0,0,0,0,0,0,0,0,0,0,0,0,0,16712190,"",0,0,0,0,0,0,0,0,0,0,0,0,0,0,0,16711916
"R, Tauren ",4294967295,0,"","","","","",0,0,0,0,0,"","","","","","","HIllsbrad, Southshore Mayor",0,0,0,0,0,0,0,0,0,0,0,0,0,0,0,16712190,"",0,0,0,0,0,0,0,0,0,0,0,0,0,0,0,16711916
", Tauren ",4294967295,0,"","","","","",0,0,0,0,0,"","","","","","","Dragonflight, Black",0,0,0,0,0,0,0,0,0,0,0,0,0,0,0,16712190,"",0,0,0,0,0,0,0,0,0,0,0,0,0,0,0,16711916
" Tauren ",16,130,"lla","endly","R, Dwarf","","",0,0,3100,4294925296,500,"ilers","AYER, Orc","R, Human","AYER, Orc","AYER, Orc","Undead","Thunder Bluff",0,0,0,0,0,0,0,0,0,0,0,0,0,0,0,16712190,"Cairne Bloodhoof leads his people, the proud Tauren, from this mighty Horde capital.",0,0,0,0,0,0,0,0,0,0,0,0,0,0,0,16712190
"Tauren ",4294967295,0,"","","","","",0,0,0,0,0,"","","","","","","Troll, Witherbark",0,0,0,0,0,0,0,0,0,0,0,0,0,0,0,16712190,"",0,0,0,0,0,0,0,0,0,0,0,0,0,0,0,16711916
"auren ",23,1791,"","","","","",0,0,2999,0,0,"","YER, Human","","","",""," Leatherworking - Elemental",0,0,0,0,0,0,0,0,0,0,0,0,0,0,0,16712190,"",0,0,0,0,0,0,0,0,0,0,0,0,0,0,0,16711916
"uren ",4294967295,0,"","","","","",0,0,0,0,0,"","","","","","","Quilboar, Razormane",0,0,0,0,0,0,0,0,0,0,0,0,0,0,0,16712190,"",0,0,0,0,0,0,0,0,0,0,0,0,0,0,0,16711916
"ren ",4294967295,0,"","","","","",0,0,0,0,0,"","","","","","","Quilboar, Bristleback",0,0,0,0,0,0,0,0,0,0,0,0,0,0,0,16712190,"",0,0,0,0,0,0,0,0,0,0,0,0,0,0,0,16711916
"en ",22,1791,"","","","","",0,0,2999,0,0,"","YER, Human","","","",""," Leatherworking - Dragonscale",0,0,0,0,0,0,0,0,0,0,0,0,0,0,0,16712190,"",0,0,0,0,0,0,0,0,0,0,0,0,0,0,0,16711916
"n ",0,1791,"","","","","",0,0,4294960796,0,0,"","LAYER, Human","","","","","Bloodsail Buccaneers",0,0,0,0,0,0,0,0,0,0,0,0,0,0,0,16712190,"These bloodthirsty corsairs are the bane of many a merchant in the high seas.  Sworn enemies of Booty Bay.",0,0,0,0,0,0,0,0,0,0,0,0,0,0,0,16712190
" ",4294967295,0,"","","","","",0,0,0,0,0,"","","","","","","Blackfathom",0,0,0,0,0,0,0,0,0,0,0,0,0,0,0,16712190,"",0,0,0,0,0,0,0,0,0,0,0,0,0,0,0,16711916
"",4294967295,0,"","","","","",0,0,0,0,0,"","","","","","","Makrura",0,0,0,0,0,0,0,0,0,0,0,0,0,0,0,16712190,"",0,0,0,0,0,0,0,0,0,0,0,0,0,0,0,16711916
"Creature",4294967295,0,"","","","","",0,0,0,0,0,"","","","","","","Centaur, Kolkar",0,0,0,0,0,0,0,0,0,0,0,0,0,0,0,16712190,"",0,0,0,0,0,0,0,0,0,0,0,0,0,0,0,16711916
"reature",4294967295,0,"","","","","",0,0,0,0,0,"","","","","","","Centaur, Galak",0,0,0,0,0,0,0,0,0,0,0,0,0,0,0,16712190,"",0,0,0,0,0,0,0,0,0,0,0,0,0,0,0,16711916
"eature",2,1791,"","","","","",0,0,2000,0,0,"","LAYER, Human","","","","","Gelkis Clan Centaur",0,0,0,0,0,0,0,0,0,0,0,0,0,0,0,16712190,"These centaur have made their home in the southern region of Desolace.  Mortal enemies of the Magram Centaur.",0,0,0,0,0,0,0,0,0,0,0,0,0,0,0,16712190
"ature",3,1791,"","","","","",0,0,2000,0,0,"","LAYER, Human","","","","","Magram Clan Centaur",0,0,0,0,0,0,0,0,0,0,0,0,0,0,0,16712190,"These centaur have made their home in the eastern region of Desolace.  Mortal enemies of the Gelkis Centaur.",0,0,0,0,0,0,0,0,0,0,0,0,0,0,0,16712190
"ture",4294967295,0,"","","","","",0,0,0,0,0,"","","","","","","Maraudine",0,0,0,0,0,0,0,0,0,0,0,0,0,0,0,16712190,"",0,0,0,0,0,0,0,0,0,0,0,0,0,0,0,16711916
"nome",4294967295,0,"","","","","",0,0,0,0,0,"","","","","","","Theramore",0,0,0,0,0,0,0,0,0,0,0,0,0,0,0,16712190,"",0,0,0,0,0,0,0,0,0,0,0,0,0,0,0,16711916
"ome",4294967295,0,"","","","","",0,0,0,0,0,"","","","","","","Quilboar, Razorfen",0,0,0,0,0,0,0,0,0,0,0,0,0,0,0,16712190,"",0,0,0,0,0,0,0,0,0,0,0,0,0,0,0,16711916
"me",4294967295,0,"","","","","",0,0,0,0,0,"","","","","","","Quilboar, Razormane 2",0,0,0,0,0,0,0,0,0,0,0,0,0,0,0,16712190,"",0,0,0,0,0,0,0,0,0,0,0,0,0,0,0,16711916
"e",4294967295,0,"","","","","",0,0,0,0,0,"","","","","","","Quilboar, Deathshead",0,0,0,0,0,0,0,0,0,0,0,0,0,0,0,16712190,"",0,0,0,0,0,0,0,0,0,0,0,0,0,0,0,16711916
"onster",4294967295,0,"","","","","",0,0,0,0,0,"","","","","","","Enemy",0,0,0,0,0,0,0,0,0,0,0,0,0,0,0,16712190,"",0,0,0,0,0,0,0,0,0,0,0,0,0,0,0,16711916
"rhood",4294967295,0,"","","","","",0,0,0,0,0,"","","","","","","Ambient",0,0,0,0,0,0,0,0,0,0,0,0,0,0,0,16712190,"",0,0,0,0,0,0,0,0,0,0,0,0,0,0,0,16711916
"aw",4294967295,0,"","","","","",0,0,0,0,0,"","","","","","","Nethergarde Caravan",0,0,0,0,0,0,0,0,0,0,0,0,0,0,0,16712190,"",0,0,0,0,0,0,0,0,0,0,0,0,0,0,0,16711916
"w",10,1791,"","","","","",0,0,500,0,0,""," Human","","","","","Steamwheedle Cartel",0,0,0,0,0,0,0,0,0,0,0,0,0,0,0,16712190,"",0,0,0,0,0,0,0,0,0,0,0,0,0,0,0,16711916
"noll - Shadowhide",4294967295,0,"","","","","",0,0,0,0,0,"","","","","","","Alliance Generic",0,0,0,0,0,0,0,0,0,0,0,0,0,0,0,16712190,"",0,0,0,0,0,0,0,0,0,0,0,0,0,0,0,16711916
"rloc",4294967295,0,"","","","","",0,0,0,0,0,"","","","","","","Nethergarde",0,0,0,0,0,0,0,0,0,0,0,0,0,0,0,16712190,"",0,0,0,0,0,0,0,0,0,0,0,0,0,0,0,16711916
"",4294967295,0,"","","","","",0,0,0,0,0,"","","","","","","Wailing Caverns",0,0,0,0,0,0,0,0,0,0,0,0,0,0,0,16712190,"",0,0,0,0,0,0,0,0,0,0,0,0,0,0,0,16711916
"ing coastal city is run by Baron Revilgaz of the Blackwater Raiders.  Mortal enemies of the Bloodsail Buccaneers and part of the Steamwheedle Cartel.",4294967295,0,"","","","","",0,0,0,0,0,"","","","","","","Silithid",0,0,0,0,0,0,0,0,0,0,0,0,0,0,0,16712190,"",0,0,0,0,0,0,0,0,0,0,0,0,0,0,0,16711916
"run by Baron Revilgaz of the Blackwater Raiders.  Mortal enemies of the Bloodsail Buccaneers and part of the Steamwheedle Cartel.",4294967295,0,"","","","","",0,0,0,0,0,"","","","","","","Silvermoon Remnant",0,0,0,0,0,0,0,0,0,0,0,0,0,0,0,16712190,"",0,0,0,0,0,0,0,0,0,0,0,0,0,0,0,16711916
"un by Baron Revilgaz of the Blackwater Raiders.  Mortal enemies of the Bloodsail Buccaneers and part of the Steamwheedle Cartel.",51,1791,"","","","","",0,0,0,0,0,"","LAYER, Orc","","","","","Zandalar Tribe",0,0,0,0,0,0,0,0,0,0,0,0,0,0,0,16712190,"These trolls have come to Yojamba Isle in an effort to recruit help against the resurrected Blood God and his Atal'ai Priests in Zul'Gurub.",0,0,0,0,0,0,0,0,0,0,0,0,0,0,0,16712190
"z of the Blackwater Raiders.  Mortal enemies of the Bloodsail Buccaneers and part of the Steamwheedle Cartel.",30,1791,"","","","","",0,0,0,0,0,"","YER, Human","","","",""," Blacksmithing - Weaponsmithing",0,0,0,0,0,0,0,0,0,0,0,0,0,0,0,16712190,"",0,0,0,0,0,0,0,0,0,0,0,0,0,0,0,16711916
"Raiders.  Mortal enemies of the Bloodsail Buccaneers and part of the Steamwheedle Cartel.",4294967295,0,"","","","","",0,0,0,0,0,"","","","","","","Scorpid",0,0,0,0,0,0,0,0,0,0,0,0,0,0,0,16712190,"",0,0,0,0,0,0,0,0,0,0,0,0,0,0,0,16711916
"aiders.  Mortal enemies of the Bloodsail Buccaneers and part of the Steamwheedle Cartel.",4294967295,0,"","","","","",0,0,0,0,0,"","","","","","","Beast - Bat",0,0,0,0,0,0,0,0,0,0,0,0,0,0,0,16712190,"",0,0,0,0,0,0,0,0,0,0,0,0,0,0,0,16711916
"iders.  Mortal enemies of the Bloodsail Buccaneers and part of the Steamwheedle Cartel.",4294967295,0,"","","","","",0,0,0,0,0,"","","","","","","Titan",0,0,0,0,0,0,0,0,0,0,0,0,0,0,0,16712190,"",0,0,0,0,0,0,0,0,0,0,0,0,0,0,0,16711916
"mies of the Bloodsail Buccaneers and part of the Steamwheedle Cartel.",4294967295,0,"","","","","",0,0,0,0,0,"","","","","","","Taskmaster Fizzule",0,0,0,0,0,0,0,0,0,0,0,0,0,0,0,16712190,"",0,0,0,0,0,0,0,0,0,0,0,0,0,0,0,16711916
"l Buccaneers and part of the Steamwheedle Cartel.",5,1791,"","","","","",0,0,0,0,0,"","","","","","","Ravenholdt",0,0,0,0,0,0,0,0,0,0,0,0,0,0,0,16712190,"This guild of thieves and assassins welcomes only those of extraordinary prowess into its fold.  Sworn rivals of the Syndicate.",0,0,0,0,0,0,0,0,0,0,0,0,0,0,0,16712190
"t of the Steamwheedle Cartel.",7,1791,"","","","","",0,0,500,0,0,"","","","","","w","Gadgetzan",0,0,0,0,0,0,0,0,0,0,0,0,0,0,0,16712190,"Capital of the Steamwheedle Cartel and home to goblinhood's finest engineers, alchemists and merchants.",0,0,0,0,0,0,0,0,0,0,0,0,0,0,0,16712190
"e Cartel.",4294967295,0,"","","","","",0,0,0,0,0,"","","","","","","Gnomeregan Bug",0,0,0,0,0,0,0,0,0,0,0,0,0,0,0,16712190,"",0,0,0,0,0,0,0,0,0,0,0,0,0,0,0,16711916
"ider",4294967295,0,"","","","","",0,0,0,0,0,"","","","","","","Harpy",0,0,0,0,0,0,0,0,0,0,0,0,0,0,0,16712190,"",0,0,0,0,0,0,0,0,0,0,0,0,0,0,0,16711916
"rgen",4294967295,0,"","","","","",0,0,0,0,0,"","","","","","","Burning Blade",0,0,0,0,0,0,0,0,0,0,0,0,0,0,0,16712190,"",0,0,0,0,0,0,0,0,0,0,0,0,0,0,0,16711916
"loodscalp",4294967295,0,"","","","","",0,0,0,0,0,"","","","","","","Shadowsilk Poacher",0,0,0,0,0,0,0,0,0,0,0,0,0,0,0,16712190,"",0,0,0,0,0,0,0,0,0,0,0,0,0,0,0,16711916
"oodscalp",4294967295,0,"","","","","",0,0,0,0,0,"","","","","","","Searing Spider",0,0,0,0,0,0,0,0,0,0,0,0,0,0,0,16712190,"",0,0,0,0,0,0,0,0,0,0,0,0,0,0,0,16711916
"llsplitter",11,1101,"reen","","","","",0,0,3300,4294925296,0,"","c","","","","","Alliance",0,0,0,0,0,0,0,0,0,0,0,0,0,0,0,16712190,"",0,0,0,0,0,0,0,0,0,0,0,0,0,0,0,16711916
"lsplitter",9,1791,"","","","","",0,0,500,0,0,"","","","","","w","Ratchet",0,0,0,0,0,0,0,0,0,0,0,0,0,0,0,16712190,"Part of the Steamwheedle Cartel, this goblin city provides a neutral haven for those that wish to trade goods and services in the Barrens.",0,0,0,0,0,0,0,0,0,0,0,0,0,0,0,16712190
"splitter",8,1097,"reen","YER, Human","","","",0,0,150,4294925296,500,"","R, Orc"," Orc","YER, Human","","","Wildhammer Clan",0,0,0,0,0,0,0,0,0,0,0,0,0,0,0,16712190,"Though not a part of the Alliance, the dwarves of Aerie Peak have opened their doors to it and hold the Horde as enemies.",0,0,0,0,0,0,0,0,0,0,0,0,0,0,0,16712190
"t - Wolf",4294967295,0,"","","","","",0,0,0,0,0,"","","","","","","Goblin, Dark Iron Bar Patron",0,0,0,0,0,0,0,0,0,0,0,0,0,0,0,16712190,"",0,0,0,0,0,0,0,0,0,0,0,0,0,0,0,16711916
"herhood Traitor",53,1101,"reen","","","","",0,0,0,4294925296,0,"","LAYER, Orc","LAYER, Human","",""," Mosshide","The League of Arathor",0,0,0,0,0,0,0,0,0,0,0,0,0,0,0,16712190,"The League of Arathor seeks to reclaim lost land of Arathi Basin for their benefactors in Stormwind.",0,0,0,0,0,0,0,0,0,0,0,0,0,0,0,16712190
"erhood Traitor",52,690,"lla","","","","",0,0,0,4294925296,0,"","LAYER, Orc","LAYER, Human","","","Mosshide","The Defilers",0,0,0,0,0,0,0,0,0,0,0,0,0,0,0,16712190,"The Defilers seek to claim Arathi Basin's valuable resources for the Horde.",0,0,0,0,0,0,0,0,0,0,0,0,0,0,0,16712190
"rhood Traitor",4294967295,0,"","","","","",0,0,0,0,0,"","","","","","","Giant",0,0,0,0,0,0,0,0,0,0,0,0,0,0,0,16712190,"",0,0,0,0,0,0,0,0,0,0,0,0,0,0,0,16711916
"ndly",13,1791,"","","","","",0,0,200,0,0,"","","","","","","Argent Dawn",0,0,0,0,0,0,0,0,0,0,0,0,0,0,0,16712190,"An organization focused on protecting Azeroth from the threat of the Scourge.  Strongholds of the Argent Dawn can be found in the Eastern and Western Plaguelands.",0,0,0,0,0,0,0,0,0,0,0,0,0,0,0,16712190
"dly",15,34,"lla","endly","onster","","",0,0,3100,4294925296,500,"ilers","AYER, Orc","R, Human","AYER, Orc","AYER, Orc","Undead","Darkspear Trolls",0,0,0,0,0,0,0,0,0,0,0,0,0,0,0,16712190,"This tribe of exiled trolls has joined forces with Thrall and the Horde.  They now call Durotar their home, which they share with their orc allies.",0,0,0,0,0,0,0,0,0,0,0,0,0,0,0,16712190
"ly",4294967295,0,"","","","","",0,0,0,0,0,"","","","","","","Dragonflight, Bronze",0,0,0,0,0,0,0,0,0,0,0,0,0,0,0,16712190,"",0,0,0,0,0,0,0,0,0,0,0,0,0,0,0,16711916
"y",4294967295,0,"","","","","",0,0,0,0,0,"","","","","","","Dragonflight, Blue",0,0,0,0,0,0,0,0,0,0,0,0,0,0,0,16712190,"",0,0,0,0,0,0,0,0,0,0,0,0,0,0,0,16711916
"ostmane",24,1791,"","","","","",0,0,2999,0,0,"","YER, Human","","","",""," Leatherworking - Tribal",0,0,0,0,0,0,0,0,0,0,0,0,0,0,0,16712190,"",0,0,0,0,0,0,0,0,0,0,0,0,0,0,0,16711916
"stmane",26,1791,"","","","","",0,0,2999,0,0,"","YER, Human","","","",""," Engineering - Goblin",0,0,0,0,0,0,0,0,0,0,0,0,0,0,0,16712190,"",0,0,0,0,0,0,0,0,0,0,0,0,0,0,0,16711916
"tmane",25,1791,"","","","","",0,0,2999,0,0,"","YER, Human","","","",""," Engineering - Gnome",0,0,0,0,0,0,0,0,0,0,0,0,0,0,0,16712190,"",0,0,0,0,0,0,0,0,0,0,0,0,0,0,0,16711916
"ck",33,1791,"","","","","",0,0,0,0,0,"","YER, Human","","","",""," Blacksmithing - Hammersmithing",0,0,0,0,0,0,0,0,0,0,0,0,0,0,0,16712190,"",0,0,0,0,0,0,0,0,0,0,0,0,0,0,0,16711916
"k",31,1791,"","","","","",0,0,0,0,0,"","YER, Human","","","",""," Blacksmithing - Axesmithing",0,0,0,0,0,0,0,0,0,0,0,0,0,0,0,16712190,"",0,0,0,0,0,0,0,0,0,0,0,0,0,0,0,16711916
"",32,1791,"","","","","",0,0,0,0,0,"","YER, Human","","","",""," Blacksmithing - Swordsmithing",0,0,0,0,0,0,0,0,0,0,0,0,0,0,0,16712190,"",0,0,0,0,0,0,0,0,0,0,0,0,0,0,0,16711916
"Villian",4294967295,0,"","","","","",0,0,0,0,0,"","","","","","","Troll, Vilebranch",0,0,0,0,0,0,0,0,0,0,0,0,0,0,0,16712190,"",0,0,0,0,0,0,0,0,0,0,0,0,0,0,0,16711916
"illian",4294967295,0,"","","","","",0,0,0,0,0,"","","","","","","Southsea Freebooters",0,0,0,0,0,0,0,0,0,0,0,0,0,0,0,16712190,"",0,0,0,0,0,0,0,0,0,0,0,0,0,0,0,16711916
"llian",34,1791,"","","","","",0,0,0,0,0,"","YER, Human","","","","","Caer Darrow",0,0,0,0,0,0,0,0,0,0,0,0,0,0,0,16712190,"",0,0,0,0,0,0,0,0,0,0,0,0,0,0,0,16711916
"lian",4294967295,0,"","","","","",0,0,0,0,0,"","","","","","","Furbolg, Uncorrupted",0,0,0,0,0,0,0,0,0,0,0,0,0,0,0,16712190,"",0,0,0,0,0,0,0,0,0,0,0,0,0,0,0,16711916
"ian",35,1791,"","","","","",0,0,4294963796,0,0,"","LAYER, Human","","","","","Timbermaw Hold",0,0,0,0,0,0,0,0,0,0,0,0,0,0,0,16712190,"As the last uncorrupted furbolg tribe, the Timbermaw seek to preserve their spiritual ways and end the suffering of their brethren.",0,0,0,0,0,0,0,0,0,0,0,0,0,0,0,16712190
"an",28,1791,"","","","","",0,0,500,0,0,"","","","","","w","Everlook",0,0,0,0,0,0,0,0,0,0,0,0,0,0,0,16712190,"This trading post is run by the goblins of the Steamwheedle Cartel and it sits in the crossroads of Winterspring's main trade routes.",0,0,0,0,0,0,0,0,0,0,0,0,0,0,0,16712190
"ast - Bear",27,690,"lla","","","","",0,0,4294925296,0,0,"","R, Human","","","","","Wintersaber Trainers",0,0,0,0,0,0,0,0,0,0,0,0,0,0,0,16712190,"This small group of reclusive night elves raises and trains wintersabers in the Winterspring area.",0,0,0,0,0,0,0,0,0,0,0,0,0,0,0,16712190
"en's Mercenaries",36,1791,"","","","","eague with the Alliance.",0,0,0,2000,0,"","","","","","","Cenarion Circle",0,0,0,0,0,0,0,0,0,0,0,0,0,0,0,16712190,"The druids of Cenarion Circle are guardians of nature and make their home in tranquil Moonglade.",0,0,0,0,0,0,0,0,0,0,0,0,0,0,0,16712190
"ortee",4294967295,0,"","","","","",0,0,0,0,0,"","","","","","","Shatterspear Trolls",0,0,0,0,0,0,0,0,0,0,0,0,0,0,0,16712190,"",0,0,0,0,0,0,0,0,0,0,0,0,0,0,0,16711916
"rtee",4294967295,0,"","","","","",0,0,0,0,0,"","","","","","","Ravasaur Trainers",0,0,0,0,0,0,0,0,0,0,0,0,0,0,0,16712190,"",0,0,0,0,0,0,0,0,0,0,0,0,0,0,0,16711916
"y",4294967295,0,"","","","","",0,0,0,0,0,"","","","","","","Majordomo Executus",0,0,0,0,0,0,0,0,0,0,0,0,0,0,0,16712190,"",0,0,0,0,0,0,0,0,0,0,0,0,0,0,0,16711916
"ilisk",4294967295,0,"","","","","",0,0,0,0,0,"","","","","","","Beast - Carrion Bird",0,0,0,0,0,0,0,0,0,0,0,0,0,0,0,16712190,"",0,0,0,0,0,0,0,0,0,0,0,0,0,0,0,16711916
"lisk",4294967295,0,"","","","","",0,0,0,0,0,"","","","","","","Beast - Cat",0,0,0,0,0,0,0,0,0,0,0,0,0,0,0,16712190,"",0,0,0,0,0,0,0,0,0,0,0,0,0,0,0,16711916
"isk",4294967295,0,"","","","","",0,0,0,0,0,"","","","","","","Beast - Crab",0,0,0,0,0,0,0,0,0,0,0,0,0,0,0,16712190,"",0,0,0,0,0,0,0,0,0,0,0,0,0,0,0,16711916
"sk",4294967295,0,"","","","","",0,0,0,0,0,"","","","","","","Beast - Crocilisk",0,0,0,0,0,0,0,0,0,0,0,0,0,0,0,16712190,"",0,0,0,0,0,0,0,0,0,0,0,0,0,0,0,16711916
"k",4294967295,0,"","","","","",0,0,0,0,0,"","","","","","","Beast - Hyena",0,0,0,0,0,0,0,0,0,0,0,0,0,0,0,16712190,"",0,0,0,0,0,0,0,0,0,0,0,0,0,0,0,16711916
"",4294967295,0,"","","","","",0,0,0,0,0,"","","","","","","Beast - Owl",0,0,0,0,0,0,0,0,0,0,0,0,0,0,0,16712190,"",0,0,0,0,0,0,0,0,0,0,0,0,0,0,0,16711916
"Dragonflight, Green",4294967295,0,"","","","","",0,0,0,0,0,"","","","","","","Beast - Scorpid",0,0,0,0,0,0,0,0,0,0,0,0,0,0,0,16712190,"",0,0,0,0,0,0,0,0,0,0,0,0,0,0,0,16711916
"ragonflight, Green",4294967295,0,"","","","","",0,0,0,0,0,"","","","","","","Beast - Tallstrider",0,0,0,0,0,0,0,0,0,0,0,0,0,0,0,16712190,"",0,0,0,0,0,0,0,0,0,0,0,0,0,0,0,16711916
"agonflight, Green",4294967295,0,"","","","","",0,0,0,0,0,"","","","","","","Beast - Turtle",0,0,0,0,0,0,0,0,0,0,0,0,0,0,0,16712190,"",0,0,0,0,0,0,0,0,0,0,0,0,0,0,0,16711916
"gonflight, Green",4294967295,0,"","","","","",0,0,0,0,0,"","","","","","","Beast - Wind Serpent",0,0,0,0,0,0,0,0,0,0,0,0,0,0,0,16712190,"",0,0,0,0,0,0,0,0,0,0,0,0,0,0,0,16711916
"onflight, Green",4294967295,0,"","","","","",0,0,0,0,0,"","","","","","","Training Dummy",0,0,0,0,0,0,0,0,0,0,0,0,0,0,0,16712190,"",0,0,0,0,0,0,0,0,0,0,0,0,0,0,0,16711916
"Green",4294967295,0,"","","","","",0,0,0,0,0,"","","","","","","Dragonflight, Black - Bait",0,0,0,0,0,0,0,0,0,0,0,0,0,0,0,16712190,"",0,0,0,0,0,0,0,0,0,0,0,0,0,0,0,16711916
"cksmithing - Armorsmithing",4294967295,0,"","","","","",0,0,0,0,0,"","","","","","","Battleground Neutral",0,0,0,0,0,0,0,0,0,0,0,0,0,0,0,16712190,"",0,0,0,0,0,0,0,0,0,0,0,0,0,0,0,16711916
"ithing",41,690,"lla","","","","",0,0,0,4294925296,0,"","LAYER, Orc","LAYER, Human","","","Mosshide","Frostwolf Clan",0,0,0,0,0,0,0,0,0,0,0,0,0,0,0,16712190,"The Frostwolf Clan seeks to drive out the dwarves of the Stormpike Expedition from Alterac Valley.",0,0,0,0,0,0,0,0,0,0,0,0,0,0,0,16712190
"thing",40,1101,"reen","","","","",0,0,0,4294925296,0,"","LAYER, Orc","LAYER, Human","",""," Mosshide","Stormpike Guard",0,0,0,0,0,0,0,0,0,0,0,0,0,0,0,16712190,"The Stormpike Dwarves have set up residence in Alterac Valley, where they're locked in battle with the Frostwolf Orcs.",0,0,0,0,0,0,0,0,0,0,0,0,0,0,0,16712190
"s Alliance capital is the pride of the Dun Morogh dwarves.  Home to King Magni.",42,1791,"","","","","",0,0,0,0,0,"","","","","","","Hydraxian Waterlords",0,0,0,0,0,0,0,0,0,0,0,0,0,0,0,16712190,"These elementals have made their home on the islands east of Azshara.  Sworn enemies of the armies of Ragnaros.",0,0,0,0,0,0,0,0,0,0,0,0,0,0,0,16712190
" Alliance capital is the pride of the Dun Morogh dwarves.  Home to King Magni.",4294967295,0,"","","","","",0,0,0,0,0,"","","","","","","Sulfuron Firelords",0,0,0,0,0,0,0,0,0,0,0,0,0,0,0,16712190,"",0,0,0,0,0,0,0,0,0,0,0,0,0,0,0,16711916
"s the pride of the Dun Morogh dwarves.  Home to King Magni.",4294967295,0,"","","","","",0,0,0,0,0,"","","","","","","Gizlock's Dummy",0,0,0,0,0,0,0,0,0,0,0,0,0,0,0,16712190,"",0,0,0,0,0,0,0,0,0,0,0,0,0,0,0,16711916
" the pride of the Dun Morogh dwarves.  Home to King Magni.",4294967295,0,"","","","","",0,0,0,0,0,"","","","","","","Gizlock's Charm",0,0,0,0,0,0,0,0,0,0,0,0,0,0,0,16712190,"",0,0,0,0,0,0,0,0,0,0,0,0,0,0,0,16711916
"the pride of the Dun Morogh dwarves.  Home to King Magni.",4294967295,0,"","","","","",0,0,0,0,0,"","","","","","","Gizlock",0,0,0,0,0,0,0,0,0,0,0,0,0,0,0,16712190,"",0,0,0,0,0,0,0,0,0,0,0,0,0,0,0,16711916
"un Morogh dwarves.  Home to King Magni.",4294967295,0,"","","","","",0,0,0,0,0,"","","","","","","Moro'gai",0,0,0,0,0,0,0,0,0,0,0,0,0,0,0,16712190,"",0,0,0,0,0,0,0,0,0,0,0,0,0,0,0,16711916
"n Morogh dwarves.  Home to King Magni.",4294967295,0,"","","","","",0,0,0,0,0,"","","","","","","Spirit Guide - Alliance",0,0,0,0,0,0,0,0,0,0,0,0,0,0,0,16712190,"",0,0,0,0,0,0,0,0,0,0,0,0,0,0,0,16711916
"Home to King Magni.",44,1791,"","","","","",0,0,0,0,0,"","LAYER, Orc","","","","","Shen'dralar",0,0,0,0,0,0,0,0,0,0,0,0,0,0,0,16712190,"A remnant of the once powerful elves living in Dire Maul, yet still wise and knowledgeable about great secrets. ",0,0,0,0,0,0,0,0,0,0,0,0,0,0,0,16712190
"Dark Iron Dwarves",4294967295,0,"","","","","",0,0,0,0,0,"","","","","","","Ogre (Captain Kromcrush)",0,0,0,0,0,0,0,0,0,0,0,0,0,0,0,16712190,"",0,0,0,0,0,0,0,0,0,0,0,0,0,0,0,16711916
"man, Night Watch",4294967295,0,"","","","","",0,0,0,0,0,"","","","","","","Spirit Guide - Horde",0,0,0,0,0,0,0,0,0,0,0,0,0,0,0,16712190,"",0,0,0,0,0,0,0,0,0,0,0,0,0,0,0,16711916
"gonflight, Red",4294967295,0,"","","","","",0,0,0,0,0,"","","","","","","Jaedenar",0,0,0,0,0,0,0,0,0,0,0,0,0,0,0,16712190,"",0,0,0,0,0,0,0,0,0,0,0,0,0,0,0,16711916
" - Mosshide",46,690,"lla","","","","",0,0,0,4294925296,0,"","LAYER, Orc","R, Human","","","Mosshide","Warsong Outriders",0,0,0,0,0,0,0,0,0,0,0,0,0,0,0,16712190,"Fierce orcs of the Warsong Clan, locked in battle against the Silverwing Sentinels in Warsong Gulch.",0,0,0,0,0,0,0,0,0,0,0,0,0,0,0,16712190
"- Mosshide",45,1101,"reen","","","","",0,0,0,4294925296,0,"","LAYER, Orc","R, Human","",""," Mosshide","Silverwing Sentinels",0,0,0,0,0,0,0,0,0,0,0,0,0,0,0,16712190,"Staunch defenders of Ashenvale, locked in battle against the Warsong Outriders in Warsong Gulch.",0,0,0,0,0,0,0,0,0,0,0,0,0,0,0,16712190
" Mosshide",47,1101," Redridge","","","","",0,0,0,4294925296,0,"","rc","","","","","Alliance Forces",0,0,0,0,0,0,0,0,0,0,0,0,0,0,0,16712190,"",0,0,0,0,0,0,0,0,0,0,0,0,0,0,0,16711916
"Mosshide",48,690,"YER, Tauren ","","","","",0,0,0,4294925296,0,"","rc","","","","","Horde Forces",0,0,0,0,0,0,0,0,0,0,0,0,0,0,0,16712190,"",0,0,0,0,0,0,0,0,0,0,0,0,0,0,0,16711916
"osshide",4294967295,0,"","","","","",0,0,0,0,0,"","","","","","","Revantusk Trolls",0,0,0,0,0,0,0,0,0,0,0,0,0,0,0,16712190,"",0,0,0,0,0,0,0,0,0,0,0,0,0,0,0,16711916
"gonmaw",50,1791,"","","","","",0,0,0,0,0,"","LAYER, Orc","","","","","Darkmoon Faire",0,0,0,0,0,0,0,0,0,0,0,0,0,0,0,16712190,"A traveling fair that showcases the weird and the extraordinary.  Often spotted in Elwynn Forest and Mulgore.",0,0,0,0,0,0,0,0,0,0,0,0,0,0,0,16712190
"onmaw",54,1791,"","","","","",0,0,4294925296,0,0,"","","","","","","Brood of Nozdormu",0,0,0,0,0,0,0,0,0,0,0,0,0,0,0,16712190,"The descendants of the Bronze Dragonflight are the guardians of time and care little for the mortal races.",0,0,0,0,0,0,0,0,0,0,0,0,0,0,0,16712190
"nmaw",55,162,"lla","hood Traitor","LAYER, Orc","","",0,0,400,4294925296,4000,"Blood God and his Atal'ai Priests in Zul'Gurub.","AYER, Orc","R, Human","AYER, Orc","AYER, Orc","Undead","Silvermoon City",0,0,0,0,0,0,0,0,0,0,0,0,0,0,0,16712190,"The capital of Quel'Thalas, home of the blood elves.  Though nearly destroyed by Arthas' attack on the Sunwell, Silvermoon is once again a thriving city.",0,0,0,0,0,0,0,0,0,0,0,0,0,0,0,16712190
"maw",4294967295,0,"","","","","",0,0,0,0,0,"","","","","","","Might of Kalimdor",0,0,0,0,0,0,0,0,0,0,0,0,0,0,0,16712190,"",0,0,0,0,0,0,0,0,0,0,0,0,0,0,0,16711932
"w",4294967295,0,"","","","","",0,0,0,0,0,"","","","","","","PLAYER, Blood Elf",0,0,0,0,0,0,0,0,0,0,0,0,0,0,0,16712190,"",0,0,0,0,0,0,0,0,0,0,0,0,0,0,0,16711884
"",4294967295,0,"","","","","",0,0,0,0,0,"","","","","","","Armies of C'Thun",0,0,0,0,0,0,0,0,0,0,0,0,0,0,0,16712190,"",0,0,0,0,0,0,0,0,0,0,0,0,0,0,0,16711916
"Gnome - Leper",4294967295,0,"","","","","",0,0,0,0,0,"","","","","","","Silithid Attackers",0,0,0,0,0,0,0,0,0,0,0,0,0,0,0,16712190,"",0,0,0,0,0,0,0,0,0,0,0,0,0,0,0,16711916
"nome - Leper",4294967295,0,"","","","","",0,0,0,0,0,"","","","","","","The Ironforge Brigade",0,0,0,0,0,0,0,0,0,0,0,0,0,0,0,16712190,"",0,0,0,0,0,0,0,0,0,0,0,0,0,0,0,16711916
"ome - Leper",4294967295,0,"","","","","",0,0,0,0,0,"","","","","","","RC Enemies",0,0,0,0,0,0,0,0,0,0,0,0,0,0,0,16712190,"",0,0,0,0,0,0,0,0,0,0,0,0,0,0,0,16711884
"me - Leper",4294967295,0,"","","","","",0,0,0,0,0,"","","","","","","RC Objects",0,0,0,0,0,0,0,0,0,0,0,0,0,0,0,16712190,"",0,0,0,0,0,0,0,0,0,0,0,0,0,0,0,16711884
"e - Leper",4294967295,0,"","","","","",0,0,0,0,0,"","","","","","","Red",0,0,0,0,0,0,0,0,0,0,0,0,0,0,0,16712190,"",0,0,0,0,0,0,0,0,0,0,0,0,0,0,0,16711884
" - Leper",4294967295,0,"","","","","",0,0,0,0,0,"","","","","","","Blue",0,0,0,0,0,0,0,0,0,0,0,0,0,0,0,16712190,"",0,0,0,0,0,0,0,0,0,0,0,0,0,0,0,16711884
"- Leper",56,690,"lla","","","","",0,0,0,4294925296,0,"","LAYER, Orc","R, Human","","","","Tranquillien",0,0,0,0,0,0,0,0,0,0,0,0,0,0,0,16712190,"Once a high elf town, Tranquillien became abandoned after the Scourge invaded Quel'Thalas.  It has now been reclaimed by the Forsaken and the blood elves who seek to rid the Ghostlands of the Scourge.",0,0,0,0,0,0,0,0,0,0,0,0,0,0,0,16712190
" Leper",4294967295,0,"","","","","",0,0,0,0,0,"","","","","","","Farstriders",0,0,0,0,0,0,0,0,0,0,0,0,0,0,0,16712190,"",0,0,0,0,0,0,0,0,0,0,0,0,0,0,0,16711884
"Leper",4294967295,0,"","","","","",0,0,0,0,0,"","","","","","","DEPRECATED",0,0,0,0,0,0,0,0,0,0,0,0,0,0,0,16712190,"",0,0,0,0,0,0,0,0,0,0,0,0,0,0,0,16711884
"eper",4294967295,0,"","","","","",0,0,0,0,0,"","","","","","","Sunstriders",0,0,0,0,0,0,0,0,0,0,0,0,0,0,0,16712190,"",0,0,0,0,0,0,0,0,0,0,0,0,0,0,0,16711884
"per",4294967295,0,"","","","","",0,0,0,0,0,"","","","","","","Magister's Guild",0,0,0,0,0,0,0,0,0,0,0,0,0,0,0,16712190,"",0,0,0,0,0,0,0,0,0,0,0,0,0,0,0,16711884
"er",4294967295,0,"","","","","",0,0,0,0,0,"","","","","","","PLAYER, Draenei",0,0,0,0,0,0,0,0,0,0,0,0,0,0,0,16712190,"",0,0,0,0,0,0,0,0,0,0,0,0,0,0,0,16711884
"r",4294967295,0,"","","","","",0,0,0,0,0,"","","","","","","Scourge Invaders",0,0,0,0,0,0,0,0,0,0,0,0,0,0,0,16712190,"",0,0,0,0,0,0,0,0,0,0,0,0,0,0,0,16711884
"",4294967295,0,"","","","","",0,0,0,0,0,"","","","","","llsplitter","Bloodmaul Clan",0,0,0,0,0,0,0,0,0,0,0,0,0,0,0,16712190,"",0,0,0,0,0,0,0,0,0,0,0,0,0,0,0,16711884
"Gnomeregan Exiles",49,77,"s","eague with the Alliance.","","","",0,0,3000,4294925296,4000,"","AYER, Orc","R, Human","AYER, Orc","","llsplitter","Exodar",0,0,0,0,0,0,0,0,0,0,0,0,0,0,0,16712190,"The naaru vessel that brought the draenei to Azeroth.  Though stranded in the Azuremyst Isles, it acts as a home city for this noble race.",0,0,0,0,0,0,0,0,0,0,0,0,0,0,0,16712190
"nomeregan Exiles",4294967295,0,"","","","","",0,0,0,0,0,"","","","","","","Test Faction (not a real faction)",0,0,0,0,0,0,0,0,0,0,0,0,0,0,0,16712190,"This faction only exists to test the editing of faction names and descriptions...",0,0,0,0,0,0,0,0,0,0,0,0,0,0,0,16712190
"omeregan Exiles",58,255,"eague with the Alliance.","hood Traitor","","","",0,0,0,3500,4294963796,"",", Tauren ",", Tauren ",", Tauren ","","egan Exiles","The Aldor",0,0,0,0,0,0,0,0,0,0,0,0,0,0,0,16712190,"An ancient order of draenei priests once run by Velen, the Aldor are currently led by High Priestess Ishanah.  They are servants of the naaru in Shattrath City known as the Sha'tar.  Rivals of the Scryers.",0,0,0,0,0,0,0,0,0,0,0,0,0,0,0,16712190
"meregan Exiles",60,2047,"","","","","",0,0,0,0,0,"","LAYER, Orc","","","","n, now living in exile in Ironforge and in league with the Alliance.","The Consortium",0,0,0,0,0,0,0,0,0,0,0,0,0,0,0,16712190,"Led by Nexus-Prince Haramad, the Consortium is a loosely affiliated cartel of ethereal smugglers, traders and thieves that has come to Outland to benefit from its riches.",0,0,0,0,0,0,0,0,0,0,0,0,0,0,0,16712190
"eregan Exiles",62,255,"eague with the Alliance.","hood Traitor","","","",0,0,0,4294963796,3500,"",", Tauren ",", Tauren ",", Tauren ","","egan Exiles","The Scryers",0,0,0,0,0,0,0,0,0,0,0,0,0,0,0,16712190,"Voren'thal the Seer leads the dissident blood elves who've rejected Kael'thas' path to power.  They've joined forces with the naaru of Shattrath City, much to the dismay of the Aldor.",0,0,0,0,0,0,0,0,0,0,0,0,0,0,0,16712190
"regan Exiles",39,1791,"","","","","",0,0,0,0,0,"","LAYER, Orc","","","","egan Exiles","The Sha'tar",0,0,0,0,0,0,0,0,0,0,0,0,0,0,0,16712190,"The Sha'tar are a group of powerful naaru who rule over a rebuilt Shattrath City.  With the help of the Aldor and the Scryers, they lead the battle against Illidan and the Burning Legion.",0,0,0,0,0,0,0,0,0,0,0,0,0,0,0,16712190
"egan Exiles",59,2047,"","","","","",0,0,0,0,0,"","LAYER, Dwarf","","","","","Shattrath City",0,0,0,0,0,0,0,0,0,0,0,0,0,0,0,16712190,"",0,0,0,0,0,0,0,0,0,0,0,0,0,0,0,16711884
"gan Exiles",4294967295,0,"","","","","",0,0,0,0,0,"","","","","","","Troll, Forest",0,0,0,0,0,0,0,0,0,0,0,0,0,0,0,16712190,"",0,0,0,0,0,0,0,0,0,0,0,0,0,0,0,16711884
"an Exiles",4294967295,0,"","","","","",0,0,0,0,0,"","","","","","","The Omenai",0,0,0,0,0,0,0,0,0,0,0,0,0,0,0,16712190,"",0,0,0,0,0,0,0,0,0,0,0,0,0,0,0,16711884
"n Exiles",4294967295,0,"","","","","",0,0,0,0,0,"","","","","","","DEPRECATED",0,0,0,0,0,0,0,0,0,0,0,0,0,0,0,16712190,"",0,0,0,0,0,0,0,0,0,0,0,0,0,0,0,16711884
" Exiles",4294967295,0,"","","","","",0,0,0,0,0,"","","","","","","The Sons of Lothar",0,0,0,0,0,0,0,0,0,0,0,0,0,0,0,16712190,"",0,0,0,0,0,0,0,0,0,0,0,0,0,0,0,16711884
"Exiles",61,690,"lla","","","","",0,0,4294966796,4294925296,0,"","LAYER, Orc","R, Human","","","n, now living in exile in Ironforge and in league with the Alliance.","The Mag'har",0,0,0,0,0,0,0,0,0,0,0,0,0,0,0,16712190,"This reclusive group of brown-skinned orcs has escaped any form of demonic corruption.  They have retained their traditional way of life in the face of great changes in Outland.",0,0,0,0,0,0,0,0,0,0,0,0,0,0,0,16712190
"xiles",64,2047,"","","","","",0,0,0,0,0,"","LAYER, Orc","","","","n, now living in exile in Ironforge and in league with the Alliance.","Cenarion Expedition",0,0,0,0,0,0,0,0,0,0,0,0,0,0,0,16712190,"An exploratory force sent to Outland by the Cenarion Circle to study surviving life forms.  The Cenarion Expedition has quickly gained in size and autonomy since the opening of the Dark Portal.",0,0,0,0,0,0,0,0,0,0,0,0,0,0,0,16712190
"iles",4294967295,0,"","","","","",0,0,0,0,0,"","","","","","","Fel Orc",0,0,0,0,0,0,0,0,0,0,0,0,0,0,0,16712190,"",0,0,0,0,0,0,0,0,0,0,0,0,0,0,0,16711884
"les",4294967295,0,"","","","","",0,0,0,0,0,"","","","","","","Fel Orc Ghost",0,0,0,0,0,0,0,0,0,0,0,0,0,0,0,16712190,"",0,0,0,0,0,0,0,0,0,0,0,0,0,0,0,16711884
"es",4294967295,0,"","","","","",0,0,0,0,0,"","","","","","","Sons of Lothar Ghosts",0,0,0,0,0,0,0,0,0,0,0,0,0,0,0,16712190,"",0,0,0,0,0,0,0,0,0,0,0,0,0,0,0,16711884
"s",38,1101,"reen","","","","",0,0,0,4294925296,0,"","LAYER, Orc","","","","n, now living in exile in Ironforge and in league with the Alliance.","Honor Hold",0,0,0,0,0,0,0,0,0,0,0,0,0,0,0,16712190,"Vestiges of the Sons of Lothar, veterans of the Alliance that first came into Draenor, have steadfastly held on to this Hellfire outpost.  They are now joined by the armies from Stormwind and Ironforge.",0,0,0,0,0,0,0,0,0,0,0,0,0,0,0,16712190
"",37,690,"lla","","","","",0,0,0,4294925296,0,"","LAYER, Orc","","","","n, now living in exile in Ironforge and in league with the Alliance.","Thrallmar",0,0,0,0,0,0,0,0,0,0,0,0,0,0,0,16712190,"The expedition sent through the Dark Portal by Thrall has built a stronghold in Hellfire Peninsula.  Thrallmar serves as a base of operations for much of the Horde's activities in Outland.",0,0,0,0,0,0,0,0,0,0,0,0,0,0,0,16712190
"The former denizens of Gnomeregan, now living in exile in Ironforge and in league with the Alliance.",4294967295,0,"","","","","",0,0,0,0,0,"","","","","","","Test Faction 2",0,0,0,0,0,0,0,0,0,0,0,0,0,0,0,16712190,"",0,0,0,0,0,0,0,0,0,0,0,0,0,0,0,16711884
"he former denizens of Gnomeregan, now living in exile in Ironforge and in league with the Alliance.",4294967295,0,"","","","","",0,0,0,0,0,"","","","","","","Test Faction 1",0,0,0,0,0,0,0,0,0,0,0,0,0,0,0,16712190,"",0,0,0,0,0,0,0,0,0,0,0,0,0,0,0,16711884
"e former denizens of Gnomeregan, now living in exile in Ironforge and in league with the Alliance.",4294967295,0,"","","","","",0,0,0,0,0,"","","","","","","ToWoW - Flag",0,0,0,0,0,0,0,0,0,0,0,0,0,0,0,16712190,"",0,0,0,0,0,0,0,0,0,0,0,0,0,0,0,16711884
" former denizens of Gnomeregan, now living in exile in Ironforge and in league with the Alliance.",4294967295,0,"","","","","",0,0,0,0,0,"","","","","","","ToWoW - Flag Trigger Alliance (DND)",0,0,0,0,0,0,0,0,0,0,0,0,0,0,0,16712190,"",0,0,0,0,0,0,0,0,0,0,0,0,0,0,0,16711884
"former denizens of Gnomeregan, now living in exile in Ironforge and in league with the Alliance.",4294967295,0,"","","","","",0,0,0,0,0,"","","","","","","Test Faction 3",0,0,0,0,0,0,0,0,0,0,0,0,0,0,0,16712190,"",0,0,0,0,0,0,0,0,0,0,0,0,0,0,0,16711884
"ormer denizens of Gnomeregan, now living in exile in Ironforge and in league with the Alliance.",4294967295,0,"","","","","",0,0,0,0,0,"","","","","","","Test Faction 4",0,0,0,0,0,0,0,0,0,0,0,0,0,0,0,16712190,"",0,0,0,0,0,0,0,0,0,0,0,0,0,0,0,16711884
"rmer denizens of Gnomeregan, now living in exile in Ironforge and in league with the Alliance.",4294967295,0,"","","","","",0,0,0,0,0,"","","","","","","ToWoW - Flag Trigger Horde (DND)",0,0,0,0,0,0,0,0,0,0,0,0,0,0,0,16712190,"",0,0,0,0,0,0,0,0,0,0,0,0,0,0,0,16711884
"mer denizens of Gnomeregan, now living in exile in Ironforge and in league with the Alliance.",4294967295,0,"","","","","",0,0,0,0,0,"","","","","","","Broken",0,0,0,0,0,0,0,0,0,0,0,0,0,0,0,16712190,"",0,0,0,0,0,0,0,0,0,0,0,0,0,0,0,16711884
"er denizens of Gnomeregan, now living in exile in Ironforge and in league with the Alliance.",4294967295,0,"","","","","",0,0,0,0,0,"","","","","","","Ethereum",0,0,0,0,0,0,0,0,0,0,0,0,0,0,0,16712190,"",0,0,0,0,0,0,0,0,0,0,0,0,0,0,0,16711884
"r denizens of Gnomeregan, now living in exile in Ironforge and in league with the Alliance.",4294967295,0,"","","","","",0,0,0,0,0,"","","","","","","Earth Elemental",0,0,0,0,0,0,0,0,0,0,0,0,0,0,0,16712190,"",0,0,0,0,0,0,0,0,0,0,0,0,0,0,0,16711884
" denizens of Gnomeregan, now living in exile in Ironforge and in league with the Alliance.",4294967295,0,"","","","","",0,0,0,0,0,"","","","","","","Fighting Robots",0,0,0,0,0,0,0,0,0,0,0,0,0,0,0,16712190,"",0,0,0,0,0,0,0,0,0,0,0,0,0,0,0,16711884
"denizens of Gnomeregan, now living in exile in Ironforge and in league with the Alliance.",4294967295,0,"","","","","",0,0,0,0,0,"","","","","","","Actor Good",0,0,0,0,0,0,0,0,0,0,0,0,0,0,0,16712190,"",0,0,0,0,0,0,0,0,0,0,0,0,0,0,0,16711884
"enizens of Gnomeregan, now living in exile in Ironforge and in league with the Alliance.",4294967295,0,"","","","","",0,0,0,0,0,"","","","","","","Actor Evil",0,0,0,0,0,0,0,0,0,0,0,0,0,0,0,16712190,"",0,0,0,0,0,0,0,0,0,0,0,0,0,0,0,16711884
"nizens of Gnomeregan, now living in exile in Ironforge and in league with the Alliance.",4294967295,0,"","","","","",0,0,0,0,0,"","","","","","","Stillpine Furbolg",0,0,0,0,0,0,0,0,0,0,0,0,0,0,0,16712190,"",0,0,0,0,0,0,0,0,0,0,0,0,0,0,0,16711884
"izens of Gnomeregan, now living in exile in Ironforge and in league with the Alliance.",4294967295,0,"","","","","",0,0,0,0,0,"","","","","","","Crazed Owlkin",0,0,0,0,0,0,0,0,0,0,0,0,0,0,0,16712190,"",0,0,0,0,0,0,0,0,0,0,0,0,0,0,0,16711884
"zens of Gnomeregan, now living in exile in Ironforge and in league with the Alliance.",4294967295,0,"","","","","",0,0,0,0,0,"","","","","","","Chess Alliance",0,0,0,0,0,0,0,0,0,0,0,0,0,0,0,16712190,"",0,0,0,0,0,0,0,0,0,0,0,0,0,0,0,16711884
"ens of Gnomeregan, now living in exile in Ironforge and in league with the Alliance.",4294967295,0,"","","","","",0,0,0,0,0,"","","","","","","Chess Horde",0,0,0,0,0,0,0,0,0,0,0,0,0,0,0,16712190,"",0,0,0,0,0,0,0,0,0,0,0,0,0,0,0,16711884
"ns of Gnomeregan, now living in exile in Ironforge and in league with the Alliance.",4294967295,0,"","","","","",0,0,0,0,0,"","","","","","","Monster Spar",0,0,0,0,0,0,0,0,0,0,0,0,0,0,0,16712190,"",0,0,0,0,0,0,0,0,0,0,0,0,0,0,0,16711884
"s of Gnomeregan, now living in exile in Ironforge and in league with the Alliance.",4294967295,0,"","","","","",0,0,0,0,0,"","","","","","","Monster Spar Buddy",0,0,0,0,0,0,0,0,0,0,0,0,0,0,0,16712190,"",0,0,0,0,0,0,0,0,0,0,0,0,0,0,0,16711884
" of Gnomeregan, now living in exile in Ironforge and in league with the Alliance.",63,4095,"","","","","",0,0,0,0,0,"","LAYER, Orc","","","","","The Violet Eye",0,0,0,0,0,0,0,0,0,0,0,0,0,0,0,16712190,"A secret sect of the Kirin Tor founded to spy on Medivh and his activities.",0,0,0,0,0,0,0,0,0,0,0,0,0,0,0,16712190
"of Gnomeregan, now living in exile in Ironforge and in league with the Alliance.",4294967295,0,"","","","","",0,0,0,0,0,"","","","","","","Sunhawks",0,0,0,0,0,0,0,0,0,0,0,0,0,0,0,16712190,"",0,0,0,0,0,0,0,0,0,0,0,0,0,0,0,16711884
"f Gnomeregan, now living in exile in Ironforge and in league with the Alliance.",4294967295,0,"","","","","",0,0,0,0,0,"","","","","","","Hand of Argus",0,0,0,0,0,0,0,0,0,0,0,0,0,0,0,16712190,"",0,0,0,0,0,0,0,0,0,0,0,0,0,0,0,16711884
" Gnomeregan, now living in exile in Ironforge and in league with the Alliance.",65,2047,"","","","","",0,0,4294964796,0,0,"","","","","","n, now living in exile in Ironforge and in league with the Alliance.","Sporeggar",0,0,0,0,0,0,0,0,0,0,0,0,0,0,0,16712190,"The sporelings are a mostly peaceful race of mushroom-men native to Outland. Their home is located in the southern bogs of Zangarmarsh. ",0,0,0,0,0,0,0,0,0,0,0,0,0,0,0,16712190
"Gnomeregan, now living in exile in Ironforge and in league with the Alliance.",4294967295,0,"","","","","",0,0,0,0,0,"","","","","","","Fungal Giant",0,0,0,0,0,0,0,0,0,0,0,0,0,0,0,16712190,"",0,0,0,0,0,0,0,0,0,0,0,0,0,0,0,16711884
"nomeregan, now living in exile in Ironforge and in league with the Alliance.",4294967295,0,"","","","","",0,0,0,0,0,"","","","","","","Spore Bat",0,0,0,0,0,0,0,0,0,0,0,0,0,0,0,16712190,"",0,0,0,0,0,0,0,0,0,0,0,0,0,0,0,16711884
"omeregan, now living in exile in Ironforge and in league with the Alliance.",4294967295,0,"","","","","",0,0,0,0,0,"","","","","","","Monster, Predator",0,0,0,0,0,0,0,0,0,0,0,0,0,0,0,16712190,"",0,0,0,0,0,0,0,0,0,0,0,0,0,0,0,16711884
"meregan, now living in exile in Ironforge and in league with the Alliance.",4294967295,0,"","","","","",0,0,0,0,0,"","","","","","","Monster, Prey",0,0,0,0,0,0,0,0,0,0,0,0,0,0,0,16712190,"",0,0,0,0,0,0,0,0,0,0,0,0,0,0,0,16711884
"eregan, now living in exile in Ironforge and in league with the Alliance.",4294967295,0,"","","","","",0,0,0,0,0,"","","","","","","Void Anomaly",0,0,0,0,0,0,0,0,0,0,0,0,0,0,0,16712190,"",0,0,0,0,0,0,0,0,0,0,0,0,0,0,0,16711884
"regan, now living in exile in Ironforge and in league with the Alliance.",4294967295,0,"","","","","",0,0,0,0,0,"","","","","","","Hyjal Defenders",0,0,0,0,0,0,0,0,0,0,0,0,0,0,0,16712190,"",0,0,0,0,0,0,0,0,0,0,0,0,0,0,0,16711884
"egan, now living in exile in Ironforge and in league with the Alliance.",4294967295,0,"","","","","",0,0,0,0,0,"","","","","","","Hyjal Invaders",0,0,0,0,0,0,0,0,0,0,0,0,0,0,0,16712190,"",0,0,0,0,0,0,0,0,0,0,0,0,0,0,0,16711884
"gan, now living in exile in Ironforge and in league with the Alliance.",66,1101,"reen","","","","",0,0,4294966096,4294925296,0,"","LAYER, Orc","","","","n, now living in exile in Ironforge and in league with the Alliance.","Kurenai",0,0,0,0,0,0,0,0,0,0,0,0,0,0,0,16712190,"Draenei for ""redeemed.""  These Broken have escaped the grasp of their various slavers in Outland and have made their home in Nagrand.  It is there that they seek to rediscover their destiny.",0,0,0,0,0,0,0,0,0,0,0,0,0,0,0,16712190
"an, now living in exile in Ironforge and in league with the Alliance.",4294967295,0,"","","","","",0,0,0,0,0,"","","","","","","Earthen Ring",0,0,0,0,0,0,0,0,0,0,0,0,0,0,0,16712190,"",0,0,0,0,0,0,0,0,0,0,0,0,0,0,0,16711884
"n, now living in exile in Ironforge and in league with the Alliance.",43,0,"","","","","",0,0,0,0,0,""," Human","","","","","Outland",0,0,0,0,0,0,0,0,0,0,0,0,0,0,0,16712190,"",0,0,0,0,0,0,0,0,0,0,0,0,0,0,0,16711884
", now living in exile in Ironforge and in league with the Alliance.",4294967295,0,"","","","","",0,0,0,0,0,"","","","","","","Arakkoa",0,0,0,0,0,0,0,0,0,0,0,0,0,0,0,16712190,"",0,0,0,0,0,0,0,0,0,0,0,0,0,0,0,16711884
" now living in exile in Ironforge and in league with the Alliance.",4294967295,0,"","","","","",0,0,0,0,0,"","","","","","","Zangarmarsh Banner (Alliance)",0,0,0,0,0,0,0,0,0,0,0,0,0,0,0,16712190,"",0,0,0,0,0,0,0,0,0,0,0,0,0,0,0,16711884
"now living in exile in Ironforge and in league with the Alliance.",4294967295,0,"","","","","",0,0,0,0,0,"","","","","","","Zangarmarsh Banner (Horde)",0,0,0,0,0,0,0,0,0,0,0,0,0,0,0,16712190,"",0,0,0,0,0,0,0,0,0,0,0,0,0,0,0,16711884
"ow living in exile in Ironforge and in league with the Alliance.",4294967295,0,"","","","","",0,0,0,0,0,"","","","","","","Zangarmarsh Banner (Neutral)",0,0,0,0,0,0,0,0,0,0,0,0,0,0,0,16712190,"",0,0,0,0,0,0,0,0,0,0,0,0,0,0,0,16711884
"w living in exile in Ironforge and in league with the Alliance.",4294967295,0,"","","","","",0,0,0,0,0,"","","","","","","Caverns of Time - Thrall",0,0,0,0,0,0,0,0,0,0,0,0,0,0,0,16712190,"",0,0,0,0,0,0,0,0,0,0,0,0,0,0,0,16711884
" living in exile in Ironforge and in league with the Alliance.",4294967295,0,"","","","","",0,0,0,0,0,"","","","","","","Caverns of Time - Durnholde",0,0,0,0,0,0,0,0,0,0,0,0,0,0,0,16712190,"",0,0,0,0,0,0,0,0,0,0,0,0,0,0,0,16711884
"living in exile in Ironforge and in league with the Alliance.",4294967295,0,"","","","","",0,0,0,0,0,"","","","","","","Caverns of Time - Southshore Guards",0,0,0,0,0,0,0,0,0,0,0,0,0,0,0,16712190,"",0,0,0,0,0,0,0,0,0,0,0,0,0,0,0,16711884
"iving in exile in Ironforge and in league with the Alliance.",4294967295,0,"","","","","",0,0,0,0,0,"","","","","","","Shadow Council Covert",0,0,0,0,0,0,0,0,0,0,0,0,0,0,0,16712190,"",0,0,0,0,0,0,0,0,0,0,0,0,0,0,0,16711884
"ving in exile in Ironforge and in league with the Alliance.",67,1791,"","","","","",0,0,0,0,0,"","LAYER, Orc","","","","","Keepers of Time",0,0,0,0,0,0,0,0,0,0,0,0,0,0,0,16712190,"The Keepers of Time are bronze dragons hand-picked by Nozdormu to watch over the Caverns of Time.",0,0,0,0,0,0,0,0,0,0,0,0,0,0,0,16712190
"ing in exile in Ironforge and in league with the Alliance.",57,1791,"","","","","",0,0,0,0,0,"","LAYER, Orc","","","","","The Scale of the Sands",0,0,0,0,0,0,0,0,0,0,0,0,0,0,0,16712190,"A secretive subgroup of the Bronze Dragonflight, led by Soridormi, prime mate of Nozdormu.",0,0,0,0,0,0,0,0,0,0,0,0,0,0,0,16712190
"ng in exile in Ironforge and in league with the Alliance.",4294967295,0,"","","","","",0,0,0,0,0,"","","","","","","Dark Portal Defender, Alliance",0,0,0,0,0,0,0,0,0,0,0,0,0,0,0,16712190,"",0,0,0,0,0,0,0,0,0,0,0,0,0,0,0,16711884
"g in exile in Ironforge and in league with the Alliance.",4294967295,0,"","","","","",0,0,0,0,0,"","","","","","","Dark Portal Defender, Horde",0,0,0,0,0,0,0,0,0,0,0,0,0,0,0,16712190,"",0,0,0,0,0,0,0,0,0,0,0,0,0,0,0,16711884
" in exile in Ironforge and in league with the Alliance.",4294967295,0,"","","","","",0,0,0,0,0,"","","","","","","Dark Portal Attacker, Legion",0,0,0,0,0,0,0,0,0,0,0,0,0,0,0,16712190,"",0,0,0,0,0,0,0,0,0,0,0,0,0,0,0,16711884
"in exile in Ironforge and in league with the Alliance.",4294967295,0,"","","","","",0,0,0,0,0,"","","","","","","Inciter Trigger",0,0,0,0,0,0,0,0,0,0,0,0,0,0,0,16712190,"Used for the Blackheart the Inciter event.",0,0,0,0,0,0,0,0,0,0,0,0,0,0,0,16712190
"n exile in Ironforge and in league with the Alliance.",4294967295,0,"","","","","",0,0,0,0,0,"","","","","","","Inciter Trigger 2",0,0,0,0,0,0,0,0,0,0,0,0,0,0,0,16712190,"Used for the Blackheart the Inciter event.",0,0,0,0,0,0,0,0,0,0,0,0,0,0,0,16712190
" exile in Ironforge and in league with the Alliance.",4294967295,0,"","","","","",0,0,0,0,0,"","","","","","","Inciter Trigger 3",0,0,0,0,0,0,0,0,0,0,0,0,0,0,0,16712190,"Used for the Blackheart the Inciter event.",0,0,0,0,0,0,0,0,0,0,0,0,0,0,0,16712190
"exile in Ironforge and in league with the Alliance.",4294967295,0,"","","","","",0,0,0,0,0,"","","","","","","Inciter Trigger 4",0,0,0,0,0,0,0,0,0,0,0,0,0,0,0,16712190,"Used for the Blackheart the Inciter event.",0,0,0,0,0,0,0,0,0,0,0,0,0,0,0,16712190
"xile in Ironforge and in league with the Alliance.",4294967295,0,"","","","","",0,0,0,0,0,"","","","","","","Inciter Trigger 5",0,0,0,0,0,0,0,0,0,0,0,0,0,0,0,16712190,"Used for the Blackheart the Inciter event.",0,0,0,0,0,0,0,0,0,0,0,0,0,0,0,16712190
"ile in Ironforge and in league with the Alliance.",4294967295,0,"","","","","",0,0,0,0,0,"","","","","","","Mana Creature",0,0,0,0,0,0,0,0,0,0,0,0,0,0,0,16712190,"",0,0,0,0,0,0,0,0,0,0,0,0,0,0,0,16711884
"le in Ironforge and in league with the Alliance.",4294967295,0,"","","","","",0,0,0,0,0,"","","","","","","Khadgar's Servant",0,0,0,0,0,0,0,0,0,0,0,0,0,0,0,16712190,"",0,0,0,0,0,0,0,0,0,0,0,0,0,0,0,16711884
"e in Ironforge and in league with the Alliance.",4294967295,0,"","","","","",0,0,0,0,0,"","","","","","","Bladespire Clan",0,0,0,0,0,0,0,0,0,0,0,0,0,0,0,16712190,"",0,0,0,0,0,0,0,0,0,0,0,0,0,0,0,16711884
" in Ironforge and in league with the Alliance.",4294967295,0,"","","","","",0,0,0,0,0,"","","","","","","Ethereum Sparbuddy",0,0,0,0,0,0,0,0,0,0,0,0,0,0,0,16712190,"",0,0,0,0,0,0,0,0,0,0,0,0,0,0,0,16711884
"in Ironforge and in league with the Alliance.",4294967295,0,"","","","","",0,0,0,0,0,"","","","","","","Protectorate",0,0,0,0,0,0,0,0,0,0,0,0,0,0,0,16712190,"",0,0,0,0,0,0,0,0,0,0,0,0,0,0,0,16711884
"n Ironforge and in league with the Alliance.",4294967295,0,"","","","","",0,0,0,0,0,"","","","","","","Arcane Annihilator (DNR)",0,0,0,0,0,0,0,0,0,0,0,0,0,0,0,16712190,"",0,0,0,0,0,0,0,0,0,0,0,0,0,0,0,16711884
" Ironforge and in league with the Alliance.",68,32767,"","","","eron.","",0,0,3000,0,0,"","YER, Human","","","","","Friendly, Hidden",0,0,0,0,0,0,0,0,0,0,0,0,0,0,0,16712190,"",0,0,0,0,0,0,0,0,0,0,0,0,0,0,0,16711884
"Ironforge and in league with the Alliance.",4294967295,0,"","","","","",0,0,0,0,0,"","","","","","","Kirin'Var - Dathric",0,0,0,0,0,0,0,0,0,0,0,0,0,0,0,16712190,"",0,0,0,0,0,0,0,0,0,0,0,0,0,0,0,16711884
"ronforge and in league with the Alliance.",4294967295,0,"","","","","",0,0,0,0,0,"","","","","","","Kirin'Var - Belmara",0,0,0,0,0,0,0,0,0,0,0,0,0,0,0,16712190,"",0,0,0,0,0,0,0,0,0,0,0,0,0,0,0,16711884
"onforge and in league with the Alliance.",4294967295,0,"","","","","",0,0,0,0,0,"","","","","","","Kirin'Var - Luminrath",0,0,0,0,0,0,0,0,0,0,0,0,0,0,0,16712190,"",0,0,0,0,0,0,0,0,0,0,0,0,0,0,0,16711884
"nforge and in league with the Alliance.",4294967295,0,"","","","","",0,0,0,0,0,"","","","","","","Kirin'Var - Cohlien",0,0,0,0,0,0,0,0,0,0,0,0,0,0,0,16712190,"",0,0,0,0,0,0,0,0,0,0,0,0,0,0,0,16711884
"forge and in league with the Alliance.",4294967295,0,"","","","","",0,0,0,0,0,"","","","","","","Servant of Illidan",0,0,0,0,0,0,0,0,0,0,0,0,0,0,0,16712190,"",0,0,0,0,0,0,0,0,0,0,0,0,0,0,0,16711884
"orge and in league with the Alliance.",69,32767,"","","","eron.","",0,0,0,0,0,"","LAYER, Orc","","","","egan Exiles","Lower City",0,0,0,0,0,0,0,0,0,0,0,0,0,0,0,16712190,"The refugees of Shattrath come from diverse backgrounds and races.  Word of helpful deeds spreads quickly among the Denizens of Lower City.",0,0,0,0,0,0,0,0,0,0,0,0,0,0,0,16712190
"rge and in league with the Alliance.",70,1791,"","","","","",0,0,0,0,0,"","LAYER, Orc","","","","n, now living in exile in Ironforge and in league with the Alliance.","Ashtongue Deathsworn",0,0,0,0,0,0,0,0,0,0,0,0,0,0,0,16712190,"The elite of the Broken tribe known as the Ashtongue, officially aligned with Illidan. The Deathsworn are Akama's most trusted lieutenants and are privy to their leader's mysterious motivations.",0,0,0,0,0,0,0,0,0,0,0,0,0,0,0,16712190
"ge and in league with the Alliance.",4294967295,0,"","","","","",0,0,0,0,0,"","","","","","","Spirits of Shadowmoon 1",0,0,0,0,0,0,0,0,0,0,0,0,0,0,0,16712190,"",0,0,0,0,0,0,0,0,0,0,0,0,0,0,0,16711884
"e and in league with the Alliance.",4294967295,0,"","","","","",0,0,0,0,0,"","","","","","","Spirits of Shadowmoon 2",0,0,0,0,0,0,0,0,0,0,0,0,0,0,0,16712190,"",0,0,0,0,0,0,0,0,0,0,0,0,0,0,0,16711884
" and in league with the Alliance.",71,1791,"","","","eron.","",0,0,4294925296,0,0,"","LAYER, Human","","","","n, now living in exile in Ironforge and in league with the Alliance.","Netherwing",0,0,0,0,0,0,0,0,0,0,0,0,0,0,0,16712190,"This unusual brood of dragons was spawned from the eggs of Deathwing's black dragonflight, and infused with raw nether-energies.  Now, they seek to find their identity beyond the shadows of their father's destructive heritage.",0,0,0,0,0,0,0,0,0,0,0,0,0,0,0,16712190
"and in league with the Alliance.",4294967295,0,"","","","","",0,0,0,0,0,"","","","","","","Wyrmcult",0,0,0,0,0,0,0,0,0,0,0,0,0,0,0,16712190,"",0,0,0,0,0,0,0,0,0,0,0,0,0,0,0,16711884
"nd in league with the Alliance.",4294967295,0,"","","","","",0,0,0,0,0,"","","","","","","Treant",0,0,0,0,0,0,0,0,0,0,0,0,0,0,0,16712190,"",0,0,0,0,0,0,0,0,0,0,0,0,0,0,0,16711884
"d in league with the Alliance.",4294967295,0,"","","","","",0,0,0,0,0,"","","","","","","Leotheras Demon I",0,0,0,0,0,0,0,0,0,0,0,0,0,0,0,16712190,"",0,0,0,0,0,0,0,0,0,0,0,0,0,0,0,16711884
" in league with the Alliance.",4294967295,0,"","","","","",0,0,0,0,0,"","","","","","","Leotheras Demon II",0,0,0,0,0,0,0,0,0,0,0,0,0,0,0,16712190,"",0,0,0,0,0,0,0,0,0,0,0,0,0,0,0,16711884
"in league with the Alliance.",4294967295,0,"","","","","",0,0,0,0,0,"","","","","","","Leotheras Demon III",0,0,0,0,0,0,0,0,0,0,0,0,0,0,0,16712190,"",0,0,0,0,0,0,0,0,0,0,0,0,0,0,0,16711884
"n league with the Alliance.",4294967295,0,"","","","","",0,0,0,0,0,"","","","","","","Leotheras Demon IV",0,0,0,0,0,0,0,0,0,0,0,0,0,0,0,16712190,"",0,0,0,0,0,0,0,0,0,0,0,0,0,0,0,16711884
" league with the Alliance.",4294967295,0,"","","","","",0,0,0,0,0,"","","","","","","Leotheras Demon V",0,0,0,0,0,0,0,0,0,0,0,0,0,0,0,16712190,"",0,0,0,0,0,0,0,0,0,0,0,0,0,0,0,16711884
"league with the Alliance.",4294967295,0,"","","","","",0,0,0,0,0,"","","","","","","Azaloth",0,0,0,0,0,0,0,0,0,0,0,0,0,0,0,16712190,"",0,0,0,0,0,0,0,0,0,0,0,0,0,0,0,16711884
"eague with the Alliance.",4294967295,0,"","","","","",0,0,0,0,0,"","","","","","","Rock Flayer",0,0,0,0,0,0,0,0,0,0,0,0,0,0,0,16712190,"",0,0,0,0,0,0,0,0,0,0,0,0,0,0,0,16711884
"ague with the Alliance.",4294967295,0,"","","","","",0,0,0,0,0,"","","","","","","Flayer Hunter",0,0,0,0,0,0,0,0,0,0,0,0,0,0,0,16712190,"",0,0,0,0,0,0,0,0,0,0,0,0,0,0,0,16711884
"gue with the Alliance.",4294967295,0,"","","","","",0,0,0,0,0,"","","","","","","Shadowmoon Shade",0,0,0,0,0,0,0,0,0,0,0,0,0,0,0,16712190,"",0,0,0,0,0,0,0,0,0,0,0,0,0,0,0,16711884
"ue with the Alliance.",4294967295,0,"","","","","",0,0,0,0,0,"","","","","","","Legion Communicator",0,0,0,0,0,0,0,0,0,0,0,0,0,0,0,16712190,"",0,0,0,0,0,0,0,0,0,0,0,0,0,0,0,16711884
"e with the Alliance.",4294967295,0,"","","","","",0,0,0,0,0,"","","","","","","Ravenswood Ancients",0,0,0,0,0,0,0,0,0,0,0,0,0,0,0,16712190,"",0,0,0,0,0,0,0,0,0,0,0,0,0,0,0,16711884
" with the Alliance.",4294967295,0,"","","","","",0,0,0,0,0,"","","","","","","Chess, Friendly to All Chess",0,0,0,0,0,0,0,0,0,0,0,0,0,0,0,16712190,"",0,0,0,0,0,0,0,0,0,0,0,0,0,0,0,16711884
"with the Alliance.",4294967295,0,"","","","","",0,0,0,0,0,"","","","","","","Black Temple Gates - Illidari",0,0,0,0,0,0,0,0,0,0,0,0,0,0,0,16712190,"",0,0,0,0,0,0,0,0,0,0,0,0,0,0,0,16711884
"ith the Alliance.",72,1791,"","","","eron.","",0,0,0,0,0,"","LAYER, Orc","","","","egan Exiles","Sha'tari Skyguard",0,0,0,0,0,0,0,0,0,0,0,0,0,0,0,16712190,"An airborne military force created by Shattrath City to deal with the threats that loom in the highest reaches of Outland.",0,0,0,0,0,0,0,0,0,0,0,0,0,0,0,16712190
"th the Alliance.",4294967295,0,"","","","","",0,0,0,0,0,"","","","","","","Area 52",0,0,0,0,0,0,0,0,0,0,0,0,0,0,0,16712190,"",0,0,0,0,0,0,0,0,0,0,0,0,0,0,0,16711884
"h the Alliance.",4294967295,0,"","","","","",0,0,0,0,0,"","","","","","","Maiev",0,0,0,0,0,0,0,0,0,0,0,0,0,0,0,16712190,"",0,0,0,0,0,0,0,0,0,0,0,0,0,0,0,16711884
" the Alliance.",4294967295,0,"","","","","",0,0,0,0,0,"","","","","","","Skettis Shadowy Arakkoa",0,0,0,0,0,0,0,0,0,0,0,0,0,0,0,16712190,"",0,0,0,0,0,0,0,0,0,0,0,0,0,0,0,16711884
"the Alliance.",4294967295,0,"","","","","",0,0,0,0,0,"","","","","","","Skettis Arakkoa",0,0,0,0,0,0,0,0,0,0,0,0,0,0,0,16712190,"",0,0,0,0,0,0,0,0,0,0,0,0,0,0,0,16711884
"he Alliance.",4294967295,0,"","","","","",0,0,0,0,0,"","","","","","","Dragonmaw Enemy",0,0,0,0,0,0,0,0,0,0,0,0,0,0,0,16712190,"",0,0,0,0,0,0,0,0,0,0,0,0,0,0,0,16711884
"e Alliance.",4294967295,0,"","","","","",0,0,0,0,0,"","","","","","","REUSE",0,0,0,0,0,0,0,0,0,0,0,0,0,0,0,16712190,"",0,0,0,0,0,0,0,0,0,0,0,0,0,0,0,16711884
" Alliance.",73,1791,"","","","","",0,0,0,0,0,"","LAYER, Orc","","","","n, now living in exile in Ironforge and in league with the Alliance.","Ogri'la",0,0,0,0,0,0,0,0,0,0,0,0,0,0,0,16712190,"The enlightened denizens of Ogri'la have made their dwelling in the western Blade's Edge Mountains, where proximity to apexis crystals has caused them to transcend their brutish ogre nature.",0,0,0,0,0,0,0,0,0,0,0,0,0,0,0,16712190
"Alliance.",4294967295,0,"","","","","",0,0,0,0,0,"","","","","","","Ravager",0,0,0,0,0,0,0,0,0,0,0,0,0,0,0,16712190,"",0,0,0,0,0,0,0,0,0,0,0,0,0,0,0,16711884
"lliance.",4294967295,0,"","","","","",0,0,0,0,0,"","","","","","","REUSE",0,0,0,0,0,0,0,0,0,0,0,0,0,0,0,16712190,"",0,0,0,0,0,0,0,0,0,0,0,0,0,0,0,16711884
"liance.",4294967295,0,"","","","","",0,0,0,0,0,"","","","","","","Frenzy",0,0,0,0,0,0,0,0,0,0,0,0,0,0,0,16712190,"",0,0,0,0,0,0,0,0,0,0,0,0,0,0,0,16711884
"iance.",4294967295,0,"","","","","",0,0,0,0,0,"","","","","","","Skyguard Enemy",0,0,0,0,0,0,0,0,0,0,0,0,0,0,0,16712190,"",0,0,0,0,0,0,0,0,0,0,0,0,0,0,0,16711884
"ance.",4294967295,0,"","","","","",0,0,0,0,0,"","","","","","","Skunk, Petunia",0,0,0,0,0,0,0,0,0,0,0,0,0,0,0,16712190,"",0,0,0,0,0,0,0,0,0,0,0,0,0,0,0,16711884
"nce.",4294967295,0,"","","","","",0,0,0,0,0,"","","","","","","Theramore Deserter",0,0,0,0,0,0,0,0,0,0,0,0,0,0,0,16712190,"",0,0,0,0,0,0,0,0,0,0,0,0,0,0,0,16711884
"Leopard",4294967295,0,"","","","","",0,0,0,0,0,"","","","","","","Troll, Amani",0,0,0,0,0,0,0,0,0,0,0,0,0,0,0,16712190,"",0,0,0,0,0,0,0,0,0,0,0,0,0,0,0,16711884
"arlet Crusade",4294967295,0,"","","","","",0,0,0,0,0,"","","","","","","CTF - Flags",0,0,0,0,0,0,0,0,0,0,0,0,0,0,0,16712190,"",0,0,0,0,0,0,0,0,0,0,0,0,0,0,0,16711884
"ade",4294967295,0,"","","","","",0,0,0,0,0,"","","","","","","Ram Racing Powerup DND",0,0,0,0,0,0,0,0,0,0,0,0,0,0,0,16712190,"",0,0,0,0,0,0,0,0,0,0,0,0,0,0,0,16711884
"de",4294967295,0,"","","","","",0,0,0,0,0,"","","","","","","Ram Racing Trap DND",0,0,0,0,0,0,0,0,0,0,0,0,0,0,0,16712190,"",0,0,0,0,0,0,0,0,0,0,0,0,0,0,0,16711884
"e",4294967295,0,"","","","","",0,0,0,0,0,"","","","","","","Craig's Squirrels",0,0,0,0,0,0,0,0,0,0,0,0,0,0,0,16712190,"A test faction.",0,0,0,0,0,0,0,0,0,0,0,0,0,0,0,16712190
"noll - Rothide",4294967295,0,"","","","","",0,0,0,0,0,"","","","","","","Holiday - Water Barrel",0,0,0,0,0,0,0,0,0,0,0,0,0,0,0,16712190,"",0,0,0,0,0,0,0,0,0,0,0,0,0,0,0,16711884
"oll - Rothide",4294967295,0,"","","","","",0,0,0,0,0,"","","","","","","Holiday - Generic",0,0,0,0,0,0,0,0,0,0,0,0,0,0,0,16712190,"",0,0,0,0,0,0,0,0,0,0,0,0,0,0,0,16711884
"l - Rothide",80,32767,"","","","","",0,0,0,0,0,"","LAYER, Orc","","","","egan Exiles","Shattered Sun Offensive",0,0,0,0,0,0,0,0,0,0,0,0,0,0,0,16712190,"Shattrath City's final push against Prince Kael'thas' operations in the Sunwell.",0,0,0,0,0,0,0,0,0,0,0,0,0,0,0,16712190
" - Rothide",4294967295,0,"","","","","",0,0,0,0,0,"","","","","","","Fighting Vanity Pet",0,0,0,0,0,0,0,0,0,0,0,0,0,0,0,16712190,"",0,0,0,0,0,0,0,0,0,0,0,0,0,0,0,16711884
" Rothide",4294967295,0,"","","","","",0,0,0,0,0,"","","","","","","Monster, Force Reaction",0,0,0,0,0,0,0,0,0,0,0,0,0,0,0,16712190,"",0,0,0,0,0,0,0,0,0,0,0,0,0,0,0,16711756
"Rothide",4294967295,0,"","","","","",0,0,0,0,0,"","","","","","","Object, Force Reaction",0,0,0,0,0,0,0,0,0,0,0,0,0,0,0,16712190,"",0,0,0,0,0,0,0,0,0,0,0,0,0,0,0,16711756
"e",4294967295,0,"","","","","",0,0,0,0,0,"","","","","","","Holiday Monster",0,0,0,0,0,0,0,0,0,0,0,0,0,0,0,16712190,"",0,0,0,0,0,0,0,0,0,0,0,0,0,0,0,16711884
