# fields=125 strings=0,1,2,3,4,21,22,23,27,28,45,62,63,64,83,124
"","Azeroth","","","Eastern Kingdoms",0,0,0,0,0,0,0,0,0,0,0,0,0,0,0,16712190,"","","",4294967295,0,0,"","",0,0,0,0,0,0,0,0,0,0,0,0,0,0,0,16711934,"",0,0,0,0,0,0,0,0,0,0,0,0,0,0,0,16711934,"roth","","Azeroth",1065353216,0,0,0,0,0,0,0,0,0,0,0,0,0,0,0,0,16711884,"",0,0,0,0,0,0,0,0,0,0,0,0,0,0,0,16711884,0,0,0,0,0,0,0,0,0,0,0,0,0,0,0,0,16711884,4294967295,0,0,0,0,0,4294967295,""
"Azeroth","Kalimdor","","","Kalimdor",0,0,0,0,0,0,0,0,0,0,0,0,0,0,0,16712190,"","","",4294967295,0,0,"","",0,0,0,0,0,0,0,0,0,0,0,0,0,0,0,16711932,"",0,0,0,0,0,0,0,0,0,0,0,0,0,0,0,16711932,"eroth","","Azeroth",1065353216,0,0,0,0,0,0,0,0,0,0,0,0,0,0,0,0,16711884,"",0,0,0,0,0,0,0,0,0,0,0,0,0,0,0,16711884,0,0,0,0,0,0,0,0,0,0,0,0,0,0,0,0,16711884,4294967295,0,0,0,0,0,4294967295,""
"ern Kingdoms","test","","","Testing",0,0,0,0,0,0,0,0,0,0,0,0,0,0,0,16712190,"","","",4294967295,0,0,"n","",0,0,0,0,0,0,0,0,0,0,0,0,0,0,0,16711932,"",0,0,0,0,0,0,0,0,0,0,0,0,0,0,0,16711932,"","","Azeroth",1065353216,0,0,0,0,0,0,0,0,0,0,0,0,0,0,0,0,16711884,"",0,0,0,0,0,0,0,0,0,0,0,0,0,0,0,16711884,0,0,0,0,0,0,0,0,0,0,0,0,0,0,0,0,16711884,4294967295,0,0,0,0,0,4294967295,""
"","ScottTest","","","Scott Test",0,0,0,0,0,0,0,0,0,0,0,0,0,0,0,16712190,"","","",4294967295,0,0,"","",0,0,0,0,0,0,0,0,0,0,0,0,0,0,0,16711932,"",0,0,0,0,0,0,0,0,0,0,0,0,0,0,0,16711932,"","","Azeroth",1065353216,0,0,0,0,0,0,0,0,0,0,0,0,0,0,0,0,16711884,"",0,0,0,0,0,0,0,0,0,0,0,0,0,0,0,16711884,0,0,0,0,0,0,0,0,0,0,0,0,0,0,0,0,16711884,4294967295,0,0,0,0,0,4294967295,""
"imdor","Test","Azeroth","","CashTest",0,0,0,0,0,0,0,0,0,0,0,0,0,0,0,16712190,"","","",4294967295,0,0,"","",0,0,0,0,0,0,0,0,0,0,0,0,0,0,0,16711932,"",0,0,0,0,0,0,0,0,0,0,0,0,0,0,0,16711932,"","","Azeroth",1065353216,0,0,0,0,0,0,0,0,0,0,0,0,0,0,0,0,16711884,"",0,0,0,0,0,0,0,0,0,0,0,0,0,0,0,16711884,0,0,0,0,0,0,0,0,0,0,0,0,0,0,0,0,16711884,4294967295,0,0,0,0,0,4294967295,""
"mdor","PVPZone01","eroth","Azeroth","Alterac Valley",0,0,0,0,0,0,0,0,0,0,0,0,0,0,0,16712190,"ttTest","est","Testing",4294967295,1060991140,1051595899,"","Hidden within the Alterac Mountains, Alterac Valley is the home of Thrall's own clan of orcs, the Frostwolves. The Stormpike dwarves have established a foothold in the valley and seek to plumb its depths for riches and links to their ancestral past. The territorial Frostwolves, unwilling to suffer the dwarven incursion, have rallied an army... an army eager for righteous slaughter.",0,0,0,0,0,0,0,0,0,0,0,0,0,0,0,16712190,"Hidden within the Alterac Mountains, Alterac Valley is the home of Thrall's own clan of orcs, the Frostwolves. The Stormpike dwarves have established a foothold in the valley and seek to plumb its depths for riches and links to their ancestral past. The territorial Frostwolves, unwilling to suffer the dwarven incursion, have rallied an army... an army eager for righteous slaughter.",0,0,0,0,0,0,0,0,0,0,0,0,0,0,0,16712190,"ley","astern Kingdoms","",1065353216,0,0,0,0,0,0,0,0,0,0,0,0,0,0,0,0,16711884,"",0,0,0,0,0,0,0,0,0,0,0,0,0,0,0,16711884,0,0,0,0,0,0,0,0,0,0,0,0,0,0,0,0,16711884,4294967295,0,0,0,0,0,4294967295,""
"r","Shadowfang","Azeroth","","Shadowfang Keep",0,0,0,0,0,0,0,0,0,0,0,0,0,0,0,16712190,"","","",4294967295,0,0,"","",0,0,0,0,0,0,0,0,0,0,0,0,0,0,0,16711932,"",0,0,0,0,0,0,0,0,0,0,0,0,0,0,0,16711932,"e Frostwolves. The Stormpike dwarves have established a foothold in the valley and seek to plumb its depths for riches and links to their ancestral past. The territorial Frostwolves, unwilling to suffer the dwarven incursion, have rallied an army... an army eager for righteous slaughter.","","Azeroth",1065353216,0,0,0,0,0,0,0,0,0,0,0,0,0,0,0,0,16711884,"",0,0,0,0,0,0,0,0,0,0,0,0,0,0,0,16711884,0,0,0,0,0,0,0,0,0,0,0,0,0,0,0,0,16711884,0,3278306631,1153724992,0,0,0,4294967295,""
"","StormwindJail","Azeroth","","Stormwind Stockade",0,0,0,0,0,0,0,0,0,0,0,0,0,0,0,16712190,"","","",4294967295,0,0,"llin","",0,0,0,0,0,0,0,0,0,0,0,0,0,0,0,16711932,"",0,0,0,0,0,0,0,0,0,0,0,0,0,0,0,16711932,"f orcs, the Frostwolves. The Stormpike dwarves have established a foothold in the valley and seek to plumb its depths for riches and links to their ancestral past. The territorial Frostwolves, unwilling to suffer the dwarven incursion, have rallied an army... an army eager for righteous slaughter.","","Azeroth",1065353216,0,0,0,0,0,0,0,0,0,0,0,0,0,0,0,0,16711884,"",0,0,0,0,0,0,0,0,0,0,0,0,0,0,0,16711884,0,0,0,0,0,0,0,0,0,0,0,0,0,0,0,0,16711884,0,3322472836,1146355881,0,0,0,4294967295,""
"test","StormwindPrison","","","<unused>StormwindPrison",0,0,0,0,0,0,0,0,0,0,0,0,0,0,0,16712190,"","","",4294967295,0,0,"llin","",0,0,0,0,0,0,0,0,0,0,0,0,0,0,0,16711932,"",0,0,0,0,0,0,0,0,0,0,0,0,0,0,0,16711932,"ms","","Azeroth",1065353216,0,0,0,0,0,0,0,0,0,0,0,0,0,0,0,0,16711884,"",0,0,0,0,0,0,0,0,0,0,0,0,0,0,0,16711884,0,0,0,0,0,0,0,0,0,0,0,0,0,0,0,0,16711884,0,3322472936,1146356517,0,0,0,4294967295,""
"est","DeadminesInstance","Azeroth","","Deadmines",0,0,0,0,0,0,0,0,0,0,0,0,0,0,0,16712190,"","","",4294967295,0,0,"","",0,0,0,0,0,0,0,0,0,0,0,0,0,0,0,16711932,"",0,0,0,0,0,0,0,0,0,0,0,0,0,0,0,16711932,"s, Alterac Valley is the home of Thrall's own clan of orcs, the Frostwolves. The Stormpike dwarves have established a foothold in the valley and seek to plumb its depths for riches and links to their ancestral past. The territorial Frostwolves, unwilling to suffer the dwarven incursion, have rallied an army... an army eager for righteous slaughter.","","Azeroth",1065353216,0,0,0,0,0,0,0,0,0,0,0,0,0,0,0,0,16711884,"",0,0,0,0,0,0,0,0,0,0,0,0,0,0,0,16711884,0,0,0,0,0,0,0,0,0,0,0,0,0,0,0,0,16711884,0,3324976946,1154622676,0,0,0,4294967295,""
"st","PVPZone02","","Azeroth","Azshara Crater",0,0,0,0,0,0,0,0,0,0,0,0,0,0,0,16712190,"astern Kingdoms","gdoms","mdor",0,3316189184,3308535808,"","Crush the Alliance!",0,0,0,0,0,0,0,0,0,0,0,0,0,0,0,16712190,"Defend yourself from the onslaught of the Horde!",0,0,0,0,0,0,0,0,0,0,0,0,0,0,0,16712191,"","","Azeroth",1065353216,0,0,0,0,0,0,0,0,0,0,0,0,0,0,0,0,16711884,"",0,0,0,0,0,0,0,0,0,0,0,0,0,0,0,16711884,0,0,0,0,0,0,0,0,0,0,0,0,0,0,0,0,16711884,4294967295,0,0,0,0,0,4294967295,""
"sting","Collin","","","Collin's Test",0,0,0,0,0,0,0,0,0,0,0,0,0,0,0,16712190,"","","",4294967295,0,0,"","",0,0,0,0,0,0,0,0,0,0,0,0,0,0,0,16711932,"",0,0,0,0,0,0,0,0,0,0,0,0,0,0,0,16711932,"","","Azeroth",1065353216,0,0,0,0,0,0,0,0,0,0,0,0,0,0,0,0,16711884,"",0,0,0,0,0,0,0,0,0,0,0,0,0,0,0,16711884,0,0,0,0,0,0,0,0,0,0,0,0,0,0,0,0,16711884,4294967295,0,0,0,0,0,4294967295,""
"ting","WailingCaverns","Azeroth","","Wailing Caverns",0,0,0,0,0,0,0,0,0,0,0,0,0,0,0,16712190,"","","",4294967295,0,0,"lin","",0,0,0,0,0,0,0,0,0,0,0,0,0,0,0,16711932,"",0,0,0,0,0,0,0,0,0,0,0,0,0,0,0,16711932,", Alterac Valley is the home of Thrall's own clan of orcs, the Frostwolves. The Stormpike dwarves have established a foothold in the valley and seek to plumb its depths for riches and links to their ancestral past. The territorial Frostwolves, unwilling to suffer the dwarven incursion, have rallied an army... an army eager for righteous slaughter.","","Azeroth",1065353216,0,0,0,0,0,0,0,0,0,0,0,0,0,0,0,0,16711884,"",0,0,0,0,0,0,0,0,0,0,0,0,0,0,0,16711884,0,0,0,0,0,0,0,0,0,0,0,0,0,0,0,0,16711884,1,3292252262,3305771993,0,0,0,4294967295,""
"ing","Monastery","Azeroth","","<unused> Monastery",0,0,0,0,0,0,0,0,0,0,0,0,0,0,0,16712190,"","","",4294967295,0,0,"","",0,0,0,0,0,0,0,0,0,0,0,0,0,0,0,16711932,"",0,0,0,0,0,0,0,0,0,0,0,0,0,0,0,16711932,"sting","","Azeroth",1065353216,0,0,0,0,0,0,0,0,0,0,0,0,0,0,0,0,16711884,"",0,0,0,0,0,0,0,0,0,0,0,0,0,0,0,16711884,0,0,0,0,0,0,0,0,0,0,0,0,0,0,0,0,16711884,0,1161086621,3293237106,0,0,0,4294967295,""
"","RazorfenKraulInstance","Azeroth","","Razorfen Kraul",0,0,0,0,0,0,0,0,0,0,0,0,0,0,0,16712190,"","","",4294967295,0,0,"","",0,0,0,0,0,0,0,0,0,0,0,0,0,0,0,16711932,"",0,0,0,0,0,0,0,0,0,0,0,0,0,0,0,16711932,"clan of orcs, the Frostwolves. The Stormpike dwarves have established a foothold in the valley and seek to plumb its depths for riches and links to their ancestral past. The territorial Frostwolves, unwilling to suffer the dwarven incursion, have rallied an army... an army eager for righteous slaughter.","","Azeroth",1065353216,0,0,0,0,0,0,0,0,0,0,0,0,0,0,0,0,16711884,"",0,0,0,0,0,0,0,0,0,0,0,0,0,0,0,16711884,0,0,0,0,0,0,0,0,0,0,0,0,0,0,0,0,16711884,1,3314244504,3301934791,0,0,0,4294967295,""
"ScottTest","Blackfathom","Azeroth","","Blackfathom Deeps",0,0,0,0,0,0,0,0,0,0,0,0,0,0,0,16712190,"","","",4294967295,0,0,"in","",0,0,0,0,0,0,0,0,0,0,0,0,0,0,0,16711932,"",0,0,0,0,0,0,0,0,0,0,0,0,0,0,0,16711932,"orcs, the Frostwolves. The Stormpike dwarves have established a foothold in the valley and seek to plumb its depths for riches and links to their ancestral past. The territorial Frostwolves, unwilling to suffer the dwarven incursion, have rallied an army... an army eager for righteous slaughter.","","Azeroth",1065353216,0,0,0,0,0,0,0,0,0,0,0,0,0,0,0,0,16711884,"",0,0,0,0,0,0,0,0,0,0,0,0,0,0,0,16711884,0,0,0,0,0,0,0,0,0,0,0,0,0,0,0,0,16711884,1,1166330103,1144723654,0,0,0,4294967295,""
"est","Uldaman","Azeroth","","Uldaman",0,0,0,0,0,0,0,0,0,0,0,0,0,0,0,16712190,"","","",4294967295,0,0,"grimmarInstance","",0,0,0,0,0,0,0,0,0,0,0,0,0,0,0,16711932,"",0,0,0,0,0,0,0,0,0,0,0,0,0,0,0,16711932," Alterac Valley is the home of Thrall's own clan of orcs, the Frostwolves. The Stormpike dwarves have established a foothold in the valley and seek to plumb its depths for riches and links to their ancestral past. The territorial Frostwolves, unwilling to suffer the dwarven incursion, have rallied an army... an army eager for righteous slaughter.","","Azeroth",1065353216,0,0,0,0,0,0,0,0,0,0,0,0,0,0,0,0,16711884,"",0,0,0,0,0,0,0,0,0,0,0,0,0,0,0,16711884,0,0,0,0,0,0,0,0,0,0,0,0,0,0,0,0,16711884,0,3317522804,3308826613,0,0,0,4294967295,""
"01","GnomeragonInstance","Azeroth","","Gnomeregan",0,0,0,0,0,0,0,0,0,0,0,0,0,0,0,16712190,"","","",4294967295,0,0,"","",0,0,0,0,0,0,0,0,0,0,0,0,0,0,0,16711932,"",0,0,0,0,0,0,0,0,0,0,0,0,0,0,0,16711932,"of orcs, the Frostwolves. The Stormpike dwarves have established a foothold in the valley and seek to plumb its depths for riches and links to their ancestral past. The territorial Frostwolves, unwilling to suffer the dwarven incursion, have rallied an army... an army eager for righteous slaughter.","","Azeroth",1065353216,0,0,0,0,0,0,0,0,0,0,0,0,0,0,0,0,16711884,"",0,0,0,0,0,0,0,0,0,0,0,0,0,0,0,16711884,0,0,0,0,0,0,0,0,0,0,0,0,0,0,0,0,16711884,0,3315684683,1147725394,0,0,0,4294967295,""
"idden within the Alterac Mountains, Alterac Valley is the home of Thrall's own clan of orcs, the Frostwolves. The Stormpike dwarves have established a foothold in the valley and seek to plumb its depths for riches and links to their ancestral past. The territorial Frostwolves, unwilling to suffer the dwarven incursion, have rallied an army... an army eager for righteous slaughter.","SunkenTemple","Azeroth","","Sunken Temple",0,0,0,0,0,0,0,0,0,0,0,0,0,0,0,16712190,"","","",4294967295,0,0,"P Barracks","",0,0,0,0,0,0,0,0,0,0,0,0,0,0,0,16711932,"",0,0,0,0,0,0,0,0,0,0,0,0,0,0,0,16711932,"n of orcs, the Frostwolves. The Stormpike dwarves have established a foothold in the valley and seek to plumb its depths for riches and links to their ancestral past. The territorial Frostwolves, unwilling to suffer the dwarven incursion, have rallied an army... an army eager for righteous slaughter.","","Azeroth",1065353216,0,0,0,0,0,0,0,0,0,0,0,0,0,0,0,0,16711884,"",0,0,0,0,0,0,0,0,0,0,0,0,0,0,0,16711884,0,0,0,0,0,0,0,0,0,0,0,0,0,0,0,0,16711884,0,3323914346,3313090429,0,0,0,4294967295,""
"erac Mountains, Alterac Valley is the home of Thrall's own clan of orcs, the Frostwolves. The Stormpike dwarves have established a foothold in the valley and seek to plumb its depths for riches and links to their ancestral past. The territorial Frostwolves, unwilling to suffer the dwarven incursion, have rallied an army... an army eager for righteous slaughter.","RazorfenDowns","Azeroth","","Razorfen Downs",0,0,0,0,0,0,0,0,0,0,0,0,0,0,0,16712190,"","","",4294967295,0,0,"","",0,0,0,0,0,0,0,0,0,0,0,0,0,0,0,16711932,"",0,0,0,0,0,0,0,0,0,0,0,0,0,0,0,16711932,"Alterac Valley is the home of Thrall's own clan of orcs, the Frostwolves. The Stormpike dwarves have established a foothold in the valley and seek to plumb its depths for riches and links to their ancestral past. The territorial Frostwolves, unwilling to suffer the dwarven incursion, have rallied an army... an army eager for righteous slaughter.","","Azeroth",1065353216,0,0,0,0,0,0,0,0,0,0,0,0,0,0,0,0,16711884,"",0,0,0,0,0,0,0,0,0,0,0,0,0,0,0,16711884,0,0,0,0,0,0,0,0,0,0,0,0,0,0,0,0,16711884,1,3314661136,3307109874,0,0,0,4294967295,""
"me of Thrall's own clan of orcs, the Frostwolves. The Stormpike dwarves have established a foothold in the valley and seek to plumb its depths for riches and links to their ancestral past. The territorial Frostwolves, unwilling to suffer the dwarven incursion, have rallied an army... an army eager for righteous slaughter.","EmeraldDream","zeroth","","Emerald Dream",0,0,0,0,0,0,0,0,0,0,0,0,0,0,0,16712190,"","","",4294967295,0,0,"","",0,0,0,0,0,0,0,0,0,0,0,0,0,0,0,16711932,"",0,0,0,0,0,0,0,0,0,0,0,0,0,0,0,16711932,"","","Azeroth",1065353216,0,0,0,0,0,0,0,0,0,0,0,0,0,0,0,0,16711884,"",0,0,0,0,0,0,0,0,0,0,0,0,0,0,0,16711884,0,0,0,0,0,0,0,0,0,0,0,0,0,0,0,0,16711884,4294967295,0,0,86400,0,0,4294967295,""
"lan of orcs, the Frostwolves. The Stormpike dwarves have established a foothold in the valley and seek to plumb its depths for riches and links to their ancestral past. The territorial Frostwolves, unwilling to suffer the dwarven incursion, have rallied an army... an army eager for righteous slaughter.","MonasteryInstances","Azeroth","","Scarlet Monastery",0,0,0,0,0,0,0,0,0,0,0,0,0,0,0,16712190,"","","",4294967295,0,0,"","",0,0,0,0,0,0,0,0,0,0,0,0,0,0,0,16711932,"",0,0,0,0,0,0,0,0,0,0,0,0,0,0,0,16711932,"an of orcs, the Frostwolves. The Stormpike dwarves have established a foothold in the valley and seek to plumb its depths for riches and links to their ancestral past. The territorial Frostwolves, unwilling to suffer the dwarven incursion, have rallied an army... an army eager for righteous slaughter.","","Azeroth",1065353216,0,0,0,0,0,0,0,0,0,0,0,0,0,0,0,0,16711884,"",0,0,0,0,0,0,0,0,0,0,0,0,0,0,0,16711884,0,0,0,0,0,0,0,0,0,0,0,0,0,0,0,0,16711884,0,1161085892,3293237472,0,0,0,4294967295,""
"stwolves. The Stormpike dwarves have established a foothold in the valley and seek to plumb its depths for riches and links to their ancestral past. The territorial Frostwolves, unwilling to suffer the dwarven incursion, have rallied an army... an army eager for righteous slaughter.","TanarisInstance","Azeroth","","Zul'Farrak",0,0,0,0,0,0,0,0,0,0,0,0,0,0,0,16712190,"","","",4294967295,0,0,"","",0,0,0,0,0,0,0,0,0,0,0,0,0,0,0,16711932,"",0,0,0,0,0,0,0,0,0,0,0,0,0,0,0,16711932,"lterac Valley is the home of Thrall's own clan of orcs, the Frostwolves. The Stormpike dwarves have established a foothold in the valley and seek to plumb its depths for riches and links to their ancestral past. The territorial Frostwolves, unwilling to suffer the dwarven incursion, have rallied an army... an army eager for righteous slaughter.","","Azeroth",1065353216,0,0,0,0,0,0,0,0,0,0,0,0,0,0,0,0,16711884,"",0,0,0,0,0,0,0,0,0,0,0,0,0,0,0,16711884,0,0,0,0,0,0,0,0,0,0,0,0,0,0,0,0,16711884,1,3319018653,3308565619,0,0,0,4294967295,""
"ike dwarves have established a foothold in the valley and seek to plumb its depths for riches and links to their ancestral past. The territorial Frostwolves, unwilling to suffer the dwarven incursion, have rallied an army... an army eager for righteous slaughter.","BlackRockSpire","Azeroth","","Blackrock Spire",0,0,0,0,0,0,0,0,0,0,0,0,0,0,0,16712190,"","","",0,0,0,"ering Ashenvale Forest and the Barrens, Warsong Gulch hosts a constant battle between the Horde and the Alliance. Orcs use their Warsong Mill to cut lumber reaped from Ashenvale, provoking the night elves of Silverwing Hold. Eager to aid their allies, members of every race in Azeroth rush to the Gulch to lend sword, or spell, to the conflict.","",0,0,0,0,0,0,0,0,0,0,0,0,0,0,0,16711932,"",0,0,0,0,0,0,0,0,0,0,0,0,0,0,0,16711932,"lan of orcs, the Frostwolves. The Stormpike dwarves have established a foothold in the valley and seek to plumb its depths for riches and links to their ancestral past. The territorial Frostwolves, unwilling to suffer the dwarven incursion, have rallied an army... an army eager for righteous slaughter.","","Azeroth",1065353216,0,0,0,0,0,0,0,0,0,0,0,0,0,0,0,0,16711884,"",0,0,0,0,0,0,0,0,0,0,0,0,0,0,0,16711884,0,0,0,0,0,0,0,0,0,0,0,0,0,0,0,0,16711884,0,3320517687,3298435412,0,0,0,4294967295,""
"ke dwarves have established a foothold in the valley and seek to plumb its depths for riches and links to their ancestral past. The territorial Frostwolves, unwilling to suffer the dwarven incursion, have rallied an army... an army eager for righteous slaughter.","BlackrockDepths","Azeroth","","Blackrock Depths",0,0,0,0,0,0,0,0,0,0,0,0,0,0,0,16712190,"","","",0,0,0,"ring Ashenvale Forest and the Barrens, Warsong Gulch hosts a constant battle between the Horde and the Alliance. Orcs use their Warsong Mill to cut lumber reaped from Ashenvale, provoking the night elves of Silverwing Hold. Eager to aid their allies, members of every race in Azeroth rush to the Gulch to lend sword, or spell, to the conflict.","",0,0,0,0,0,0,0,0,0,0,0,0,0,0,0,16711932,"",0,0,0,0,0,0,0,0,0,0,0,0,0,0,0,16711932,"lley","","Azeroth",1065353216,0,0,0,0,0,0,0,0,0,0,0,0,0,0,0,0,16711884,"",0,0,0,0,0,0,0,0,0,0,0,0,0,0,0,16711884,0,0,0,0,0,0,0,0,0,0,0,0,0,0,0,0,16711884,0,3319812290,3295160557,0,0,0,4294967295,""
"ablished a foothold in the valley and seek to plumb its depths for riches and links to their ancestral past. The territorial Frostwolves, unwilling to suffer the dwarven incursion, have rallied an army... an army eager for righteous slaughter.","OnyxiaLairInstance","zeroth","","Onyxia's Lair",0,0,0,0,0,0,0,0,0,0,0,0,0,0,0,16712190,"","","",4294967295,0,0,"Stormwind, while the Defilers elite troopers under the watchful eye of Varimathras seek to sever the vital connection between the humans and their dwarven allies to the south.","",0,0,0,0,0,0,0,0,0,0,0,0,0,0,0,16711932,"",0,0,0,0,0,0,0,0,0,0,0,0,0,0,0,16711932,"tt Test","","Azeroth",1065353216,0,0,0,0,0,0,0,0,0,0,0,0,0,0,0,0,16711884,"",0,0,0,0,0,0,0,0,0,0,0,0,0,0,0,16711884,0,0,0,0,0,0,0,0,0,0,0,0,0,0,0,0,16711884,1,3314846336,3312092861,432000,0,0,4294967295,""
"in the valley and seek to plumb its depths for riches and links to their ancestral past. The territorial Frostwolves, unwilling to suffer the dwarven incursion, have rallied an army... an army eager for righteous slaughter.","CavernsOfTime","Azeroth","","Opening of the Dark Portal",0,0,0,0,0,0,0,0,0,0,0,0,0,0,0,16712190,"","","",4294967295,0,0,"","",0,0,0,0,0,0,0,0,0,0,0,0,0,0,0,16711932,"",0,0,0,0,0,0,0,0,0,0,0,0,0,0,0,16711932,"olves. The Stormpike dwarves have established a foothold in the valley and seek to plumb its depths for riches and links to their ancestral past. The territorial Frostwolves, unwilling to suffer the dwarven incursion, have rallied an army... an army eager for righteous slaughter.","","Azeroth",1065353216,0,0,0,0,0,0,0,0,0,0,0,0,0,0,0,0,16711884,"Heroic Difficulty requires the Key of Time.",0,0,0,0,0,0,0,0,0,0,0,0,0,0,0,16712190,0,0,0,0,0,0,0,0,0,0,0,0,0,0,0,0,16711884,1,3322461007,3313699867,0,86400,0,4294967295,"Azeroth"
"ek to plumb its depths for riches and links to their ancestral past. The territorial Frostwolves, unwilling to suffer the dwarven incursion, have rallied an army... an army eager for righteous slaughter.","SchoolofNecromancy","Azeroth","","Scholomance",0,0,0,0,0,0,0,0,0,0,0,0,0,0,0,16712190,"","","",4294967295,0,0,"","",0,0,0,0,0,0,0,0,0,0,0,0,0,0,0,16711932,"",0,0,0,0,0,0,0,0,0,0,0,0,0,0,0,16711932,"alley","","Azeroth",1065353216,0,0,0,0,0,0,0,0,0,0,0,0,0,0,0,0,16711884,"",0,0,0,0,0,0,0,0,0,0,0,0,0,0,0,16711884,0,0,0,0,0,0,0,0,0,0,0,0,0,0,0,0,16711884,0,1151293696,3307178246,0,0,0,4294967295,""
"hs for riches and links to their ancestral past. The territorial Frostwolves, unwilling to suffer the dwarven incursion, have rallied an army... an army eager for righteous slaughter.","Zul'gurub","zeroth","","Zul'Gurub",0,0,0,0,0,0,0,0,0,0,0,0,0,0,0,16712190,"","","",4294967295,0,0,"n","",0,0,0,0,0,0,0,0,0,0,0,0,0,0,0,16711932,"",0,0,0,0,0,0,0,0,0,0,0,0,0,0,0,16711932,"s the home of Thrall's own clan of orcs, the Frostwolves. The Stormpike dwarves have established a foothold in the valley and seek to plumb its depths for riches and links to their ancestral past. The territorial Frostwolves, unwilling to suffer the dwarven incursion, have rallied an army... an army eager for righteous slaughter.","","Azeroth",1065353216,0,0,0,0,0,0,0,0,0,0,0,0,0,0,0,0,16711884,"",0,0,0,0,0,0,0,0,0,0,0,0,0,0,0,16711884,0,0,0,0,0,0,0,0,0,0,0,0,0,0,0,0,16711884,0,3325702205,3298366072,259200,0,0,4294967295,""
"nks to their ancestral past. The territorial Frostwolves, unwilling to suffer the dwarven incursion, have rallied an army... an army eager for righteous slaughter.","Stratholme","Azeroth","","Stratholme",0,0,0,0,0,0,0,0,0,0,0,0,0,0,0,16712190,"","","",4294967295,0,0,"","",0,0,0,0,0,0,0,0,0,0,0,0,0,0,0,16711932,"",0,0,0,0,0,0,0,0,0,0,0,0,0,0,0,16711932,"Valley","","Azeroth",1065353216,0,0,0,0,0,0,0,0,0,0,0,0,0,0,0,0,16711884,"",0,0,0,0,0,0,0,0,0,0,0,0,0,0,0,16711884,0,0,0,0,0,0,0,0,0,0,0,0,0,0,0,0,16711884,0,1163134226,3310561211,0,0,0,4294967295,""
"al past. The territorial Frostwolves, unwilling to suffer the dwarven incursion, have rallied an army... an army eager for righteous slaughter.","Mauradon","Azeroth","","Maraudon",0,0,0,0,0,0,0,0,0,0,0,0,0,0,0,16712190,"","","",4294967295,0,0,"rathor seek to reclaim lost lands for their benefactors in Stormwind, while the Defilers elite troopers under the watchful eye of Varimathras seek to sever the vital connection between the humans and their dwarven allies to the south.","",0,0,0,0,0,0,0,0,0,0,0,0,0,0,0,16711932,"",0,0,0,0,0,0,0,0,0,0,0,0,0,0,0,16711932,"t","","Azeroth",1065353216,0,0,0,0,0,0,0,0,0,0,0,0,0,0,0,0,16711884,"",0,0,0,0,0,0,0,0,0,0,0,0,0,0,0,16711884,0,0,0,0,0,0,0,0,0,0,0,0,0,0,0,0,16711884,1,3300070991,1161220004,0,0,0,4294967295,""
"rial Frostwolves, unwilling to suffer the dwarven incursion, have rallied an army... an army eager for righteous slaughter.","DeeprunTram","","","Deeprun Tram",0,0,0,0,0,0,0,0,0,0,0,0,0,0,0,16712190,"","","",4294967295,0,0,"he vital connection between the humans and their dwarven allies to the south.","",0,0,0,0,0,0,0,0,0,0,0,0,0,0,0,16711932,"",0,0,0,0,0,0,0,0,0,0,0,0,0,0,0,16711932," Frostwolves. The Stormpike dwarves have established a foothold in the valley and seek to plumb its depths for riches and links to their ancestral past. The territorial Frostwolves, unwilling to suffer the dwarven incursion, have rallied an army... an army eager for righteous slaughter.","","Azeroth",1065353216,0,0,0,0,0,0,0,0,0,0,0,0,0,0,0,0,16711884,"",0,0,0,0,0,0,0,0,0,0,0,0,0,0,0,16711884,0,0,0,0,0,0,0,0,0,0,0,0,0,0,0,0,16711884,0,3322049765,1140938309,0,0,0,4294967295,""
"willing to suffer the dwarven incursion, have rallied an army... an army eager for righteous slaughter.","OrgrimmarInstance","Azeroth","","Ragefire Chasm",0,0,0,0,0,0,0,0,0,0,0,0,0,0,0,16712190,"","","",4294967295,0,0,"ast","",0,0,0,0,0,0,0,0,0,0,0,0,0,0,0,16711932,"",0,0,0,0,0,0,0,0,0,0,0,0,0,0,0,16711932," orcs, the Frostwolves. The Stormpike dwarves have established a foothold in the valley and seek to plumb its depths for riches and links to their ancestral past. The territorial Frostwolves, unwilling to suffer the dwarven incursion, have rallied an army... an army eager for righteous slaughter.","","Azeroth",1065353216,0,0,0,0,0,0,0,0,0,0,0,0,0,0,0,0,16711884,"",0,0,0,0,0,0,0,0,0,0,0,0,0,0,0,16711884,0,0,0,0,0,0,0,0,0,0,0,0,0,0,0,0,16711884,1,1155733552,3314170617,0,0,0,4294967295,""
"e dwarven incursion, have rallied an army... an army eager for righteous slaughter.","MoltenCore","zeroth","","Molten Core",0,0,0,0,0,0,0,0,0,0,0,0,0,0,0,16712190,"","","",4294967295,0,0,"fang: The Steamvault","",0,0,0,0,0,0,0,0,0,0,0,0,0,0,0,16711932,"",0,0,0,0,0,0,0,0,0,0,0,0,0,0,0,16711932," of orcs, the Frostwolves. The Stormpike dwarves have established a foothold in the valley and seek to plumb its depths for riches and links to their ancestral past. The territorial Frostwolves, unwilling to suffer the dwarven incursion, have rallied an army... an army eager for righteous slaughter.","","Azeroth",1065353216,0,0,0,0,0,0,0,0,0,0,0,0,0,0,0,0,16711884,"",0,0,0,0,0,0,0,0,0,0,0,0,0,0,0,16711884,0,0,0,0,0,0,0,0,0,0,0,0,0,0,0,0,16711884,0,3320493189,3296826967,604800,0,0,4294967295,""
" have rallied an army... an army eager for righteous slaughter.","DireMaul","Azeroth","","Dire Maul",0,0,0,0,0,0,0,0,0,0,0,0,0,0,0,16712190,"","","",4294967295,0,0,"mewrought Key.","",0,0,0,0,0,0,0,0,0,0,0,0,0,0,0,16711932,"",0,0,0,0,0,0,0,0,0,0,0,0,0,0,0,16711932,"","","Azeroth",1065353216,0,0,0,0,0,0,0,0,0,0,0,0,0,0,0,0,16711884,"",0,0,0,0,0,0,0,0,0,0,0,0,0,0,0,16711884,0,0,0,0,0,0,0,0,0,0,0,0,0,0,0,0,16711884,1,3312730245,1150107677,0,0,0,4294967295,""
"y... an army eager for righteous slaughter.","AlliancePVPBarracks","","","Alliance PVP Barracks",0,0,0,0,0,0,0,0,0,0,0,0,0,0,0,16712190,"","","",4294967295,0,0,"aid","",0,0,0,0,0,0,0,0,0,0,0,0,0,0,0,16711932,"",0,0,0,0,0,0,0,0,0,0,0,0,0,0,0,16711932,"'s own clan of orcs, the Frostwolves. The Stormpike dwarves have established a foothold in the valley and seek to plumb its depths for riches and links to their ancestral past. The territorial Frostwolves, unwilling to suffer the dwarven incursion, have rallied an army... an army eager for righteous slaughter.","","Azeroth",1065353216,0,0,0,0,0,0,0,0,0,0,0,0,0,0,0,0,16711884,"",0,0,0,0,0,0,0,0,0,0,0,0,0,0,0,16711884,0,0,0,0,0,0,0,0,0,0,0,0,0,0,0,0,16711884,0,0,0,0,0,0,4294967295,""
"... an army eager for righteous slaughter.","HordePVPBarracks","","","Horde PVP Barracks",0,0,0,0,0,0,0,0,0,0,0,0,0,0,0,16712190,"","","",4294967295,0,0,"Raid","",0,0,0,0,0,0,0,0,0,0,0,0,0,0,0,16711932,"",0,0,0,0,0,0,0,0,0,0,0,0,0,0,0,16711932,"s own clan of orcs, the Frostwolves. The Stormpike dwarves have established a foothold in the valley and seek to plumb its depths for riches and links to their ancestral past. The territorial Frostwolves, unwilling to suffer the dwarven incursion, have rallied an army... an army eager for righteous slaughter.","","Azeroth",1065353216,0,0,0,0,0,0,0,0,0,0,0,0,0,0,0,0,16711884,"",0,0,0,0,0,0,0,0,0,0,0,0,0,0,0,16711884,0,0,0,0,0,0,0,0,0,0,0,0,0,0,0,0,16711884,0,0,0,0,0,0,4294967295,""
".. an army eager for righteous slaughter.","development","","","Development Land",0,0,0,0,0,0,0,0,0,0,0,0,0,0,0,16712190,"","","",4294967295,0,0,"","",0,0,0,0,0,0,0,0,0,0,0,0,0,0,0,16711932,"",0,0,0,0,0,0,0,0,0,0,0,0,0,0,0,16711932,"doms","","Azeroth",1065353216,0,0,0,0,0,0,0,0,0,0,0,0,0,0,0,0,16711884,"",0,0,0,0,0,0,0,0,0,0,0,0,0,0,0,16711884,0,0,0,0,0,0,0,0,0,0,0,0,0,0,0,0,16711884,0,0,0,0,0,0,4294967295,""
"or righteous slaughter.","BlackwingLair","zeroth","","Blackwing Lair",0,0,0,0,0,0,0,0,0,0,0,0,0,0,0,16712190,"","","",4294967295,0,0,"","",0,0,0,0,0,0,0,0,0,0,0,0,0,0,0,16711932,"",0,0,0,0,0,0,0,0,0,0,0,0,0,0,0,16711932,"ns, Alterac Valley is the home of Thrall's own clan of orcs, the Frostwolves. The Stormpike dwarves have established a foothold in the valley and seek to plumb its depths for riches and links to their ancestral past. The territorial Frostwolves, unwilling to suffer the dwarven incursion, have rallied an army... an army eager for righteous slaughter.","","Azeroth",1065353216,0,0,0,0,0,0,0,0,0,0,0,0,0,0,0,0,16711884,"",0,0,0,0,0,0,0,0,0,0,0,0,0,0,0,16711884,0,0,0,0,0,0,0,0,0,0,0,0,0,0,0,0,16711884,0,3320806221,3298317652,604800,0,0,4294967295,""
"er.","PVPZone03","eroth","Azeroth","Warsong Gulch",0,0,0,0,0,0,0,0,0,0,0,0,0,0,0,16712190,"astern Kingdoms","est","astern Kingdoms",4294967295,0,0,"oun: Mana-Tombs","A valley bordering Ashenvale Forest and the Barrens, Warsong Gulch hosts a constant battle between the Horde and the Alliance. Orcs use their Warsong Mill to cut lumber reaped from Ashenvale, provoking the night elves of Silverwing Hold. Eager to aid their allies, members of every race in Azeroth rush to the Gulch to lend sword, or spell, to the conflict.",0,0,0,0,0,0,0,0,0,0,0,0,0,0,0,16712190,"A valley bordering Ashenvale Forest and the Barrens, Warsong Gulch hosts a constant battle between the Horde and the Alliance. Orcs use their Warsong Mill to cut lumber reaped from Ashenvale, provoking the night elves of Silverwing Hold. Eager to aid their allies, members of every race in Azeroth rush to the Gulch to lend sword, or spell, to the conflict.",0,0,0,0,0,0,0,0,0,0,0,0,0,0,0,16712190,"the Alterac Mountains, Alterac Valley is the home of Thrall's own clan of orcs, the Frostwolves. The Stormpike dwarves have established a foothold in the valley and seek to plumb its depths for riches and links to their ancestral past. The territorial Frostwolves, unwilling to suffer the dwarven incursion, have rallied an army... an army eager for righteous slaughter.","astern Kingdoms","Azeroth",1065353216,0,0,0,0,0,0,0,0,0,0,0,0,0,0,0,0,16711884,"",0,0,0,0,0,0,0,0,0,0,0,0,0,0,0,16711884,0,0,0,0,0,0,0,0,0,0,0,0,0,0,0,0,16711884,0,0,0,0,0,0,4294967295,""
"wfang Keep","AhnQiraj","zeroth","","Ruins of Ahn'Qiraj",0,0,0,0,0,0,0,0,0,0,0,0,0,0,0,16712190,"","","",4294967295,0,0,"ge Arena","",0,0,0,0,0,0,0,0,0,0,0,0,0,0,0,16711916,"",0,0,0,0,0,0,0,0,0,0,0,0,0,0,0,16711932,"own clan of orcs, the Frostwolves. The Stormpike dwarves have established a foothold in the valley and seek to plumb its depths for riches and links to their ancestral past. The territorial Frostwolves, unwilling to suffer the dwarven incursion, have rallied an army... an army eager for righteous slaughter.","","Azeroth",1065353216,0,0,0,0,0,0,0,0,0,0,0,0,0,0,0,0,16711884,"",0,0,0,0,0,0,0,0,0,0,0,0,0,0,0,16711884,0,0,0,0,0,0,0,0,0,0,0,0,0,0,0,0,16711884,1,3321729975,1153354676,259200,0,0,4294967295,""
"Jail","PVPZone04","eroth","Azeroth","Arathi Basin",0,0,0,0,0,0,0,0,0,0,0,0,0,0,0,16712190,"gdoms","est","n Kingdoms",4294967295,0,0,"rena","The Arathi Basin is one of the main staging points of war between the humans and the Forsaken in Azeroth. The League of Arathor seek to reclaim lost lands for their benefactors in Stormwind, while the Defilers elite troopers under the watchful eye of Varimathras seek to sever the vital connection between the humans and their dwarven allies to the south.",0,0,0,0,0,0,0,0,0,0,0,0,0,0,0,16712190,"The Arathi Basin is one of the main staging points of war between the humans and the Forsaken in Azeroth. The League of Arathor seek to reclaim lost lands for their benefactors in Stormwind, while the Defilers elite troopers under the watchful eye of Varimathras seek to sever the vital connection between the humans and their dwarven allies to the south.",0,0,0,0,0,0,0,0,0,0,0,0,0,0,0,16712190," own clan of orcs, the Frostwolves. The Stormpike dwarves have established a foothold in the valley and seek to plumb its depths for riches and links to their ancestral past. The territorial Frostwolves, unwilling to suffer the dwarven incursion, have rallied an army... an army eager for righteous slaughter.","astern Kingdoms","Azeroth",1067450368,0,0,0,0,0,0,0,0,0,0,0,0,0,0,0,0,16711884,"",0,0,0,0,0,0,0,0,0,0,0,0,0,0,0,16711884,0,0,0,0,0,0,0,0,0,0,0,0,0,0,0,0,16711884,0,0,0,0,0,0,4294967295,""
"ail","Expansion01","","","Outland",0,0,0,0,0,0,0,0,0,0,0,0,0,0,0,16712190,"","","",4294967295,0,0,"","",0,0,0,0,0,0,0,0,0,0,0,0,0,0,0,16711884,"",0,0,0,0,0,0,0,0,0,0,0,0,0,0,0,16711884,"cs, the Frostwolves. The Stormpike dwarves have established a foothold in the valley and seek to plumb its depths for riches and links to their ancestral past. The territorial Frostwolves, unwilling to suffer the dwarven incursion, have rallied an army... an army eager for righteous slaughter.","","Azeroth",1065353216,0,0,0,0,0,0,0,0,0,0,0,0,0,0,0,0,16711884,"",0,0,0,0,0,0,0,0,0,0,0,0,0,0,0,16711884,0,0,0,0,0,0,0,0,0,0,0,0,0,0,0,0,16711884,0,0,0,0,0,0,4294967295,"Azeroth"
"il","AhnQirajTemple","zeroth","","Ahn'Qiraj Temple",0,0,0,0,0,0,0,0,0,0,0,0,0,0,0,16712190,"","","",4294967295,0,0,"dge Arena","",0,0,0,0,0,0,0,0,0,0,0,0,0,0,0,16711916,"",0,0,0,0,0,0,0,0,0,0,0,0,0,0,0,16711932,"wn clan of orcs, the Frostwolves. The Stormpike dwarves have established a foothold in the valley and seek to plumb its depths for riches and links to their ancestral past. The territorial Frostwolves, unwilling to suffer the dwarven incursion, have rallied an army... an army eager for righteous slaughter.","","Azeroth",1065353216,0,0,0,0,0,0,0,0,0,0,0,0,0,0,0,0,16711884,"",0,0,0,0,0,0,0,0,0,0,0,0,0,0,0,16711884,0,0,0,0,0,0,0,0,0,0,0,0,0,0,0,0,16711884,1,3321724363,1153358117,604800,0,0,4294967295,""
"l","Karazahn","zeroth","","Karazhan",0,0,0,0,0,0,0,0,0,0,0,0,0,0,0,16712190,"","","",4294967295,0,0,"emple","",0,0,0,0,0,0,0,0,0,0,0,0,0,0,0,16711884,"",0,0,0,0,0,0,0,0,0,0,0,0,0,0,0,16711884,", the Frostwolves. The Stormpike dwarves have established a foothold in the valley and seek to plumb its depths for riches and links to their ancestral past. The territorial Frostwolves, unwilling to suffer the dwarven incursion, have rallied an army... an army eager for righteous slaughter.","","Azeroth",1065353216,0,0,0,0,0,0,0,0,0,0,0,0,0,0,0,0,16711884,"",0,0,0,0,0,0,0,0,0,0,0,0,0,0,0,16711884,0,0,0,0,0,0,0,0,0,0,0,0,0,0,0,0,16711884,0,3324877217,3304751639,604800,0,0,4294967295,"Azeroth"
"","Stratholme Raid","zeroth","","Naxxramas",0,0,0,0,0,0,0,0,0,0,0,0,0,0,0,16712190,"","","",4294967295,0,0,"Temple","",0,0,0,0,0,0,0,0,0,0,0,0,0,0,0,16711884,"",0,0,0,0,0,0,0,0,0,0,0,0,0,0,0,16711884,"rcs, the Frostwolves. The Stormpike dwarves have established a foothold in the valley and seek to plumb its depths for riches and links to their ancestral past. The territorial Frostwolves, unwilling to suffer the dwarven incursion, have rallied an army... an army eager for righteous slaughter.","","Azeroth",1065353216,0,0,0,0,0,0,0,0,0,0,0,0,0,0,0,0,16711884,"",0,0,0,0,0,0,0,0,0,0,0,0,0,0,0,16711884,0,0,0,0,0,0,0,0,0,0,0,0,0,0,0,0,16711884,0,0,0,604800,0,0,4294967295,""
"Stormwind Stockade","HyjalPast","zeroth","","The Battle for Mount Hyjal",0,0,0,0,0,0,0,0,0,0,0,0,0,0,0,16712190,"","","",4294967295,0,0,"ines","",0,0,0,0,0,0,0,0,0,0,0,0,0,0,0,16711884,"",0,0,0,0,0,0,0,0,0,0,0,0,0,0,0,16711884,"olves. The Stormpike dwarves have established a foothold in the valley and seek to plumb its depths for riches and links to their ancestral past. The territorial Frostwolves, unwilling to suffer the dwarven incursion, have rallied an army... an army eager for righteous slaughter.","","Azeroth",1065353216,0,0,0,0,0,0,0,0,0,0,0,0,0,0,0,0,16711884,"",0,0,0,0,0,0,0,0,0,0,0,0,0,0,0,16711884,0,0,0,0,0,0,0,0,0,0,0,0,0,0,0,0,16711884,1,3321861136,3313676391,604800,0,0,4294967295,"Azeroth"
"ind Stockade","HellfireMilitary","Azeroth","","Hellfire Citadel: The Shattered Halls",0,0,0,0,0,0,0,0,0,0,0,0,0,0,0,16712190,"","","",4294967295,0,0," seek to claim it due to its proximity to the naaru's mysterious vessel - Tempest Keep.","",0,0,0,0,0,0,0,0,0,0,0,0,0,0,0,16711884,"",0,0,0,0,0,0,0,0,0,0,0,0,0,0,0,16711884,"s, the Frostwolves. The Stormpike dwarves have established a foothold in the valley and seek to plumb its depths for riches and links to their ancestral past. The territorial Frostwolves, unwilling to suffer the dwarven incursion, have rallied an army... an army eager for righteous slaughter.","","Azeroth",1065353216,0,0,0,0,0,0,0,0,0,0,0,0,0,0,0,0,16711884,"Heroic Difficulty requires the Flamewrought Key.",0,0,0,0,0,0,0,0,0,0,0,0,0,0,0,16712190,0,0,0,0,0,0,0,0,0,0,0,0,0,0,0,0,16711884,530,3281608972,1161791224,0,86400,0,4294967295,"Azeroth"
"d Stockade","HellfireDemon","Azeroth","","Hellfire Citadel: The Blood Furnace",0,0,0,0,0,0,0,0,0,0,0,0,0,0,0,16712190,"","","",4294967295,0,0,"i seek to claim it due to its proximity to the naaru's mysterious vessel - Tempest Keep.","",0,0,0,0,0,0,0,0,0,0,0,0,0,0,0,16711884,"",0,0,0,0,0,0,0,0,0,0,0,0,0,0,0,16711884,"s, the Frostwolves. The Stormpike dwarves have established a foothold in the valley and seek to plumb its depths for riches and links to their ancestral past. The territorial Frostwolves, unwilling to suffer the dwarven incursion, have rallied an army... an army eager for righteous slaughter.","","Azeroth",1065353216,0,0,0,0,0,0,0,0,0,0,0,0,0,0,0,0,16711884,"Heroic Difficulty requires the Flamewrought Key.",0,0,0,0,0,0,0,0,0,0,0,0,0,0,0,16712190,0,0,0,0,0,0,0,0,0,0,0,0,0,0,0,0,16711884,530,3281237421,1162149858,0,86400,0,4294967295,"Azeroth"
" Stockade","HellfireRampart","Azeroth","","Hellfire Citadel: Ramparts",0,0,0,0,0,0,0,0,0,0,0,0,0,0,0,16712190,"","","",4294967295,0,0," Netherstorm is the island known as the Eye of the Storm.  This battlefield is coveted by the blood elves for its rich energy deposits - and the draenei seek to claim it due to its proximity to the naaru's mysterious vessel - Tempest Keep.","",0,0,0,0,0,0,0,0,0,0,0,0,0,0,0,16711884,"",0,0,0,0,0,0,0,0,0,0,0,0,0,0,0,16711884,"s, the Frostwolves. The Stormpike dwarves have established a foothold in the valley and seek to plumb its depths for riches and links to their ancestral past. The territorial Frostwolves, unwilling to suffer the dwarven incursion, have rallied an army... an army eager for righteous slaughter.","","Azeroth",1065353216,0,0,0,0,0,0,0,0,0,0,0,0,0,0,0,0,16711884,"Heroic Difficulty requires the Flamewrought Key.",0,0,0,0,0,0,0,0,0,0,0,0,0,0,0,16712190,0,0,0,0,0,0,0,0,0,0,0,0,0,0,0,0,16711884,530,3283355234,1161805396,0,86400,0,4294967295,"Azeroth"
"Stockade","HellfireRaid","zeroth","","Magtheridon's Lair",0,0,0,0,0,0,0,0,0,0,0,0,0,0,0,16712190,"","","",4294967295,0,0,"s of Lordaeron","",0,0,0,0,0,0,0,0,0,0,0,0,0,0,0,16711884,"",0,0,0,0,0,0,0,0,0,0,0,0,0,0,0,16711884,"ostwolves. The Stormpike dwarves have established a foothold in the valley and seek to plumb its depths for riches and links to their ancestral past. The territorial Frostwolves, unwilling to suffer the dwarven incursion, have rallied an army... an army eager for righteous slaughter.","","Azeroth",1065353216,0,0,0,0,0,0,0,0,0,0,0,0,0,0,0,0,16711884,"",0,0,0,0,0,0,0,0,0,0,0,0,0,0,0,16711884,0,0,0,0,0,0,0,0,0,0,0,0,0,0,0,0,16711884,530,3282378223,1161964077,604800,0,0,4294967295,"Azeroth"
"tockade","CoilfangPumping","Azeroth","","Coilfang: The Steamvault",0,0,0,0,0,0,0,0,0,0,0,0,0,0,0,16712190,"","","",4294967295,0,0,"seek to claim it due to its proximity to the naaru's mysterious vessel - Tempest Keep.","",0,0,0,0,0,0,0,0,0,0,0,0,0,0,0,16711884,"",0,0,0,0,0,0,0,0,0,0,0,0,0,0,0,16711884,"rostwolves. The Stormpike dwarves have established a foothold in the valley and seek to plumb its depths for riches and links to their ancestral past. The territorial Frostwolves, unwilling to suffer the dwarven incursion, have rallied an army... an army eager for righteous slaughter.","","Azeroth",1065353216,0,0,0,0,0,0,0,0,0,0,0,0,0,0,0,0,16711884,"Heroic Difficulty requires the Reservoir Key.",0,0,0,0,0,0,0,0,0,0,0,0,0,0,0,16712190,0,0,0,0,0,0,0,0,0,0,0,0,0,0,0,0,16711884,530,1144983045,1171789987,0,86400,0,4294967295,"Azeroth"
"ockade","CoilfangMarsh","Azeroth","","Coilfang: The Underbog",0,0,0,0,0,0,0,0,0,0,0,0,0,0,0,16712190,"","","",4294967295,0,0,"eek to claim it due to its proximity to the naaru's mysterious vessel - Tempest Keep.","",0,0,0,0,0,0,0,0,0,0,0,0,0,0,0,16711884,"",0,0,0,0,0,0,0,0,0,0,0,0,0,0,0,16711884,"rostwolves. The Stormpike dwarves have established a foothold in the valley and seek to plumb its depths for riches and links to their ancestral past. The territorial Frostwolves, unwilling to suffer the dwarven incursion, have rallied an army... an army eager for righteous slaughter.","","Azeroth",1065353216,0,0,0,0,0,0,0,0,0,0,0,0,0,0,0,0,16711884,"Heroic Difficulty requires the Reservoir Key.",0,0,0,0,0,0,0,0,0,0,0,0,0,0,0,16712190,0,0,0,0,0,0,0,0,0,0,0,0,0,0,0,0,16711884,530,1144989749,1171488917,0,86400,0,4294967295,"Azeroth"
"ckade","CoilfangDraenei","Azeroth","","Coilfang: The Slave Pens",0,0,0,0,0,0,0,0,0,0,0,0,0,0,0,16712190,"","","",4294967295,0,0,"ek to claim it due to its proximity to the naaru's mysterious vessel - Tempest Keep.","",0,0,0,0,0,0,0,0,0,0,0,0,0,0,0,16711884,"",0,0,0,0,0,0,0,0,0,0,0,0,0,0,0,16711884,"rostwolves. The Stormpike dwarves have established a foothold in the valley and seek to plumb its depths for riches and links to their ancestral past. The territorial Frostwolves, unwilling to suffer the dwarven incursion, have rallied an army... an army eager for righteous slaughter.","","Azeroth",1065353216,0,0,0,0,0,0,0,0,0,0,0,0,0,0,0,0,16711884,"Heroic Difficulty requires the Reservoir Key.",0,0,0,0,0,0,0,0,0,0,0,0,0,0,0,16712190,0,0,0,0,0,0,0,0,0,0,0,0,0,0,0,0,16711884,530,1144621600,1171987101,0,86400,0,4294967295,"Azeroth"
"kade","CoilfangRaid","zeroth","","Coilfang: Serpentshrine Cavern",0,0,0,0,0,0,0,0,0,0,0,0,0,0,0,16712190,"","","",4294967295,0,0,"f the Storm.  This battlefield is coveted by the blood elves for its rich energy deposits - and the draenei seek to claim it due to its proximity to the naaru's mysterious vessel - Tempest Keep.","",0,0,0,0,0,0,0,0,0,0,0,0,0,0,0,16711884,"",0,0,0,0,0,0,0,0,0,0,0,0,0,0,0,16711884,"rostwolves. The Stormpike dwarves have established a foothold in the valley and seek to plumb its depths for riches and links to their ancestral past. The territorial Frostwolves, unwilling to suffer the dwarven incursion, have rallied an army... an army eager for righteous slaughter.","","Azeroth",1065353216,0,0,0,0,0,0,0,0,0,0,0,0,0,0,0,0,16711884,"",0,0,0,0,0,0,0,0,0,0,0,0,0,0,0,16711884,0,0,0,0,0,0,0,0,0,0,0,0,0,0,0,0,16711884,530,1145172564,1171687921,604800,0,0,4294967295,"Azeroth"
"de","TempestKeepRaid","zeroth","","Tempest Keep",0,0,0,0,0,0,0,0,0,0,0,0,0,0,0,16712190,"","","",4294967295,0,0,"aeron","",0,0,0,0,0,0,0,0,0,0,0,0,0,0,0,16711884,"",0,0,0,0,0,0,0,0,0,0,0,0,0,0,0,16711884,"Frostwolves. The Stormpike dwarves have established a foothold in the valley and seek to plumb its depths for riches and links to their ancestral past. The territorial Frostwolves, unwilling to suffer the dwarven incursion, have rallied an army... an army eager for righteous slaughter.","","Azeroth",1065353216,0,0,0,0,0,0,0,0,0,0,0,0,0,0,0,0,16711884,"",0,0,0,0,0,0,0,0,0,0,0,0,0,0,0,16711884,0,0,0,0,0,0,0,0,0,0,0,0,0,0,0,0,16711884,0,0,0,604800,0,0,4294967295,"Azeroth"
"","TempestKeepArcane","Azeroth","","Tempest Keep: The Arcatraz",0,0,0,0,0,0,0,0,0,0,0,0,0,0,0,16712190,"","","",4294967295,0,0,"on","",0,0,0,0,0,0,0,0,0,0,0,0,0,0,0,16711884,"",0,0,0,0,0,0,0,0,0,0,0,0,0,0,0,16711884,"Frostwolves. The Stormpike dwarves have established a foothold in the valley and seek to plumb its depths for riches and links to their ancestral past. The territorial Frostwolves, unwilling to suffer the dwarven incursion, have rallied an army... an army eager for righteous slaughter.","","Azeroth",1065353216,0,0,0,0,0,0,0,0,0,0,0,0,0,0,0,0,16711884,"Heroic Difficulty requires the Warpforged Key.",0,0,0,0,0,0,0,0,0,0,0,0,0,0,0,16712190,0,0,0,0,0,0,0,0,0,0,0,0,0,0,0,0,16711884,0,0,0,0,86400,0,4294967295,"Azeroth"
"StormwindPrison","TempestKeepAtrium","Azeroth","","Tempest Keep: The Botanica",0,0,0,0,0,0,0,0,0,0,0,0,0,0,0,16712190,"","","",4294967295,0,0,"ron","",0,0,0,0,0,0,0,0,0,0,0,0,0,0,0,16711884,"",0,0,0,0,0,0,0,0,0,0,0,0,0,0,0,16711884,"Frostwolves. The Stormpike dwarves have established a foothold in the valley and seek to plumb its depths for riches and links to their ancestral past. The territorial Frostwolves, unwilling to suffer the dwarven incursion, have rallied an army... an army eager for righteous slaughter.","","Azeroth",1065353216,0,0,0,0,0,0,0,0,0,0,0,0,0,0,0,0,16711884,"Heroic Difficulty requires the Warpforged Key.",0,0,0,0,0,0,0,0,0,0,0,0,0,0,0,16712190,0,0,0,0,0,0,0,0,0,0,0,0,0,0,0,0,16711884,0,0,0,0,86400,0,4294967295,"Azeroth"
"tormwindPrison","TempestKeepFactory","Azeroth","","Tempest Keep: The Mechanar",0,0,0,0,0,0,0,0,0,0,0,0,0,0,0,16712190,"","","",4294967295,0,0,"n","",0,0,0,0,0,0,0,0,0,0,0,0,0,0,0,16711884,"",0,0,0,0,0,0,0,0,0,0,0,0,0,0,0,16711884,"Frostwolves. The Stormpike dwarves have established a foothold in the valley and seek to plumb its depths for riches and links to their ancestral past. The territorial Frostwolves, unwilling to suffer the dwarven incursion, have rallied an army... an army eager for righteous slaughter.","","Azeroth",1065353216,0,0,0,0,0,0,0,0,0,0,0,0,0,0,0,0,16711884,"Heroic Difficulty requires the Warpforged Key.",0,0,0,0,0,0,0,0,0,0,0,0,0,0,0,16712190,0,0,0,0,0,0,0,0,0,0,0,0,0,0,0,0,16711884,0,0,0,0,86400,0,4294967295,"Azeroth"
"ormwindPrison","AuchindounShadow","Azeroth","","Auchindoun: Shadow Labyrinth",0,0,0,0,0,0,0,0,0,0,0,0,0,0,0,16712190,"","","",4294967295,0,0,"empest Keep.","",0,0,0,0,0,0,0,0,0,0,0,0,0,0,0,16711884,"",0,0,0,0,0,0,0,0,0,0,0,0,0,0,0,16711884," the Frostwolves. The Stormpike dwarves have established a foothold in the valley and seek to plumb its depths for riches and links to their ancestral past. The territorial Frostwolves, unwilling to suffer the dwarven incursion, have rallied an army... an army eager for righteous slaughter.","","Azeroth",1065353216,0,0,0,0,0,0,0,0,0,0,0,0,0,0,0,0,16711884,"Heroic Difficulty requires the Auchenai Key.",0,0,0,0,0,0,0,0,0,0,0,0,0,0,0,16712190,0,0,0,0,0,0,0,0,0,0,0,0,0,0,0,0,16711884,530,3311635201,1167751501,0,86400,0,4294967295,"Azeroth"
"rmwindPrison","AuchindounDemon","Azeroth","","Auchindoun: Sethekk Halls",0,0,0,0,0,0,0,0,0,0,0,0,0,0,0,16712190,"","","",4294967295,0,0,"pest Keep.","",0,0,0,0,0,0,0,0,0,0,0,0,0,0,0,16711884,"",0,0,0,0,0,0,0,0,0,0,0,0,0,0,0,16711884," the Frostwolves. The Stormpike dwarves have established a foothold in the valley and seek to plumb its depths for riches and links to their ancestral past. The territorial Frostwolves, unwilling to suffer the dwarven incursion, have rallied an army... an army eager for righteous slaughter.","","Azeroth",1065353216,0,0,0,0,0,0,0,0,0,0,0,0,0,0,0,0,16711884,"Heroic Difficulty requires the Auchenai Key.",0,0,0,0,0,0,0,0,0,0,0,0,0,0,0,16712190,0,0,0,0,0,0,0,0,0,0,0,0,0,0,0,0,16711884,530,3310493133,1167183037,0,86400,0,4294967295,"Azeroth"
"mwindPrison","AuchindounEthereal","Azeroth","","Auchindoun: Mana-Tombs",0,0,0,0,0,0,0,0,0,0,0,0,0,0,0,16712190,"","","",4294967295,0,0,"est Keep.","",0,0,0,0,0,0,0,0,0,0,0,0,0,0,0,16711884,"",0,0,0,0,0,0,0,0,0,0,0,0,0,0,0,16711884," the Frostwolves. The Stormpike dwarves have established a foothold in the valley and seek to plumb its depths for riches and links to their ancestral past. The territorial Frostwolves, unwilling to suffer the dwarven incursion, have rallied an army... an army eager for righteous slaughter.","","Azeroth",1065353216,0,0,0,0,0,0,0,0,0,0,0,0,0,0,0,0,16711884,"Heroic Difficulty requires the Auchenai Key.",0,0,0,0,0,0,0,0,0,0,0,0,0,0,0,16712190,0,0,0,0,0,0,0,0,0,0,0,0,0,0,0,0,16711884,530,3309377603,1167750669,0,86400,0,4294967295,"Azeroth"
"windPrison","AuchindounDraenei","Azeroth","","Auchindoun: Auchenai Crypts",0,0,0,0,0,0,0,0,0,0,0,0,0,0,0,16712190,"","","",4294967295,0,0,"mpest Keep.","",0,0,0,0,0,0,0,0,0,0,0,0,0,0,0,16711884,"",0,0,0,0,0,0,0,0,0,0,0,0,0,0,0,16711884," the Frostwolves. The Stormpike dwarves have established a foothold in the valley and seek to plumb its depths for riches and links to their ancestral past. The territorial Frostwolves, unwilling to suffer the dwarven incursion, have rallied an army... an army eager for righteous slaughter.","","Azeroth",1065353216,0,0,0,0,0,0,0,0,0,0,0,0,0,0,0,0,16711884,"Heroic Difficulty requires the Auchenai Key.",0,0,0,0,0,0,0,0,0,0,0,0,0,0,0,16712190,0,0,0,0,0,0,0,0,0,0,0,0,0,0,0,0,16711884,530,3310499594,1168188324,0,86400,0,4294967295,"Azeroth"
"indPrison","PVPZone05","roth","","Nagrand Arena",0,0,0,0,0,0,0,0,0,0,0,0,0,0,0,16712190,"astern Kingdoms","est","oth",4294967295,0,0,"","",0,0,0,0,0,0,0,0,0,0,0,0,0,0,0,16711884,"",0,0,0,0,0,0,0,0,0,0,0,0,0,0,0,16711884,"The Stormpike dwarves have established a foothold in the valley and seek to plumb its depths for riches and links to their ancestral past. The territorial Frostwolves, unwilling to suffer the dwarven incursion, have rallied an army... an army eager for righteous slaughter.","oth","Azeroth",1065353216,0,0,0,0,0,0,0,0,0,0,0,0,0,0,0,0,16711884,"",0,0,0,0,0,0,0,0,0,0,0,0,0,0,0,16711884,0,0,0,0,0,0,0,0,0,0,0,0,0,0,0,0,16711884,0,0,0,0,0,0,4294967295,""
"ndPrison","HillsbradPast","Azeroth","","The Escape From Durnholde",0,0,0,0,0,0,0,0,0,0,0,0,0,0,0,16712190,"","","",4294967295,0,0,"d in the valley and seek to plumb its depths for riches and links to their ancestral past. The territorial Frostwolves, unwilling to suffer the dwarven incursion, have rallied an army... an army eager for righteous slaughter.","",0,0,0,0,0,0,0,0,0,0,0,0,0,0,0,16711884,"",0,0,0,0,0,0,0,0,0,0,0,0,0,0,0,16711884,"olves. The Stormpike dwarves have established a foothold in the valley and seek to plumb its depths for riches and links to their ancestral past. The territorial Frostwolves, unwilling to suffer the dwarven incursion, have rallied an army... an army eager for righteous slaughter.","","Azeroth",1065353216,0,0,0,0,0,0,0,0,0,0,0,0,0,0,0,0,16711884,"Heroic Difficulty requires the Key of Time.",0,0,0,0,0,0,0,0,0,0,0,0,0,0,0,16712190,0,0,0,0,0,0,0,0,0,0,0,0,0,0,0,0,16711884,1,3322009405,3313358884,0,86400,0,4294967295,"Azeroth"
"Prison","bladesedgearena","roth","","Blade's Edge Arena",0,0,0,0,0,0,0,0,0,0,0,0,0,0,0,16712190,"astern Kingdoms","est","",4294967295,0,0," the draenei seek to claim it due to its proximity to the naaru's mysterious vessel - Tempest Keep.","",0,0,0,0,0,0,0,0,0,0,0,0,0,0,0,16711884,"",0,0,0,0,0,0,0,0,0,0,0,0,0,0,0,16711884," The Stormpike dwarves have established a foothold in the valley and seek to plumb its depths for riches and links to their ancestral past. The territorial Frostwolves, unwilling to suffer the dwarven incursion, have rallied an army... an army eager for righteous slaughter.","oth","Azeroth",1065353216,0,0,0,0,0,0,0,0,0,0,0,0,0,0,0,0,16711884,"",0,0,0,0,0,0,0,0,0,0,0,0,0,0,0,16711884,0,0,0,0,0,0,0,0,0,0,0,0,0,0,0,0,16711884,0,0,0,0,0,0,4294967295,""
"ison","BlackTemple","zeroth","","Black Temple",0,0,0,0,0,0,0,0,0,0,0,0,0,0,0,16712190,"","","",4294967295,0,0,"","",0,0,0,0,0,0,0,0,0,0,0,0,0,0,0,16711884,"",0,0,0,0,0,0,0,0,0,0,0,0,0,0,0,16711884,"es. The Stormpike dwarves have established a foothold in the valley and seek to plumb its depths for riches and links to their ancestral past. The territorial Frostwolves, unwilling to suffer the dwarven incursion, have rallied an army... an army eager for righteous slaughter.","","Azeroth",1065353216,0,0,0,0,0,0,0,0,0,0,0,0,0,0,0,0,16711884,"",0,0,0,0,0,0,0,0,0,0,0,0,0,0,0,16711884,0,0,0,0,0,0,0,0,0,0,0,0,0,0,0,0,16711884,530,3311650928,1134470551,604800,0,0,4294967295,"Azeroth"
"son","GruulsLair","zeroth","","Gruul's Lair",0,0,0,0,0,0,0,0,0,0,0,0,0,0,0,16712190,"","","",4294967295,0,0,"rdine","",0,0,0,0,0,0,0,0,0,0,0,0,0,0,0,16711884,"",0,0,0,0,0,0,0,0,0,0,0,0,0,0,0,16711884,"lves. The Stormpike dwarves have established a foothold in the valley and seek to plumb its depths for riches and links to their ancestral past. The territorial Frostwolves, unwilling to suffer the dwarven incursion, have rallied an army... an army eager for righteous slaughter.","","Azeroth",1065353216,0,0,0,0,0,0,0,0,0,0,0,0,0,0,0,0,16711884,"",0,0,0,0,0,0,0,0,0,0,0,0,0,0,0,16711884,0,0,0,0,0,0,0,0,0,0,0,0,0,0,0,0,16711884,530,1163679551,1168163125,604800,0,0,4294967295,"Azeroth"
"on","NetherstormBG","eroth","Azeroth","Eye of the Storm",0,0,0,0,0,0,0,0,0,0,0,0,0,0,0,16712190,"tt Test","est","n Kingdoms",4294967295,0,0,"","Hovering high above the ravaged landscape of Netherstorm is the island known as the Eye of the Storm.  This battlefield is coveted by the blood elves for its rich energy deposits - and the draenei seek to claim it due to its proximity to the naaru's mysterious vessel - Tempest Keep.",0,0,0,0,0,0,0,0,0,0,0,0,0,0,0,16712190,"Hovering high above the ravaged landscape of Netherstorm is the island known as the Eye of the Storm.  This battlefield is coveted by the blood elves for its rich energy deposits - and the draenei seek to claim it due to its proximity to the naaru's mysterious vessel - Tempest Keep.",0,0,0,0,0,0,0,0,0,0,0,0,0,0,0,16712190,"twolves. The Stormpike dwarves have established a foothold in the valley and seek to plumb its depths for riches and links to their ancestral past. The territorial Frostwolves, unwilling to suffer the dwarven incursion, have rallied an army... an army eager for righteous slaughter.","astern Kingdoms","Azeroth",1065353216,0,0,0,0,0,0,0,0,0,0,0,0,0,0,0,0,16711884,"",0,0,0,0,0,0,0,0,0,0,0,0,0,0,0,16711884,0,0,0,0,0,0,0,0,0,0,0,0,0,0,0,0,16711884,0,0,0,0,0,0,4294967295,"Azeroth"
"","ZulAman","zeroth","","Zul'Aman",0,0,0,0,0,0,0,0,0,0,0,0,0,0,0,16712190,"","","",4294967295,0,0,"","",0,0,0,0,0,0,0,0,0,0,0,0,0,0,0,16711884,"",0,0,0,0,0,0,0,0,0,0,0,0,0,0,0,16711884,"ves. The Stormpike dwarves have established a foothold in the valley and seek to plumb its depths for riches and links to their ancestral past. The territorial Frostwolves, unwilling to suffer the dwarven incursion, have rallied an army... an army eager for righteous slaughter.","","Azeroth",1065353216,0,0,0,0,0,0,0,0,0,0,0,0,0,0,0,0,16711884,"",0,0,0,0,0,0,0,0,0,0,0,0,0,0,0,16711884,0,0,0,0,0,0,0,0,0,0,0,0,0,0,0,0,16711884,530,1171658795,3321474485,259200,0,0,4294967295,"Azeroth"
"used>StormwindPrison","PVPLordaeron","roth","","Ruins of Lordaeron",0,0,0,0,0,0,0,0,0,0,0,0,0,0,0,16712190,"astern Kingdoms","est","",4294967295,0,0,"","",0,0,0,0,0,0,0,0,0,0,0,0,0,0,0,16711884,"",0,0,0,0,0,0,0,0,0,0,0,0,0,0,0,16711884,". The Stormpike dwarves have established a foothold in the valley and seek to plumb its depths for riches and links to their ancestral past. The territorial Frostwolves, unwilling to suffer the dwarven incursion, have rallied an army... an army eager for righteous slaughter.","oth","Azeroth",1065353216,0,0,0,0,0,0,0,0,0,0,0,0,0,0,0,0,16711884,"",0,0,0,0,0,0,0,0,0,0,0,0,0,0,0,16711884,0,0,0,0,0,0,0,0,0,0,0,0,0,0,0,0,16711884,0,0,0,0,0,0,4294967295,""
"rmwindPrison","SunwellPlateau","zeroth","","The Sunwell",0,0,0,0,0,0,0,0,0,0,0,0,0,0,0,16712190,"","","",4294967295,0,0,"","",0,0,0,0,0,0,0,0,0,0,0,0,0,0,0,16711756,"",0,0,0,0,0,0,0,0,0,0,0,0,0,0,0,16711756,"ormpike dwarves have established a foothold in the valley and seek to plumb its depths for riches and links to their ancestral past. The territorial Frostwolves, unwilling to suffer the dwarven incursion, have rallied an army... an army eager for righteous slaughter.","","Azeroth",1065353216,0,0,0,0,0,0,0,0,0,0,0,0,0,0,0,0,16711756,"",0,0,0,0,0,0,0,0,0,0,0,0,0,0,0,16711756,0,0,0,0,0,0,0,0,0,0,0,0,0,0,0,0,16711756,530,1178869517,3318985862,604800,0,0,4294967295,"Azeroth"
"windPrison","Transport176244","","","Transport: Rut'theran to Auberdine",0,0,0,0,0,0,0,0,0,0,0,0,0,0,0,16712190,"","","",4294967295,0,0,"","",0,0,0,0,0,0,0,0,0,0,0,0,0,0,0,16711884,"",0,0,0,0,0,0,0,0,0,0,0,0,0,0,0,16711884,"","","Azeroth",1065353216,0,0,0,0,0,0,0,0,0,0,0,0,0,0,0,0,16711884,"",0,0,0,0,0,0,0,0,0,0,0,0,0,0,0,16711884,0,0,0,0,0,0,0,0,0,0,0,0,0,0,0,0,16711884,0,0,0,0,0,0,4294967295,""
"ndPrison","Transport176231","","","Transport: Menethil to Theramore",0,0,0,0,0,0,0,0,0,0,0,0,0,0,0,16712190,"","","",4294967295,0,0,"","",0,0,0,0,0,0,0,0,0,0,0,0,0,0,0,16711884,"",0,0,0,0,0,0,0,0,0,0,0,0,0,0,0,16711884,"","","Azeroth",1065353216,0,0,0,0,0,0,0,0,0,0,0,0,0,0,0,0,16711884,"",0,0,0,0,0,0,0,0,0,0,0,0,0,0,0,16711884,0,0,0,0,0,0,0,0,0,0,0,0,0,0,0,0,16711884,0,0,0,0,0,0,4294967295,""
"dPrison","Sunwell5ManFix","Azeroth","","Magister's Terrace",0,0,0,0,0,0,0,0,0,0,0,0,0,0,0,16712190,"","","",4294967295,0,0,"","",0,0,0,0,0,0,0,0,0,0,0,0,0,0,0,16711884,"",0,0,0,0,0,0,0,0,0,0,0,0,0,0,0,16711884,"tormpike dwarves have established a foothold in the valley and seek to plumb its depths for riches and links to their ancestral past. The territorial Frostwolves, unwilling to suffer the dwarven incursion, have rallied an army... an army eager for righteous slaughter.","","Azeroth",1065353216,0,0,0,0,0,0,0,0,0,0,0,0,0,0,0,0,16711884,"Heroic Difficulty requires completion of the ""Hard to Kill"" quest.",0,0,0,0,0,0,0,0,0,0,0,0,0,0,0,16712190,0,0,0,0,0,0,0,0,0,0,0,0,0,0,0,0,16711884,530,1179207580,3320150210,0,86400,0,4294967295,"Azeroth"
"Prison","Transport181645","","","Transport: Exodar to Auberdine",0,0,0,0,0,0,0,0,0,0,0,0,0,0,0,16712190,"","","",4294967295,0,0,"","",0,0,0,0,0,0,0,0,0,0,0,0,0,0,0,16711884,"",0,0,0,0,0,0,0,0,0,0,0,0,0,0,0,16711884,"","","Azeroth",1065353216,0,0,0,0,0,0,0,0,0,0,0,0,0,0,0,0,16711884,"",0,0,0,0,0,0,0,0,0,0,0,0,0,0,0,16711884,0,0,0,0,0,0,0,0,0,0,0,0,0,0,0,0,16711884,0,0,0,0,0,0,4294967295,""
"rison","Transport177233","","","Transport: Feathermoon Ferry",0,0,0,0,0,0,0,0,0,0,0,0,0,0,0,16712190,"","","",4294967295,0,0,"","",0,0,0,0,0,0,0,0,0,0,0,0,0,0,0,16711884,"",0,0,0,0,0,0,0,0,0,0,0,0,0,0,0,16711884,"","","Azeroth",1065353216,0,0,0,0,0,0,0,0,0,0,0,0,0,0,0,0,16711884,"",0,0,0,0,0,0,0,0,0,0,0,0,0,0,0,16711884,0,0,0,0,0,0,0,0,0,0,0,0,0,0,0,0,16711884,0,0,0,0,0,0,4294967295,""
"ison","Transport176310","","","Transport: Menethil to Auberdine",0,0,0,0,0,0,0,0,0,0,0,0,0,0,0,16712190,"","","",4294967295,0,0,"","",0,0,0,0,0,0,0,0,0,0,0,0,0,0,0,16711884,"",0,0,0,0,0,0,0,0,0,0,0,0,0,0,0,16711884,"","","Azeroth",1065353216,0,0,0,0,0,0,0,0,0,0,0,0,0,0,0,0,16711884,"",0,0,0,0,0,0,0,0,0,0,0,0,0,0,0,16711884,0,0,0,0,0,0,0,0,0,0,0,0,0,0,0,0,16711884,0,0,0,0,0,0,4294967295,""
"son","Transport175080","","","Transport: Orgrimmar to Grom'Gol",0,0,0,0,0,0,0,0,0,0,0,0,0,0,0,16712190,"","","",4294967295,0,0,"","",0,0,0,0,0,0,0,0,0,0,0,0,0,0,0,16711884,"",0,0,0,0,0,0,0,0,0,0,0,0,0,0,0,16711884,"","","Azeroth",1065353216,0,0,0,0,0,0,0,0,0,0,0,0,0,0,0,0,16711884,"",0,0,0,0,0,0,0,0,0,0,0,0,0,0,0,16711884,0,0,0,0,0,0,0,0,0,0,0,0,0,0,0,0,16711884,0,0,0,0,0,0,4294967295,""
"on","Transport176495","","","Transport: Grom'Gol to Undercity",0,0,0,0,0,0,0,0,0,0,0,0,0,0,0,16712190,"","","",4294967295,0,0,"","",0,0,0,0,0,0,0,0,0,0,0,0,0,0,0,16711884,"",0,0,0,0,0,0,0,0,0,0,0,0,0,0,0,16711884,"","","Azeroth",1065353216,0,0,0,0,0,0,0,0,0,0,0,0,0,0,0,0,16711884,"",0,0,0,0,0,0,0,0,0,0,0,0,0,0,0,16711884,0,0,0,0,0,0,0,0,0,0,0,0,0,0,0,0,16711884,0,0,0,0,0,0,4294967295,""
"n","Transport164871","","","Transport: Undercity to Orgrimmar",0,0,0,0,0,0,0,0,0,0,0,0,0,0,0,16712190,"","","",4294967295,0,0,"","",0,0,0,0,0,0,0,0,0,0,0,0,0,0,0,16711884,"",0,0,0,0,0,0,0,0,0,0,0,0,0,0,0,16711884,"","","Azeroth",1065353216,0,0,0,0,0,0,0,0,0,0,0,0,0,0,0,0,16711884,"",0,0,0,0,0,0,0,0,0,0,0,0,0,0,0,16711884,0,0,0,0,0,0,0,0,0,0,0,0,0,0,0,0,16711884,0,0,0,0,0,0,4294967295,""
"DeadminesInstance","Transport20808","","","Transport: Booty Bay to Ratchet",0,0,0,0,0,0,0,0,0,0,0,0,0,0,0,16712190,"","","",4294967295,0,0,"","",0,0,0,0,0,0,0,0,0,0,0,0,0,0,0,16711884,"",0,0,0,0,0,0,0,0,0,0,0,0,0,0,0,16711884,"","","Azeroth",1065353216,0,0,0,0,0,0,0,0,0,0,0,0,0,0,0,0,16711884,"",0,0,0,0,0,0,0,0,0,0,0,0,0,0,0,16711884,0,0,0,0,0,0,0,0,0,0,0,0,0,0,0,0,16711884,0,0,0,0,0,0,4294967295,""
"inesInstance","Sunwell5Man","Azeroth","","Sunwell Fix (Unused)",0,0,0,0,0,0,0,0,0,0,0,0,0,0,0,16712190,"","","",4294967295,0,0,"","",0,0,0,0,0,0,0,0,0,0,0,0,0,0,0,16711756,"",0,0,0,0,0,0,0,0,0,0,0,0,0,0,0,16711756,"roth","","Azeroth",1065353216,0,0,0,0,0,0,0,0,0,0,0,0,0,0,0,0,16711756,"Heroic Difficulty requires the Sunforged Key[PH].",0,0,0,0,0,0,0,0,0,0,0,0,0,0,0,16712174,0,0,0,0,0,0,0,0,0,0,0,0,0,0,0,0,16711756,0,0,0,0,86400,0,4294967295,"Azeroth"
