# fields=16 strings=0,5,8,9,10,11,12,14,15
"Northshire Abbey",0,3322602476,3205119345,1119668142,"Northshire Abbey",0,0,"Abtei von Nordhain","åŒ—éƒ¡ä¿®é“é™¢","ĞĞ±Ğ±Ğ°Ñ‚ÑÑ‚Ğ²Ğ¾ Ğ¡ĞµĞ²ĞµÑ€Ğ¾Ğ·ĞµĞ¼ÑŒÑ","AbadÃ­a de Villanorte","Abadia de Vila Norte",8323198,"mmierer-Insel",""
"orthshire Abbey",0,3322552893,1140119962,1121663058,"Stormwind, Elwynn",0,0,"Sturmwind, Elwynn","æš´é£åŸï¼Œè‰¾å°”æ–‡æ£®æ—","Ğ¨Ñ‚Ğ¾Ñ€Ğ¼Ğ³Ñ€Ğ°Ğ´, Ğ­Ğ»Ğ²Ğ¸Ğ½Ğ½","Ventormenta, Elwynn","Ventobravo, Floresta de Elwynn",4128894,"","Ñ€Ğ°Ğ¹"
"rthshire Abbey",0,1182797722,1182749901,1116397896,"Programmer Isle",0,0,"Programmierer-Insel","ç¨‹åºå‘˜å²›","ĞÑÑ‚Ñ€Ğ¾Ğ² ĞŸÑ€Ğ¾Ğ³Ñ€Ğ°Ğ¼Ğ¼Ğ¸ÑÑ‚Ğ¾Ğ²","Isla del Programador","Ilha dos Programadores",4128894,"mmierer-Insel",""
"thshire Abbey",0,3324384154,1149343171,1107836273,"Sentinel Hill, Westfall",0,0,"SpÃ¤herkuppe, Westfall","å“¨å…µå²­ï¼Œè¥¿éƒ¨è’é‡","Ğ¡Ñ‚Ğ¾Ñ€Ğ¾Ğ¶ĞµĞ²Ğ¾Ğ¹ Ğ¥Ğ¾Ğ»Ğ¼, Ğ—Ğ°Ğ¿Ğ°Ğ´Ğ½Ñ‹Ğ¹ ĞšÑ€Ğ°Ğ¹","Colina del Centinela, PÃ¡ramos de Poniente","Morro da Sentinela, Cerro Oeste",4128894,"","Ñ€Ğ°Ğ¹"
"hshire Abbey",0,3323155558,3305862758,1116294349,"Lakeshire, Redridge",0,0,"Seenhain, Rotkammgebirge","æ¹–ç•”é•‡ï¼Œèµ¤è„Šå±±","ĞŸÑ€Ğ¸Ğ¾Ğ·ĞµÑ€ÑŒĞµ, ĞšÑ€Ğ°ÑĞ½Ğ¾Ğ³Ğ¾Ñ€ÑŒĞµ","Villa del Lago, Crestagrana","Vila PlÃ¡cida, Montanhas Cristarrubra",4128894,"","Ñ€Ğ°Ğ¹"
"shire Abbey",0,3314986557,3297799700,1140529889,"Ironforge, Dun Morogh",0,0,"Eisenschmiede, Dun Morogh","é“ç‚‰å ¡ï¼Œä¸¹è«ç½—","Ğ¡Ñ‚Ğ°Ğ»ÑŒĞ³Ğ¾Ñ€Ğ½, Ğ”ÑƒĞ½ ĞœĞ¾Ñ€Ğ¾Ğ³","Forjaz, Dun Morogh","Altaforja, Dun Morogh",4128894,"","Ñ€Ğ°Ğ¹"
"hire Abbey",0,3312256041,3292779151,1091630531,"Menethil Harbor, Wetlands",0,0,"Hafen von Menethil, Sumpfland","ç±³å¥ˆå¸Œå°”æ¸¯ï¼Œæ¹¿åœ°","Ğ“Ğ°Ğ²Ğ°Ğ½ÑŒ ĞœĞµĞ½ĞµÑ‚Ğ¸Ğ»Ğ¾Ğ², Ğ‘Ğ¾Ğ»Ğ¾Ñ‚Ğ¸Ğ½Ğ°","Puerto de Menethil, Los Humedales","Porto de Menethil, Manguezal",4128894,"","Ñ€Ğ°Ğ¹"
"ire Abbey",0,3316215624,3308724265,1135452160,"Thelsamar, Loch Modan",0,0,"Thelsamar, Loch Modan","å¡å°”è¨ç›ï¼Œæ´›å…‹è«ä¸¹","Ğ¢ĞµĞ»ÑĞ°Ğ¼Ğ°Ñ€, Ğ›Ğ¾Ğº ĞœĞ¾Ğ´Ğ°Ğ½","Thelsamar, Loch Modan","Thelsamar, Loch Modan",4128894,"","Ñ€Ğ°Ğ¹"
"re Abbey",0,3328114483,1133899612,1106819154,"Booty Bay, Stranglethorn",0,0,"Beutebucht, Schlingendorntal","è—å®æµ·æ¹¾ï¼Œè†æ£˜è°·","ĞŸĞ¸Ñ€Ğ°Ñ‚ÑĞºĞ°Ñ Ğ‘ÑƒÑ…Ñ‚Ğ°, Ğ¢ĞµÑ€Ğ½Ğ¸ÑÑ‚Ğ°Ñ Ğ”Ğ¾Ğ»Ğ¸Ğ½Ğ°","BahÃ­a del BotÃ­n, Vega de Tuercespina","Angra do Butim, Selva do EspinhaÃ§o",8323198,"Ñ€Ğ°Ğ¹",""
"e Abbey",0,1139764756,1153438433,1124291052,"The Sepulcher, Silverpine Forest",0,0,"Das Grabmal, Silberwald","ç‘Ÿä¼¯åˆ‡å°”ï¼Œé“¶æ¾æ£®æ—","Ğ“Ñ€Ğ¾Ğ±Ğ½Ğ¸Ñ†Ğ°, Ğ¡ĞµÑ€ĞµĞ±Ñ€ÑĞ½Ñ‹Ğ¹ Ğ‘Ğ¾Ñ€","El Sepulcro, Bosque de ArgÃ©nteos","O Sepulcro, Floresta de Pinhaprata",4128894,"½Ğ¸Ğ²ĞµÑ€ÑĞ°Ğ»ÑŒĞ½Ğ°Ñ Ñ‚Ğ¾Ñ‡ĞºĞ° Ğ½Ğ°Ğ·Ğ½Ğ°Ñ‡ĞµĞ½Ğ¸Ñ Ğ´Ğ»Ñ Ğ¼Ğ°Ñ€ÑˆÑ€ÑƒÑ‚Ğ¾Ğ² Ğ”Ğ¸Ñ€Ğ¸Ğ¶Ğ°Ğ±Ğ»ĞµĞ¹",""
" Abbey",0,1153700823,1132854313,3257689702,"Undercity, Tirisfal",0,0,"Unterstadt, Tirisfal","å¹½æš—åŸï¼Œæç‘æ–¯æ³•æ—åœ°","ĞŸĞ¾Ğ´Ğ³Ğ¾Ñ€Ğ¾Ğ´, Ğ¢Ğ¸Ñ€Ğ¸ÑÑ„Ğ°Ğ»ÑŒ","EntraÃ±as, Tirisfal","Cidade Baixa, Clareiras de Tirisfal",4128894,"½Ğ¸Ğ²ĞµÑ€ÑĞ°Ğ»ÑŒĞ½Ğ°Ñ Ñ‚Ğ¾Ñ‡ĞºĞ° Ğ½Ğ°Ğ·Ğ½Ğ°Ñ‡ĞµĞ½Ğ¸Ñ Ğ´Ğ»Ñ Ğ¼Ğ°Ñ€ÑˆÑ€ÑƒÑ‚Ğ¾Ğ² Ğ”Ğ¸Ñ€Ğ¸Ğ¶Ğ°Ğ±Ğ»ĞµĞ¹",""
"Abbey",0,3324268032,3298669773,1109744681,"Darkshire, Duskwood",0,0,"Dunkelhain, DÃ¤mmerwald","å¤œè‰²é•‡ï¼Œæš®è‰²æ£®æ—","Ğ¢ĞµĞ¼Ğ½Ğ¾Ğ»ĞµÑÑŒĞµ, Ğ¡ÑƒĞ¼ĞµÑ€ĞµÑ‡Ğ½Ñ‹Ğ¹ Ğ›ĞµÑ","Villa Oscura, Bosque del Ocaso","Vila Sombria, Floresta do CrepÃºsculo",4128894,"","Ñ€Ğ°Ğ¹"
"bbey",0,3178611343,3294034493,1114329580,"Tarren Mill, Hillsbrad",0,0,"Tarrens MÃ¼hle, HÃ¼gelland","å¡”ä¼¦ç±³å°”ï¼Œå¸Œå°”æ–¯å¸ƒè±å¾·","ĞœĞµĞ»ÑŒĞ½Ğ¸Ñ†Ğ° Ğ¢Ğ°Ñ€Ñ€ĞµĞ½, Ğ¥Ğ¸Ğ»ÑĞ±Ñ€Ğ°Ğ´","Molino Tarren, Trabalomas","Sarraria Tarren, Contraforte de Eira dos Montes",8323198,"½Ğ¸Ğ²ĞµÑ€ÑĞ°Ğ»ÑŒĞ½Ğ°Ñ Ñ‚Ğ¾Ñ‡ĞºĞ° Ğ½Ğ°Ğ·Ğ½Ğ°Ñ‡ĞµĞ½Ğ¸Ñ Ğ´Ğ»Ñ Ğ¼Ğ°Ñ€ÑˆÑ€ÑƒÑ‚Ğ¾Ğ² Ğ”Ğ¸Ñ€Ğ¸Ğ¶Ğ°Ğ±Ğ»ĞµĞ¹",""
"bey",0,3291602616,3288391352,1104208200,"Southshore, Hillsbrad",0,0,"SÃ¼derstade, HÃ¼gelland","å—æµ·é•‡ï¼Œå¸Œå°”æ–¯å¸ƒè±å¾·","Ğ®Ğ¶Ğ½Ğ¾Ğ±ĞµÑ€ĞµĞ¶ÑŒĞµ, Ğ¥Ğ¸Ğ»ÑĞ±Ñ€Ğ°Ğ´","Costasur, Trabalomas","Ruina da Costa Sul, Contraforte de Eira dos Montes",4128894,"","Ñ€Ğ°Ğ¹"
"ey",0,1158469222,3316057907,1118225039,"Eastern Plaguelands",0,0,"Die Ã–stlichen PestlÃ¤nder","ä¸œç˜Ÿç–«ä¹‹åœ°","Ğ’Ğ¾ÑÑ‚Ğ¾Ñ‡Ğ½Ñ‹Ğµ Ğ§ÑƒĞ¼Ğ½Ñ‹Ğµ Ğ—ĞµĞ¼Ğ»Ğ¸","Tierras de la Peste del Este","Terras Pestilentas Orientais",8323198,"Ñ€Ğ°Ğ¹",""
"y",0,3298496758,3307024835,1102137262,"Refuge Pointe, Arathi",0,0,"Die Zuflucht, Arathi","é¿éš¾è°·åœ°ï¼Œé˜¿æ‹‰å¸Œé«˜åœ°","ĞĞ¿Ğ¾Ñ€Ğ½Ñ‹Ğ¹ ĞŸÑƒĞ½ĞºÑ‚, ĞÑ€Ğ°Ñ‚Ğ¸","Puesto del Alcance, Arathi","Ponta do RefÃºgio, Planalto Arathi",4128894,"","Ñ€Ğ°Ğ¹"
"",0,3294958223,3311046205,1116530278,"Hammerfall, Arathi",0,0,"Hammerfall, Arathi","è½é”¤é•‡ï¼Œé˜¿æ‹‰å¸Œé«˜åœ°","ĞŸĞ°Ğ²ÑˆĞ¸Ğ¹ ĞœĞ¾Ğ»Ğ¾Ñ‚, ĞÑ€Ğ°Ñ‚Ğ¸","CaÃ­da de Martillo, Arathi","RuÃ­na do Martelo, Planalto Arathi",4128894,"d",""
"Abtei von Nordhain",0,3328291123,1140772700,1104255386,"Booty Bay, Stranglethorn",0,0,"Beutebucht, Schlingendorntal","è—å®æµ·æ¹¾ï¼Œè†æ£˜è°·","ĞŸĞ¸Ñ€Ğ°Ñ‚ÑĞºĞ°Ñ Ğ‘ÑƒÑ…Ñ‚Ğ°, Ğ¢ĞµÑ€Ğ½Ğ¸ÑÑ‚Ğ°Ñ Ğ”Ğ¾Ğ»Ğ¸Ğ½Ğ°","BahÃ­a del BotÃ­n, Vega de Tuercespina","Angra do Butim, Selva do EspinhaÃ§o",4128894,"d",""
"btei von Nordhain",0,3328320512,1139282739,1108457554,"Booty Bay, Stranglethorn",0,0,"Beutebucht, Schlingendorntal","è—å®æµ·æ¹¾ï¼Œè†æ£˜è°·","ĞŸĞ¸Ñ€Ğ°Ñ‚ÑĞºĞ°Ñ Ğ‘ÑƒÑ…Ñ‚Ğ°, Ğ¢ĞµÑ€Ğ½Ğ¸ÑÑ‚Ğ°Ñ Ğ”Ğ¾Ğ»Ğ¸Ğ½Ğ°","BahÃ­a del BotÃ­n, Vega de Tuercespina","Angra do Butim, Selva do EspinhaÃ§o",4128894,"","Ñ€Ğ°Ğ¹"
"tei von Nordhain",0,3326212301,1125272125,1079110533,"Grom'gol, Stranglethorn",0,0,"Grom'gol, Schlingendorntal","æ ¼ç½—å§†é«˜ï¼Œè†æ£˜è°·","Ğ“Ñ€Ğ¾Ğ¼'Ğ³Ğ¾Ğ», Ğ¢ĞµÑ€Ğ½Ğ¸ÑÑ‚Ğ°Ñ Ğ”Ğ¾Ğ»Ğ¸Ğ½Ğ°","Grom'gol, Vega de Tuercespina","Grom'gol, Selva do EspinhaÃ§o",4128894,"d",""
"ei von Nordhain",0,3318697964,3305652429,1131684823,"Kargath, Badlands",0,0,"Kargath, Ã–dland","å¡åŠ æ–¯ï¼Œè’èŠœä¹‹åœ°","ĞšĞ°Ñ€Ğ³Ğ°Ñ‚, Ğ‘ĞµÑĞ¿Ğ»Ğ¾Ğ´Ğ½Ñ‹Ğµ Ğ—ĞµĞ¼Ğ»Ğ¸","Kargath, Tierras InhÃ³spitas","Kargath, Ermos",4128894,"d",""
"i von Nordhain",1,3298141880,1106095636,1127281459,"Thunder Bluff, Mulgore",0,0,"Donnerfels, Mulgore","é›·éœ†å´–ï¼Œè«é«˜é›·","Ğ“Ñ€Ğ¾Ğ¼Ğ¾Ğ²Ğ¾Ğ¹ Ğ£Ñ‚ĞµÑ, ĞœÑƒĞ»Ğ³Ğ¾Ñ€","Cima del Trueno, Mulgore","Penhasco do TrovÃ£o, Mulgore",4128894,"d",""
" von Nordhain",1,1154593505,3313950126,1114942996,"Orgrimmar, Durotar",0,0,"Orgrimmar, Durotar","å¥¥æ ¼ç‘ç›ï¼Œæœéš†å¡”å°”","ĞÑ€Ğ³Ñ€Ğ¸Ğ¼Ğ¼Ğ°Ñ€, Ğ”ÑƒÑ€Ğ¾Ñ‚Ğ°Ñ€","Orgrimmar, Durotar","Orgrimmar, Durotar",4128894,"d",""
"von Nordhain",0,3318763520,3305825485,1133202637,"Generic, World target for Zeppelin Paths",0,0,"Allgemein, Weltziel fÃ¼r Zeppelinrouten","é€šç”¨ï¼Œé£èˆ¹è·¯å¾„çš„ä¸–ç•Œç›®æ ‡","Ğ£Ğ½Ğ¸Ğ²ĞµÑ€ÑĞ°Ğ»ÑŒĞ½Ğ°Ñ Ñ‚Ğ¾Ñ‡ĞºĞ° Ğ½Ğ°Ğ·Ğ½Ğ°Ñ‡ĞµĞ½Ğ¸Ñ Ğ´Ğ»Ñ Ğ¼Ğ°Ñ€ÑˆÑ€ÑƒÑ‚Ğ¾Ğ² Ğ”Ğ¸Ñ€Ğ¸Ğ¶Ğ°Ğ±Ğ»ĞµĞ¹","GenÃ©rico, Objetivo Mundial para Rutas de ZepelÃ­n","Generic, World target for Zeppelin Paths",4128894,"",""
"on Nordhain",1,3286034022,3307356488,1119887032,"Crossroads, The Barrens",0,0,"Das Wegekreuz, Brachland","åå­—è·¯å£ï¼Œè´«ç˜ ä¹‹åœ°","ĞŸĞµÑ€ĞµĞºÑ€ĞµÑÑ‚Ğ¾Ğº, Ğ¡Ñ‚ĞµĞ¿Ğ¸","El Cruce, Los BaldÃ­os","A Encruzilhada, SertÃµes",4128894,"d",""
"n Nordhain",1,1170615050,1141599109,1099059692,"Auberdine, Darkshore",0,0,"Auberdine, DunkelkÃ¼ste","å¥¥ä¼¯ä¸ï¼Œé»‘æµ·å²¸","ĞÑƒĞ±ĞµÑ€Ğ´Ğ¸Ğ½, Ğ¢ĞµĞ¼Ğ½Ñ‹Ğµ Ğ‘ĞµÑ€ĞµĞ³Ğ°","Auberdine, Costa Oscura","Auberdine, Costa Negra",4128894,"","Ğ¸"
" Nordhain",1,1174867548,1146241843,1102734950,"Rut'theran Village, Teldrassil",0,0,"Rut'theran, Teldrassil","é²ç‘Ÿå…°æ‘ï¼Œæ³°è¾¾å¸Œå°”","Ğ”ĞµÑ€ĞµĞ²Ğ½Ñ Ğ ÑƒÑ‚'Ñ‚ĞµÑ€Ğ°Ğ½, Ğ¢ĞµĞ»ÑŒĞ´Ñ€Ğ°ÑÑĞ¸Ğ»","Aldea Rut'theran, Teldrassil","Vila de Rut'theran, Teldrassil",4128894,"","Ğ¸"
"Nordhain",1,1160820081,3281034936,1121341932,"Astranaar, Ashenvale",0,0,"Astranaar, Eschental","é˜¿æ–¯ç‰¹å…°çº³ï¼Œç°è°·","ĞÑÑ‚Ñ€Ğ°Ğ½Ğ°Ğ°Ñ€, Ğ¯ÑĞµĞ½ĞµĞ²Ñ‹Ğ¹ Ğ›ĞµÑ","Astranaar, Vallefresno","Astranaar, Vale Gris",4128894,"","Ğ¸"
"ordhain",1,1148298363,1149372989,1120963133,"Sun Rock Retreat, Stonetalon Mountains",0,0,"Sonnenfels, Steinkrallengebirge","çƒˆæ—¥çŸ³å±…ï¼ŒçŸ³çˆªå±±","ĞŸÑ€Ğ¸ÑÑ‚ Ñƒ Ğ¡Ğ¾Ğ»Ğ½ĞµÑ‡Ğ½Ğ¾Ğ³Ğ¾ ĞšĞ°Ğ¼Ğ½Ñ, ĞšĞ¾Ğ³Ñ‚Ğ¸ÑÑ‚Ñ‹Ğµ Ğ“Ğ¾Ñ€Ñ‹","Retiro Roca del Sol, Sierra EspolÃ³n","Retiro Rocha do Sol ,Cordilheira das Torres de Pedra",4128894,"d",""
"rdhain",1,3316186542,3306611917,1119134679,"Freewind Post, Thousand Needles",0,0,"Freiwindposten, Tausend Nadeln","ä¹±é£å²— ï¼Œåƒé’ˆçŸ³æ—","Ğ—Ğ°ÑÑ‚Ğ°Ğ²Ğ° Ğ’Ğ¾Ğ»ÑŒĞ½Ğ¾Ğ³Ğ¾ Ğ’ĞµÑ‚Ñ€Ğ°, Ğ¢Ñ‹ÑÑÑ‡Ğ° Ğ˜Ğ³Ğ»","Puesto Viento Libre, Mil Agujas","Aldeia Vento Livre, Mil Agulhas",4128894,"d",""
"dhain",1,3314310922,3292657910,3256751227,"Thalanaar, Feralas",0,0,"Thalanaar, Feralas","è¨å…°çº³å°”ï¼Œåƒé’ˆçŸ³æ—","Ğ¢Ğ°Ğ»Ğ°Ğ½Ğ°Ğ°Ñ€, Ğ¤ĞµÑ€Ğ°Ğ»Ğ°Ñ","Thalanaar, Feralas","Thalanaar, Feralas",4128894,"","Ğ¸"
"hain",1,3312391660,3314361508,1093077565,"Theramore, Dustwallow Marsh",0,0,"Theramore, DÃ¼stermarschen","å¡æ‹‰æ‘©ï¼Œå°˜æ³¥æ²¼æ³½","Ğ¢ĞµÑ€Ğ°Ğ¼Ğ¾Ñ€, ĞŸÑ‹Ğ»ĞµĞ²Ñ‹Ğµ Ğ¢Ğ¾Ğ¿Ğ¸","Theramore, Marjal Revolcafango","Theramore, PÃ¢ntano Vadeoso",4128894,"","Ñ€Ğ°Ğ¹"
"ain",1,1160221204,1152824771,1130946888,"Stonetalon Peak, Stonetalon Mountains",0,0,"Steinkrallengipfel, Steinkrallengebirge","çŸ³çˆªå³°ï¼ŒçŸ³çˆªå±±","ĞŸĞ¸Ğº ĞšĞ°Ğ¼ĞµĞ½Ğ½Ğ¾Ğ³Ğ¾ ĞšĞ¾Ğ³Ñ‚Ñ, ĞšĞ¾Ğ³Ñ‚Ğ¸ÑÑ‚Ñ‹Ğµ Ğ“Ğ¾Ñ€Ñ‹","Cima del EspolÃ³n, Sierra EspolÃ³n","Morro das Torres de Pedra, Cordilheira das Torres de Pedra",4128894,"","Ğ¸"
"in",1,3304433009,3317039698,3213340180,"Transport, Booty Bay - Ratchet",0,0,"Transport, Beutebucht - Ratchet","è—å®æµ·æ¹¾åˆ°æ£˜é½¿åŸçš„èˆ¹åª","ĞœĞ°Ñ€ÑˆÑ€ÑƒÑ‚: ĞŸĞ¸Ñ€Ğ°Ñ‚ÑĞºĞ°Ñ Ğ‘ÑƒÑ…Ñ‚Ğ° - ĞšĞ°Ğ±ĞµÑÑ‚Ğ°Ğ½","Transporte, BahÃ­a del BotÃ­n - Trinquete","Transporte, Angra do Butim, Vila Catraca ",4128894,"",""
"n",1,1151664701,3314633114,1101827932,"Transport, Orgrimmar Zepplins",0,0,"Transport, Orgrimmar Zeppelin","å¥¥æ ¼ç‘ç›çš„é£è‰‡","ĞœĞ°Ñ€ÑˆÑ€ÑƒÑ‚: Ğ”Ğ¸Ñ€Ğ¸Ğ¶Ğ°Ğ±Ğ»Ğ¸ ĞÑ€Ğ³Ñ€Ğ¸Ğ¼Ğ¼Ğ°Ñ€Ğ°","Transporte, Zepelines de Orgrimmar","Transporte, Orgrimmar Zepplins",4128894,"",""
"",0,3322352251,1138271191,1114494730,"Generic, World target",0,0,"Allgemein, Weltziel","é€šç”¨ï¼Œä¸–ç•Œç›®æ ‡","Ğ‘Ğ°Ğ·Ğ¾Ğ²Ğ°Ñ Ñ†ĞµĞ»ÑŒ Ğ½Ğ° ĞºĞ°Ñ€Ñ‚Ğµ ĞœĞ¸Ñ€Ğ°","GenÃ©rico, Objetivo Mundial","GenÃ©rico, Alvo Mundo",4128894,"Ñ‚Ğ°Ñ, ĞœÑ€Ğ°Ñ‡Ğ½Ñ‹Ğµ ĞŸÑ€ĞµĞ´ĞµĞ»Ñ‹",""
"åŒ—éƒ¡ä¿®é“é™¢",1,1124810097,1151711805,1128366080,"Nijel's Point, Desolace",0,0,"Die Nijelspitze, Desolace","å°¼è€¶å°”å‰å“¨ç«™ï¼Œå‡„å‡‰ä¹‹åœ°","Ğ’Ñ‹ÑĞ¾Ñ‚Ğ° ĞĞ°Ğ¹Ğ´Ğ¶ĞµĞ»Ğ°, ĞŸÑƒÑÑ‚Ğ¾ÑˆĞ¸","Punto de Nijel, Desolace","Posto do Nijel, DesolaÃ§Ã£o",4128894,"","Ğ¸"
"Œ—éƒ¡ä¿®é“é™¢",1,3302814843,1162608189,1084101755,"Shadowprey Village, Desolace",0,0,"Schattenflucht, Desolace","è‘¬å½±æ‘ï¼Œå‡„å‡‰ä¹‹åœ°","Ğ”ĞµÑ€ĞµĞ²Ğ½Ñ ĞĞ¾Ñ‡Ğ½Ñ‹Ñ… ĞÑ…Ğ¾Ñ‚Ğ½Ğ¸ĞºĞ¾Ğ², ĞŸÑƒÑÑ‚Ğ¾ÑˆĞ¸","Aldea Cazasombras, Desolace","Aldeia Pescassombra, DesolaÃ§Ã£o",4128894,"d",""
"—éƒ¡ä¿®é“é™¢",1,3319906243,3312019825,1090927985,"Gadgetzan, Tanaris",0,0,"Gadgetzan, Tanaris","åŠ åŸºæ£®ï¼Œå¡”çº³åˆ©æ–¯","ĞŸÑ€Ğ¸Ğ±Ğ°Ğ¼Ğ±Ğ°ÑÑĞº, Ğ¢Ğ°Ğ½Ğ°Ñ€Ğ¸Ñ","Gadgetzan, Tanaris","Geringontzan, Tanaris",4128894,"","Ñ€Ğ°Ğ¹"
"éƒ¡ä¿®é“é™¢",1,3319547679,3312207299,1092815421,"Gadgetzan, Tanaris",0,0,"Gadgetzan, Tanaris","åŠ åŸºæ£®ï¼Œå¡”çº³åˆ©æ–¯","ĞŸÑ€Ğ¸Ğ±Ğ°Ğ¼Ğ±Ğ°ÑÑĞº, Ğ¢Ğ°Ğ½Ğ°Ñ€Ğ¸Ñ","Gadgetzan, Tanaris","Geringontzan, Tanaris",4128894,"d",""
"ƒ¡ä¿®é“é™¢",1,3314069094,1162914406,1094996460,"Feathermoon, Feralas",0,0,"Mondfederfeste, Feralas","ç¾½æœˆè¦å¡ï¼Œè²æ‹‰æ–¯","ĞšÑ€ĞµĞ¿Ğ¾ÑÑ‚ÑŒ ĞĞ¿ĞµÑ€ĞµĞ½Ğ½Ğ¾Ğ¹ Ğ›ÑƒĞ½Ñ‹, Ğ¤ĞµÑ€Ğ°Ğ»Ğ°Ñ","Plumaluna, Feralas","RuÃ­nas de Plumaluna, Feralas",4128894,"","Ğ¸"
"¡ä¿®é“é™¢",1,3314163425,1128746844,1103657697,"Camp Mojache, Feralas",0,0,"Camp Mojache, Feralas","è«æ²™å½»è¥åœ°ï¼Œè²æ‹‰æ–¯","Ğ›Ğ°Ğ³ĞµÑ€ÑŒ ĞœĞ¾Ñ…Ğ°Ñ‡Ğµ, Ğ¤ĞµÑ€Ğ°Ğ»Ğ°Ñ","Campamento Mojache, Feralas","Aldeia Mojache, Feralas",4128894,"d",""
"ä¿®é“é™¢",0,1133371064,3304740946,1128447345,"Aerie Peak, The Hinterlands",0,0,"Nistgipfel, Hinterland","é¹°å·¢å±±ï¼Œè¾›ç‰¹å…°","Ğ—Ğ°Ğ¾Ğ±Ğ»Ğ°Ñ‡Ğ½Ñ‹Ğ¹ ĞŸĞ¸Ğº, Ğ’Ğ½ÑƒÑ‚Ñ€ĞµĞ½Ğ½Ğ¸Ğµ Ğ—ĞµĞ¼Ğ»Ğ¸","Pico Nidal, Tierras del Interior","Ninho da Aguia, Terras Agrestes",4128894,"","Ñ€Ğ°Ğ¹"
"¿®é“é™¢",1,1164236882,3314103050,1122113946,"Valormok, Azshara",0,0,"Valormok, Azshara","ç“¦ç½—è«å…‹ï¼Œè‰¾è¨æ‹‰","Ğ¥Ñ€Ğ°Ğ±Ñ€Ğ¾ÑÑ‚Ğ°Ğ½, ĞĞ·ÑˆĞ°Ñ€Ğ°","Valormok, Azshara","Valormok, Azshara",4128894,"d",""
"®é“é™¢",0,3324879053,3310795735,1117662740,"Nethergarde Keep, Blasted Lands",0,0,"Burg Nethergarde, VerwÃ¼stete Lande","å®ˆæœ›å ¡ï¼Œè¯…å’’ä¹‹åœ°","ĞšÑ€ĞµĞ¿Ğ¾ÑÑ‚ÑŒ Ğ¡Ñ‚Ñ€Ğ°Ğ¶ĞµĞ¹ ĞŸÑƒÑÑ‚Ğ¾Ñ‚Ñ‹, Ğ’Ñ‹Ğ¶Ğ¶ĞµĞ½Ğ½Ñ‹Ğµ Ğ—ĞµĞ¼Ğ»Ğ¸","Castillo de Nethergarde, Tierras Devastadas","Bastilha de Etergarde, Barreira do Inferno",4128894,"","Ñ€Ğ°Ğ¹"
"é“é™¢",0,3296107397,3288921866,3229026877,"Southshore Ferry, Hillsbrad",0,0,"Transport, SÃ¼derstade - HÃ¼gelland","å—æµ·é•‡ç å¤´ï¼Œå¸Œå°”æ–¯å¸ƒè±å¾·","ĞŸĞ°Ñ€Ğ¾Ğ¼ Ğ®Ğ¶Ğ½Ğ¾Ğ±ĞµÑ€ĞµĞ¶ÑŒÑ, Ğ¥Ğ¸Ğ»ÑĞ±Ñ€Ğ°Ğ´","Transbordador de Costasur, Laderas de Trabalomas","RuÃ­nas da Costa Sul, Contraforte de Eira dos Montes",4128894,"",""
"“é™¢",0,3326217011,1131114004,1066359849,"Transport, Grom'gol - Orgrimmar",0,0,"Transport, Grom'gol - Ogrimmar","æ ¼ç½—å§†é«˜åˆ°å¥¥æ ¼ç‘ç›çš„é£è‰‡","ĞœĞ°Ñ€ÑˆÑ€ÑƒÑ‚: Ğ“Ñ€Ğ¾Ğ¼'Ğ³Ğ¾Ğ» - ĞÑ€Ğ³Ñ€Ğ¸Ğ¼Ğ¼Ğ°Ñ€","Transporte, Grom'gol - Orgrimmar","Transporte, Grom'gol - Orgrimmar",4128894,"",""
"“é™¢",1,1168007987,3282607145,1136112763,"Bloodvenom Post, Felwood",0,0,"Blutgiftposten, Teufelswald","è¡€æ¯’å²—å“¨ï¼Œè´¹ä¼å¾·æ£®æ—","Ğ—Ğ°ÑÑ‚Ğ°Ğ²Ğ° ĞÑ‚Ñ€Ğ°Ğ²Ğ»ĞµĞ½Ğ½Ğ¾Ğ¹ ĞšÑ€Ğ¾Ğ²Ğ¸, ĞÑĞºĞ²ĞµÑ€Ğ½ĞµĞ½Ğ½Ñ‹Ğ¹ Ğ›ĞµÑ","Puesto del Veneno, Frondavil","Posto PeÃ§onha, Selva Maleva",4128894,"d",""
"é™¢",1,1172902810,3306910556,1139223101,"Moonglade",0,0,"Mondlichtung","æœˆå…‰æ—åœ°","Ğ›ÑƒĞ½Ğ½Ğ°Ñ ĞŸĞ¾Ğ»ÑĞ½Ğ°","Claro de la Luna","Clareira da Lua",4128894,"","Ğ¸"
"™¢",0,0,0,0,"Transport, Menethil Ships",0,0,"Transport, Hafen von Menethil","ç±³å¥ˆå¸Œå°”çš„èˆ¹åª","ĞœĞ°Ñ€ÑˆÑ€ÑƒÑ‚: ĞšĞ¾Ñ€Ğ°Ğ±Ğ»Ğ¸ ĞœĞµĞ½ĞµÑ‚Ğ¸Ğ»Ğ°","Transporte, Barcos de Menethil","Transporte, Navios Menethil",4128894,"",""
"¢",0,0,0,0,"Transport, Rut'theran - Auberdine",0,0,"Transport, Rut'theran - Auberdine","é²ç‘Ÿå…°åˆ°å¥¥ä¼¯ä¸çš„èˆ¹åª","ĞœĞ°Ñ€ÑˆÑ€ÑƒÑ‚: Ğ ÑƒÑ‚'Ñ‚ĞµÑ€Ğ°Ğ½ - ĞÑƒĞ±ĞµÑ€Ğ´Ğ¸Ğ½","Transporte, Rut'theran - Auberdine","Transporte, Rut'theran - Auberdine",4128894,"",""
"",1,1171552748,3314824069,1143955456,"Everlook, Winterspring",0,0,"Ewige Warte, Winterquell","æ°¸æœ›é•‡ï¼Œå†¬æ³‰è°·","ĞšÑ€ÑƒĞ³Ğ¾Ğ²Ğ·Ğ¾Ñ€, Ğ—Ğ¸Ğ¼Ğ½Ğ¸Ğµ ĞšĞ»ÑÑ‡Ğ¸","Vista Eterna, Cuna del Invierno","Visteterna, HibÃ©rnia",4128894,"","Ğ¸"
"ĞĞ±Ğ±Ğ°Ñ‚ÑÑ‚Ğ²Ğ¾ Ğ¡ĞµĞ²ĞµÑ€Ğ¾Ğ·ĞµĞ¼ÑŒÑ",1,1171581051,3314555126,1144105697,"Everlook, Winterspring",0,0,"Ewige Warte, Winterquell","æ°¸æœ›é•‡ï¼Œå†¬æ³‰è°·","ĞšÑ€ÑƒĞ³Ğ¾Ğ²Ğ·Ğ¾Ñ€, Ğ—Ğ¸Ğ¼Ğ½Ğ¸Ğµ ĞšĞ»ÑÑ‡Ğ¸","Vista Eterna, Cuna del Invierno","Visteterna, HibÃ©rnia",4128894,"d",""
"Ğ±Ğ±Ğ°Ñ‚ÑÑ‚Ğ²Ğ¾ Ğ¡ĞµĞ²ĞµÑ€Ğ¾Ğ·ĞµĞ¼ÑŒÑ",1,3313721078,1162690560,3243098767,"Transport, Feathermoon - Feralas",0,0,"Transport, Mondfederfeste - Feralas","ç¾½æœˆè¦å¡ - è²æ‹‰æ–¯","ĞœĞ°Ñ€ÑˆÑ€ÑƒÑ‚: ĞšÑ€ĞµĞ¿Ğ¾ÑÑ‚ÑŒ ĞĞ¿ĞµÑ€ĞµĞ½Ğ½Ğ¾Ğ¹ Ğ›ÑƒĞ½Ñ‹ - Ğ¤ĞµÑ€Ğ°Ğ»Ğ°Ñ","Transporte, Plumaluna - Feralas","Transporte, Plumaluna - Feralas",4128894,"",""
"Ğ±Ğ±Ğ°Ñ‚ÑÑ‚Ğ²Ğ¾ Ğ¡ĞµĞ²ĞµÑ€Ğ¾Ğ·ĞµĞ¼ÑŒÑ",1,3309614653,3308364513,1107980452,"Brackenwall Village, Dustwallow Marsh",0,0,"Brackenwall, DÃ¼stermarschen","è•¨å¢™æ‘ï¼Œå°˜æ³¥æ²¼æ³½","Ğ”ĞµÑ€ĞµĞ²Ğ½Ñ Ğ“Ğ¸Ğ±Ğ»Ğ¾Ñ‚Ğ¾Ğ¿ÑŒ, ĞŸÑ‹Ğ»ĞµĞ²Ñ‹Ğµ Ğ¢Ğ¾Ğ¿Ğ¸","Poblado Murohelecho, Marjal Revolcafango","Aldeia Muralha Verde, PÃ¢ntano Vadeoso",4128894,"d",""
"±Ğ±Ğ°Ñ‚ÑÑ‚Ğ²Ğ¾ Ğ¡ĞµĞ²ĞµÑ€Ğ¾Ğ·ĞµĞ¼ÑŒÑ",0,3324208128,3310154752,1101712589,"Stonard, Swamp of Sorrows",0,0,"Steinard, SÃ¼mpfe des Elends","æ–¯é€šçº³å¾·ï¼Œæ‚²ä¼¤æ²¼æ³½","ĞšĞ°Ğ¼ĞµĞ½Ğ¾Ñ€, Ğ‘Ğ¾Ğ»Ğ¾Ñ‚Ğ¾ ĞŸĞµÑ‡Ğ°Ğ»Ğ¸","Rocal, Pantano de las Penas","Pedragal, PÃ¢ntano das MÃ¡goas",4128894,"d",""
"Ğ±Ğ°Ñ‚ÑÑ‚Ğ²Ğ¾ Ğ¡ĞµĞ²ĞµÑ€Ğ¾Ğ·ĞµĞ¼ÑŒÑ",1,1174926858,1148704686,1097030697,"Fishing Village, Teldrassil",0,0,"Fischerdorf, Teldrassil","é’“é±¼æ‘ï¼Œæ³°è¾¾å¸Œå°”","Ğ Ñ‹Ğ±Ğ°Ñ†ĞºĞ°Ñ Ğ”ĞµÑ€ĞµĞ²Ğ½Ñ, Ğ¢ĞµĞ»ÑŒĞ´Ñ€Ğ°ÑÑĞ¸Ğ»","Aldea Pescadora, Teldrassil","Vila de Pescadores, Teldrassil",4128894,"","Ğ¸"
"±Ğ°Ñ‚ÑÑ‚Ğ²Ğ¾ Ğ¡ĞµĞ²ĞµÑ€Ğ¾Ğ·ĞµĞ¼ÑŒÑ",1,1163062108,1148796436,1084626043,"Zoram'gar Outpost, Ashenvale",0,0,"AuÃŸenposten von Zoram'gar, Eschental","ä½æ‹‰å§†åŠ å‰å“¨ç«™ï¼Œç°è°·","Ğ—Ğ°ÑÑ‚Ğ°Ğ²Ğ° Ğ—Ğ¾Ñ€Ğ°Ğ¼'Ğ³Ğ°Ñ€, Ğ¯ÑĞµĞ½ĞµĞ²Ñ‹Ğ¹ Ğ›ĞµÑ","Puesto Zoram'gar, Frondavil","Posto Zoram'gar , Vale Gris",4128894,"d",""
"Ğ°Ñ‚ÑÑ‚Ğ²Ğ¾ Ğ¡ĞµĞ²ĞµÑ€Ğ¾Ğ·ĞµĞ¼ÑŒÑ",30,1141869937,3258620314,1108766884,"Dun Baldar, Alterac Valley",0,0,"Dun Baldar, Alteractal","ä¸¹å·´è¾¾å°”ï¼Œå¥¥ç‰¹å…°å…‹å±±è°·","Ğ”ÑƒĞ½ Ğ‘Ğ¾Ğ»Ğ´Ğ°Ñ€, ĞĞ»ÑŒÑ‚ĞµÑ€Ğ°ĞºÑĞºĞ°Ñ Ğ”Ğ¾Ğ»Ğ¸Ğ½Ğ°","Dun Baldar, Valle de Alterac","Dun Baldar, Vale Alterac",4128894,"","Ñ€Ğ°Ğ¹"
"°Ñ‚ÑÑ‚Ğ²Ğ¾ Ğ¡ĞµĞ²ĞµÑ€Ğ¾Ğ·ĞµĞ¼ÑŒÑ",30,3299274260,3282032722,1119179244,"Frostwolf Keep, Alterac Valley",0,0,"Burg Frostwolf, Alteractal","éœœç‹¼è¦å¡ï¼Œå¥¥ç‰¹å…°å…‹å±±è°·","ĞšÑ€ĞµĞ¿Ğ¾ÑÑ‚ÑŒ Ğ¡ĞµĞ²ĞµÑ€Ğ½Ğ¾Ğ³Ğ¾ Ğ’Ğ¾Ğ»ĞºĞ°, ĞĞ»ÑŒÑ‚ĞµÑ€Ğ°ĞºÑĞºĞ°Ñ Ğ”Ğ¾Ğ»Ğ¸Ğ½Ğ°","Fuerte Lobo GÃ©lido, Valle de Alterac","Bastilha Lobo do Gelo, Vale Alterac",4128894,"½Ğ¸Ğ²ĞµÑ€ÑĞ°Ğ»ÑŒĞ½Ğ°Ñ Ñ‚Ğ¾Ñ‡ĞºĞ° Ğ½Ğ°Ğ·Ğ½Ğ°Ñ‡ĞµĞ½Ğ¸Ñ Ğ´Ğ»Ñ Ğ¼Ğ°Ñ€ÑˆÑ€ÑƒÑ‚Ğ¾Ğ² Ğ”Ğ¸Ñ€Ğ¸Ğ¶Ğ°Ğ±Ğ»ĞµĞ¹",""
"Ñ‚ÑÑ‚Ğ²Ğ¾ Ğ¡ĞµĞ²ĞµÑ€Ğ¾Ğ·ĞµĞ¼ÑŒÑ",1,1158669885,3307063501,1120980173,"Splintertree Post, Ashenvale",0,0,"Splitterholzposten, Eschental","ç¢æœ¨å²—å“¨ï¼Œç°è°·","Ğ—Ğ°ÑÑ‚Ğ°Ğ²Ğ° Ğ Ğ°ÑÑ‰ĞµĞ¿Ğ»ĞµĞ½Ğ½Ğ¾Ğ³Ğ¾ Ğ”ĞµÑ€ĞµĞ²Ğ°, Ğ¯ÑĞµĞ½ĞµĞ²Ñ‹Ğ¹ Ğ›ĞµÑ","Puesto del Hachazo, Frondavil","Posto Machadada, Vale Gris",4128894,"d",""
"‚ÑÑ‚Ğ²Ğ¾ Ğ¡ĞµĞ²ĞµÑ€Ğ¾Ğ·ĞµĞ¼ÑŒÑ",1,1173589217,3306567557,1140107510,"Nighthaven, Moonglade",0,0,"Nachthafen, Mondlichtung","æ°¸å¤œæ¸¯ï¼Œæœˆå…‰æ—åœ°","ĞĞ¾Ñ‡Ğ½Ğ°Ñ Ğ“Ğ°Ğ²Ğ°Ğ½ÑŒ, Ğ›ÑƒĞ½Ğ½Ğ°Ñ ĞŸĞ¾Ğ»ÑĞ½Ğ°","Amparo de la Noche, Claro de la Luna","RefÃºgio Noturno, Clareira da Lua",4128894,"","Ğ¸"
"ÑÑ‚Ğ²Ğ¾ Ğ¡ĞµĞ²ĞµÑ€Ğ¾Ğ·ĞµĞ¼ÑŒÑ",1,1173577155,3306570138,1140115374,"Nighthaven, Moonglade",0,0,"Nachthafen, Mondlichtung","æ°¸å¤œæ¸¯ï¼Œæœˆå…‰æ—åœ°","ĞĞ¾Ñ‡Ğ½Ğ°Ñ Ğ“Ğ°Ğ²Ğ°Ğ½ÑŒ, Ğ›ÑƒĞ½Ğ½Ğ°Ñ ĞŸĞ¾Ğ»ÑĞ½Ğ°","Santuario Nocturno, Claro de la Luna","RefÃºgio Noturno, Clareira da Lua",4128894,"d",""
"Ñ‚Ğ²Ğ¾ Ğ¡ĞµĞ²ĞµÑ€Ğ¾Ğ·ĞµĞ¼ÑŒÑ",1,1160388567,3312618045,1120517489,"Talrendis Point, Azshara",0,0,"Talrendisspitze, Azshara","å¡”ä¼¦è¿ªæ–¯è¥åœ°ï¼Œè‰¾è¨æ‹‰","Ğ—Ğ°ÑÑ‚Ğ°Ğ²Ğ° Ğ¢Ğ°Ğ»Ñ€ĞµĞ½Ğ´Ğ¸Ñ, ĞĞ·ÑˆĞ°Ñ€Ğ°","Punto Talrendis, Azshara","Campo Talrendis, Azshara",4128894,"","Ğ¸"
"Ñ‚Ğ²Ğ¾ Ğ¡ĞµĞ²ĞµÑ€Ğ¾Ğ·ĞµĞ¼ÑŒÑ",1,1170337546,3304305705,1141822095,"Talonbranch Glade, Felwood",0,0,"Nachtlaublichtung, Teufelswald","åˆºææ—åœ°ï¼Œè´¹ä¼å¾·æ£®æ—","Ğ Ğ¾Ñ‰Ğ° ĞšĞ¾Ğ³Ñ‚ĞµÑÑ‚Ğ²Ğ¾Ğ»Ğ°, ĞÑĞºĞ²ĞµÑ€Ğ½ĞµĞ½Ğ½Ñ‹Ğ¹ Ğ›ĞµÑ","Claro RamaespolÃ³n, Frondavil","Clareira da GalhaÃ§a, Selva Maleva",4128894,"","Ğ¸"
"‚Ğ²Ğ¾ Ğ¡ĞµĞ²ĞµÑ€Ğ¾Ğ·ĞµĞ¼ÑŒÑ",0,1147720827,3300049797,1115772682,"Chillwind Camp, Western Plaguelands",0,0,"Zugwindlager, Westliche PestlÃ¤nder","å¯’é£è¥åœ°ï¼Œè¥¿ç˜Ÿç–«ä¹‹åœ°	","Ğ›Ğ°Ğ³ĞµÑ€ÑŒ ĞŸÑ€Ğ¾Ğ¼Ğ¾Ğ·Ğ³Ğ»Ğ¾Ğ³Ğ¾ Ğ’ĞµÑ‚Ñ€Ğ°, Ğ—Ğ°Ğ¿Ğ°Ğ´Ğ½Ñ‹Ğµ Ğ§ÑƒĞ¼Ğ½Ñ‹Ğµ Ğ—ĞµĞ¼Ğ»Ğ¸","Campamento del Orvallo, Tierras de la Peste del Oeste","Acampamento Ventogelante, Terras Pestilentas Ocidentais",4128894,"","Ñ€Ğ°Ğ¹"
"Ğ²Ğ¾ Ğ¡ĞµĞ²ĞµÑ€Ğ¾Ğ·ĞµĞ¼ÑŒÑ",0,1158541681,3316049510,1118713938,"Light's Hope Chapel, Eastern Plaguelands",0,0,"Kapelle des hoffnungsvollen Lichts, Ã–stliche PestlÃ¤nder","åœ£å…‰ä¹‹æ„¿ç¤¼æ‹œå ‚ï¼Œä¸œç˜Ÿç–«ä¹‹åœ°","Ğ§Ğ°ÑĞ¾Ğ²Ğ½Ñ ĞŸĞ¾ÑĞ»ĞµĞ´Ğ½ĞµĞ¹ ĞĞ°Ğ´ĞµĞ¶Ğ´Ñ‹, Ğ’Ğ¾ÑÑ‚Ğ¾Ñ‡Ğ½Ñ‹Ğµ Ğ§ÑƒĞ¼Ğ½Ñ‹Ğµ Ğ—ĞµĞ¼Ğ»Ğ¸","Capilla de la Esperanza de la Luz, Tierras de la Peste del Este","Capela EsperanÃ§a da Luz, Terras Pestilentas Orientais",4128894,"","Ñ€Ğ°Ğ¹"
"²Ğ¾ Ğ¡ĞµĞ²ĞµÑ€Ğ¾Ğ·ĞµĞ¼ÑŒÑ",0,1158772367,3315939103,1118015324,"Light's Hope Chapel, Eastern Plaguelands",0,0,"Kapelle des hoffnungsvollen Lichts, Ã–stliche PestlÃ¤nder","åœ£å…‰ä¹‹æ„¿ç¤¼æ‹œå ‚ï¼Œä¸œç˜Ÿç–«ä¹‹åœ°","Ğ§Ğ°ÑĞ¾Ğ²Ğ½Ñ ĞŸĞ¾ÑĞ»ĞµĞ´Ğ½ĞµĞ¹ ĞĞ°Ğ´ĞµĞ¶Ğ´Ñ‹, Ğ’Ğ¾ÑÑ‚Ğ¾Ñ‡Ğ½Ñ‹Ğµ Ğ§ÑƒĞ¼Ğ½Ñ‹Ğµ Ğ—ĞµĞ¼Ğ»Ğ¸","Capilla de la Esperanza de la Luz, Tierras de la Peste del Este","Capela EsperanÃ§a da Luz, Terras Pestilentas Orientais",4128894,"½Ğ¸Ğ²ĞµÑ€ÑĞ°Ğ»ÑŒĞ½Ğ°Ñ Ñ‚Ğ¾Ñ‡ĞºĞ° Ğ½Ğ°Ğ·Ğ½Ğ°Ñ‡ĞµĞ½Ğ¸Ñ Ğ´Ğ»Ñ Ğ¼Ğ°Ñ€ÑˆÑ€ÑƒÑ‚Ğ¾Ğ² Ğ”Ğ¸Ñ€Ğ¸Ğ¶Ğ°Ğ±Ğ»ĞµĞ¹",""
"Ğ¾ Ğ¡ĞµĞ²ĞµÑ€Ğ¾Ğ·ĞµĞ¼ÑŒÑ",1,1172927263,3305420308,1140206469,"Moonglade",0,0,"Mondlichtung","æœˆå…‰æ—åœ°","Ğ›ÑƒĞ½Ğ½Ğ°Ñ ĞŸĞ¾Ğ»ÑĞ½Ğ°","Claro de la Luna","Clareira da Lua",4128894,"d",""
"¾ Ğ¡ĞµĞ²ĞµÑ€Ğ¾Ğ·ĞµĞ¼ÑŒÑ",0,3320479805,3305683108,1126533038,"Flame Crest, Burning Steppes",0,0,"Flammenkamm, Brennende Steppe","çƒˆç„°å³°ï¼Œç‡ƒçƒ§å¹³åŸ","ĞŸĞ»Ğ°Ğ¼ĞµĞ½ĞµÑÑ‰Ğ¸Ğ¹ Ğ¡Ñ‚ÑĞ³, ĞŸÑ‹Ğ»Ğ°ÑÑ‰Ğ¸Ğµ Ğ¡Ñ‚ĞµĞ¿Ğ¸","Cresta de la Llama, Estepas Ardientes","Monte Candente, Estepes Ardentes",4128894,"d",""
" Ğ¡ĞµĞ²ĞµÑ€Ğ¾Ğ·ĞµĞ¼ÑŒÑ",0,3322065521,3307939226,1127839171,"Morgan's Vigil, Burning Steppes",0,0,"Morgans Wacht, Brennende Steppe","æ‘©æ ¹çš„å²—å“¨ï¼Œç‡ƒçƒ§å¹³åŸ","Ğ”Ğ¾Ğ·Ğ¾Ñ€ ĞœĞ¾Ñ€Ğ³Ğ°Ğ½Ñ‹, ĞŸÑ‹Ğ»Ğ°ÑÑ‰Ğ¸Ğµ Ğ¡Ñ‚ĞµĞ¿Ğ¸","Vigilia de Morgan, Estepas Ardientes","Vigia de Morgan, Estepes Ardentes",4128894,"","Ñ€Ğ°Ğ¹"
"Ğ¡ĞµĞ²ĞµÑ€Ğ¾Ğ·ĞµĞ¼ÑŒÑ",1,3319061279,1146171228,1111965041,"Cenarion Hold, Silithus",0,0,"Burg Cenarius, Silithus","å¡çº³é‡Œå¥¥è¦å¡ï¼Œå¸Œåˆ©è‹æ–¯","ĞšÑ€ĞµĞ¿Ğ¾ÑÑ‚ÑŒ ĞšĞµĞ½Ğ°Ñ€Ğ¸Ñ, Ğ¡Ğ¸Ğ»Ğ¸Ñ‚ÑƒÑ","Fuerte Cenarion, Silithus","CÃ­rculo Cenariano, Silithus",4128894,"d",""
"¡ĞµĞ²ĞµÑ€Ğ¾Ğ·ĞµĞ¼ÑŒÑ",1,3318959780,1145111020,1118949868,"Cenarion Hold, Silithus",0,0,"Burg Cenarius, Silithus","å¡çº³é‡Œå¥¥è¦å¡ï¼Œå¸Œåˆ©è‹æ–¯","ĞšÑ€ĞµĞ¿Ğ¾ÑÑ‚ÑŒ ĞšĞµĞ½Ğ°Ñ€Ğ¸Ñ, Ğ¡Ğ¸Ğ»Ğ¸Ñ‚ÑƒÑ","Fuerte Cenarion, Silithus","CÃ­rculo Cenariano, Silithus",4128894,"","Ğ¸"
"ĞµĞ²ĞµÑ€Ğ¾Ğ·ĞµĞ¼ÑŒÑ",0,3318531256,3297904804,1134208942,"Thorium Point, Searing Gorge",0,0,"Thoriumspitze, Sengende Schlucht","ç‘Ÿé“¶å“¨å¡”ï¼Œç¼çƒ­å³¡è°·","Ğ›Ğ°Ğ³ĞµÑ€ÑŒ Ğ‘Ñ€Ğ°Ñ‚ÑÑ‚Ğ²Ğ° Ğ¢Ğ¾Ñ€Ğ¸Ñ, Ğ¢Ğ»ĞµÑÑ‰ĞµĞµ Ğ£Ñ‰ĞµĞ»ÑŒĞµ","Puesto del Torio, Garganta de Fuego","Posto de TÃ³rio, Garganta Abrasadora",4128894,"","Ñ€Ğ°Ğ¹"
"µĞ²ĞµÑ€Ğ¾Ğ·ĞµĞ¼ÑŒÑ",0,3318536049,3297345946,1134217462,"Thorium Point, Searing Gorge",0,0,"Thoriumspitze, Sengende Schlucht","ç‘Ÿé“¶å“¨å¡”ï¼Œç¼çƒ­å³¡è°·","Ğ›Ğ°Ğ³ĞµÑ€ÑŒ Ğ‘Ñ€Ğ°Ñ‚ÑÑ‚Ğ²Ğ° Ğ¢Ğ¾Ñ€Ğ¸Ñ, Ğ¢Ğ»ĞµÑÑ‰ĞµĞµ Ğ£Ñ‰ĞµĞ»ÑŒĞµ","Puesto del Torio, Garganta de Fuego","Posto de TÃ³rio, Garganta Abrasadora",4128894,"d",""
"Ğ²ĞµÑ€Ğ¾Ğ·ĞµĞ¼ÑŒÑ",0,3290353828,3314779136,1085024502,"Revantusk Village, The Hinterlands",0,0,"Dorf der Bruchhauer, Hinterland","æ¶é½¿æ‘ï¼Œè¾›ç‰¹å…°","Ğ”ĞµÑ€ĞµĞ²Ğ½Ñ Ğ¡Ğ»Ğ¾Ğ¼Ğ°Ğ½Ğ½Ğ¾Ğ³Ğ¾ ĞšĞ»Ñ‹ĞºĞ°, Ğ’Ğ½ÑƒÑ‚Ñ€ĞµĞ½Ğ½Ğ¸Ğµ Ğ—ĞµĞ¼Ğ»Ğ¸","Poblado SaÃ±adiente, Tierras del Interior","Aldeia Revatusco, Terras Agrestes",4128894,"d",""
"²ĞµÑ€Ğ¾Ğ·ĞµĞ¼ÑŒÑ",1,3306474168,3303757169,1119859507,"Camp Taurajo, The Barrens",0,0,"Camp Taurajo, Brachland","é™¶æ‹‰ç¥–è¥åœ°ï¼Œè´«ç˜ ä¹‹åœ°","Ğ›Ğ°Ğ³ĞµÑ€ÑŒ Ğ¢Ğ°ÑƒÑ€Ğ°Ñ…Ğ¾, Ğ¡Ñ‚ĞµĞ¿Ğ¸","Campamento Taurajo, Los BaldÃ­os","Acampamento Taurajo, SertÃµes",4128894,"d",""
"ĞµÑ€Ğ¾Ğ·ĞµĞ¼ÑŒÑ",0,1162073334,3310649057,1124829102,"Naxxramas",0,0,"Naxxramas","çº³å…‹è¨ç›æ–¯","ĞĞ°ĞºÑÑ€Ğ°Ğ¼Ğ°Ñ","Naxxramas","Naxxramas",4128894,"",""
"µÑ€Ğ¾Ğ·ĞµĞ¼ÑŒÑ",1,3317632655,3297695334,3275465032,"Marshal's Refuge, Un'Goro Crater",0,0,"Marschalls Zuflucht, Krater von Un'Goro","é©¬ç»å°”è¥åœ°ï¼Œå®‰æˆˆæ´›ç¯å½¢å±±","Ğ£Ğ±ĞµĞ¶Ğ¸Ñ‰Ğµ ĞœĞ°Ñ€ÑˆĞ°Ğ»Ğ»Ğ°, ĞšÑ€Ğ°Ñ‚ĞµÑ€ Ğ£Ğ½'Ğ“Ğ¾Ñ€Ğ¾","Refugio de Marshal, CrÃ¡ter de Un'Goro","RefÃºgio do Marshal, Cratera Un'Goro",4128894,"d","Ñ€Ğ°Ğ¹"
"Ñ€Ğ¾Ğ·ĞµĞ¼ÑŒÑ",1,3294602691,3312177193,1094168084,"Ratchet, The Barrens",0,0,"Ratchet, Brachland","æ£˜é½¿åŸï¼Œè´«ç˜ ä¹‹åœ°","ĞšĞ°Ğ±ĞµÑÑ‚Ğ°Ğ½, Ğ¡Ñ‚ĞµĞ¿Ğ¸","Trinquete, Los BaldÃ­os","Vila Catraca, SertÃµes",4128894,"d","Ñ€Ğ°Ğ¹"
"€Ğ¾Ğ·ĞµĞ¼ÑŒÑ",131074,0,0,0,"Filming",0,0,"Filmen","æ‹æ‘„","Ğ¤Ğ¸Ğ»Ğ¼Ğ¸Ğ½Ğ³","Filmando","Filmando",4128894,"",""
"Ğ¾Ğ·ĞµĞ¼ÑŒÑ",0,3320627364,1145285181,1109491712,"Ambershire, Northwind",0,0,"Bernhain, Nordwind","å®‰ä¼¯éƒ¡ï¼ŒåŒ—é£é¢†","Ğ¯Ğ½Ñ‚Ğ°Ñ€Ğ½Ñ‹Ğ¹ ĞŸĞ¾ÑĞ°Ğ´","Villa Ãmbar, Viento Norte","Condado Ã‚mbar, Vento Norte",0,"","Ñ€Ğ°Ğ¹"
"¾Ğ·ĞµĞ¼ÑŒÑ",0,3322920059,1159778591,1088358973,"SI:7 Outpost, Balor",0,0,"SI:7 AuÃŸenposten, Balor","å†›æƒ…ä¸ƒå¤„å“¨ç«™ï¼Œå·´æ´›","ĞĞ²Ğ°Ğ½Ğ¿Ğ¾ÑÑ‚ Ğ¨Ğ Ğ£, Ğ‘Ğ°Ğ»Ğ¾Ñ€","Avanzada del IV:7, Balor","Posto AvanÃ§ado do SI:7, Balor",0,"","Ñ€Ğ°Ğ¹"
"Ğ·ĞµĞ¼ÑŒÑ",0,1161522012,3309216154,1122656584,"Plaguewood Tower, Eastern Plaguelands",0,0,"Pestwaldturm, Ã–stliche PestlÃ¤nder","ç—…æœ¨æ—å“¨å¡”ï¼Œä¸œç˜Ÿç–«ä¹‹åœ°","Ğ‘Ğ°ÑˆĞ½Ñ Ğ§ÑƒĞ¼Ğ½Ğ¾Ğ³Ğ¾ Ğ›ĞµÑĞ°, Ğ’Ğ¾ÑÑ‚Ğ¾Ñ‡Ğ½Ñ‹Ğµ Ğ§ÑƒĞ¼Ğ½Ñ‹Ğµ Ğ—ĞµĞ¼Ğ»Ğ¸","Torre del Bosque de la Peste, Tierras de la Peste del Este","Torre do Bosque Pestilento, Terras Pestilentas Orientais",4128894,"ogh","ogh"
"·ĞµĞ¼ÑŒÑ",0,1161975030,3313887498,1121642086,"Northpass Tower, Eastern Plaguelands",0,0,"Nordpassturm, Ã–stliche PestlÃ¤nder","åŒ—åœ°å“¨å¡”ï¼Œä¸œç˜Ÿç–«ä¹‹åœ°","Ğ‘Ğ°ÑˆĞ½Ñ Ğ¡ĞµĞ²ĞµÑ€Ğ½Ğ¾Ğ³Ğ¾ ĞŸĞµÑ€ĞµĞ²Ğ°Ğ»Ğ°, Ğ’Ğ¾ÑÑ‚Ğ¾Ñ‡Ğ½Ñ‹Ğµ Ğ§ÑƒĞ¼Ğ½Ñ‹Ğµ Ğ—ĞµĞ¼Ğ»Ğ¸","Torre del Paso Norte, Tierras de la Peste del Este","Torre do Passo Norte, Terras Pestilentas Orientais",4128894,"½Ğ¸Ğ²ĞµÑ€ÑĞ°Ğ»ÑŒĞ½Ğ°Ñ Ñ‚Ğ¾Ñ‡ĞºĞ° Ğ½Ğ°Ğ·Ğ½Ğ°Ñ‡ĞµĞ½Ğ¸Ñ Ğ´Ğ»Ñ Ğ¼Ğ°Ñ€ÑˆÑ€ÑƒÑ‚Ğ¾Ğ² Ğ”Ğ¸Ñ€Ğ¸Ğ¶Ğ°Ğ±Ğ»ĞµĞ¹","Ñ€Ğ°Ğ¹"
"ĞµĞ¼ÑŒÑ",0,1159476142,3314824909,1119551488,"Eastwall Tower, Eastern Plaguelands",0,0,"Ostwallturm, Ã–stliche PestlÃ¤nder","ä¸œå¢™å“¨å¡”ï¼Œä¸œç˜Ÿç–«ä¹‹åœ°","Ğ’Ğ¾ÑÑ‚Ğ¾Ñ‡Ğ½Ğ°Ñ Ğ‘Ğ°ÑˆĞ½Ñ, Ğ’Ğ¾ÑÑ‚Ğ¾Ñ‡Ğ½Ñ‹Ğµ Ğ§ÑƒĞ¼Ğ½Ñ‹Ğµ Ğ—ĞµĞ¼Ğ»Ğ¸","Torre de la Muralla Este, Tierras de la Peste del Este","Torre da Muralha Leste, Terras Pestilentas Orientais",4128894,"½Ğ¸Ğ²ĞµÑ€ÑĞ°Ğ»ÑŒĞ½Ğ°Ñ Ñ‚Ğ¾Ñ‡ĞºĞ° Ğ½Ğ°Ğ·Ğ½Ğ°Ñ‡ĞµĞ½Ğ¸Ñ Ğ´Ğ»Ñ Ğ¼Ğ°Ñ€ÑˆÑ€ÑƒÑ‚Ğ¾Ğ² Ğ”Ğ¸Ñ€Ğ¸Ğ¶Ğ°Ğ±Ğ»ĞµĞ¹","Ñ€Ğ°Ğ¹"
"µĞ¼ÑŒÑ",0,1156067820,3311708037,1125104353,"Crown Guard Tower, Eastern Plaguelands",0,0,"Turm der Kronenwache, Ã–stliche PestlÃ¤nder","çš‡å† å“¨å¡”ï¼Œä¸œç˜Ÿç–«ä¹‹åœ°","Ğ‘Ğ°ÑˆĞ½Ñ ĞšĞ¾Ñ€Ğ¾Ğ»ĞµĞ²ÑĞºĞ¾Ğ¹ Ğ¡Ñ‚Ñ€Ğ°Ğ¶Ğ¸, Ğ’Ğ¾ÑÑ‚Ğ¾Ñ‡Ğ½Ñ‹Ğµ Ğ§ÑƒĞ¼Ğ½Ñ‹Ğµ Ğ—ĞµĞ¼Ğ»Ğ¸","Torre de la Guardia de la Corona, Tierras de la Peste del Este","Torre da Coroa, Terras Pestilentas Orientais",4128894,"½Ğ¸Ğ²ĞµÑ€ÑĞ°Ğ»ÑŒĞ½Ğ°Ñ Ñ‚Ğ¾Ñ‡ĞºĞ° Ğ½Ğ°Ğ·Ğ½Ğ°Ñ‡ĞµĞ½Ğ¸Ñ Ğ´Ğ»Ñ Ğ¼Ğ°Ñ€ÑˆÑ€ÑƒÑ‚Ğ¾Ğ² Ğ”Ğ¸Ñ€Ğ¸Ğ¶Ğ°Ğ±Ğ»ĞµĞ¹","Ñ€Ğ°Ğ¹"
"Ğ¼ÑŒÑ",0,3322236795,1159597711,1113849856,"Stormbreaker Point, Balor",0,0,"Sturmbruchspitze, Balor","ç¢é£å“¨ç«™ï¼Œå·´æ´›","ĞœÑ‹Ñ Ğ“Ñ€Ğ¾Ğ¼Ğ¾Ğ±Ğ¾Ñ, Ğ‘Ğ°Ğ»Ğ¾Ñ€","Punta Rompetormenta, Balor","Pontal Rompe-procelas, Balor",0,"d",""
"¼ÑŒÑ",1,3323013304,3304055849,1124241244,"Slickwick Oil Rig, Tanaris",0,0,"Schlickdocht Ã–lplattform, Tanaris","æ»‘èŠ¯çŸ³æ²¹é’»äº•å¹³å°ï¼Œå¡”çº³åˆ©æ–¯","ĞĞµÑ„Ñ‚ĞµĞ²Ñ‹ÑˆĞºĞ° Ğ¡ĞºĞ¾Ğ»ÑŒĞ·Ğ¸Ğ»ÑŒĞ½Ğ¸ĞºĞ°, Ğ¢Ğ°Ğ½Ğ°Ñ€Ğ¸Ñ","Plataforma Petrolera Resbalaceite, Tanaris","Plataforma PetrolÃ­fera VisgÃ³leo, Tanaris",0,"d",""
"ÑŒÑ",0,3313161503,3315975496,1130571366,"Shatterblade Post, Grim Reaches",0,0,"AuÃŸenposten der Splitterklinge, DÃ¼sterweiten","ç¢åˆƒå“¨å²—ï¼Œå†·é…·æµ·å²¸","Ğ—Ğ°ÑÑ‚Ğ°Ğ²Ğ° Ğ Ğ°Ğ·Ğ´Ñ€Ğ¾Ğ±Ğ»ĞµĞ½Ğ½Ğ¾Ğ³Ğ¾ ĞšĞ»Ğ¸Ğ½ĞºĞ°, ĞœÑ€Ğ°Ñ‡Ğ½Ñ‹Ğµ ĞŸÑ€ĞµĞ´ĞµĞ»Ñ‹","Puesto Rompehoja, Los Territorios SombrÃ­os","Posto LÃ¢mina EstilhaÃ§ada, Os Alcances Sombrios",0,"d",""
"ŒÑ",0,3315230966,3315058381,1129401549,"Dun Kithas, Grim Reaches",0,0,"Dun Kithas, DÃ¼sterweiten","ä¸¹åŸºå¡”æ–¯ï¼Œå†·é…·æµ·å²¸","Ğ”ÑƒĞ½ ĞšĞ¸Ñ‚Ğ°Ñ, ĞœÑ€Ğ°Ñ‡Ğ½Ñ‹Ğµ ĞŸÑ€ĞµĞ´ĞµĞ»Ñ‹","Dun Kithas, Los Territorios SombrÃ­os","Dun Kithas, Os Alcances Sombrios",0,"","Ñ€Ğ°Ğ¹"
"š´é£åŸï¼Œè‰¾å°”æ–‡æ£®æ—",0,3312908288,3299243950,1125432033,"Dun Agrath, Wetlands",0,0,"Dun Agrath, Sumpfland","ä¸¹é˜¿æ ¼æ‹‰æ–¯, æ¹¿åœ°","Ğ”ÑƒĞ½ ĞĞ³Ñ€Ğ°Ñ‚, Ğ‘Ğ¾Ğ»Ğ¾Ñ‚Ğ¸Ğ½Ğ°","Dun Agrath, Los Humedales","Dun Agrath, Manguezal",0,"","Ñ€Ğ°Ğ¹"
"´é£åŸï¼Œè‰¾å°”æ–‡æ£®æ—",0,3314312643,3301285970,1140752712,"Ironforge Airfields, Dun Morogh",0,0,"Flugplatz von Eisenschmiede, Dun Morogh","é“ç‚‰å ¡æœºåœº, ä¸¹è«ç½—","Ğ’Ğ·Ğ»Ñ‘Ñ‚Ğ½Ñ‹Ğµ ĞŸĞ»Ğ¾Ñ‰Ğ°Ğ´ĞºĞ¸ Ğ¡Ñ‚Ğ°Ğ»ÑŒĞ³Ğ¾Ñ€Ğ½Ğ°, Ğ”ÑƒĞ½ ĞœĞ¾Ñ€Ğ¾Ğ³","Campos AÃ©reos de Forjaz, Dun Morogh","Base AÃ©rea Altaforja, Dun Morogh",0,"","Ñ€Ğ°Ğ¹"
"åŸï¼Œè‰¾å°”æ–‡æ£®æ—",1,3314470031,3309922263,1108061716,"Mudsprocket, Dustwallow Marsh",0,0,"Morastwinkel, DÃ¼stermarschen","æ³¥é“¾é•‡, å°˜æ³¥æ²¼æ³½","Ğ¨ĞµÑÑ‚ĞµÑ€Ğ¼ÑƒÑ‚ÑŒ","PiÃ±Ã³n de Barro","Coroa de Barro",0,"d",""
"ï¼Œè‰¾å°”æ–‡æ£®æ—",0,3325649818,1162298982,1101004800,"Caelan's Rest, Lapidis Isle",0,0,"Caelan's Rast, Insel des Doktor Lapidis","å¡å…°ä¹‹å¢“,æ‹‰åŒ¹è¿ªæ–¯ä¹‹å²›","Ğ›Ğ°Ğ¿Ğ¸Ğ´Ğ¸Ñ, ĞŸĞ¾ĞºĞ¾Ğ¹ ĞšĞµĞ¹Ğ»Ğ°Ğ½Ğ°","Isla Lapidis, Reposo de Caelan","Lapidis,  Descanso de Caelan",0,"","Ñ€Ğ°Ğ¹"
"ï¼Œè‰¾å°”æ–‡æ£®æ—",0,3327925453,1158533939,1116078080,"Maul'Ogg Refuge, Gillijim's Isle",0,0,"Zuflucht von Maul'Ogg, Gilijim","è«å°”å¥¥æ ¼é¿éš¾æ‰€,å‰åˆ©å‰å§†ä¹‹å²›","Ğ£Ğ±ĞµĞ¶Ğ¸Ñ‰Ğµ ĞœĞ°ÑƒĞ»â€™ĞĞ³Ğ³Ğ°","Gilijim, Refugio Maul'Ogg","Gilijim, RefÃºgio Maul'Ogg",0,"d",""
"¼Œè‰¾å°”æ–‡æ£®æ—",0,1166479340,3308216402,1084437299,"Alah'Thalas",0,0,"Alah'Talas","é˜¿å°”è¨æ‹‰æ–¯","ĞšĞµĞ»ÑŒ'Ğ¢Ğ°Ğ»Ğ°Ñ, ĞĞ»Ğ°'Ğ¢Ğ°Ğ»Ğ°Ñ","Quel'Thalas, Alah'Talas","Quel'Thalas, Alah'Talas",0,"","forge, Dun Morogh"
"Œè‰¾å°”æ–‡æ£®æ—",1,3322606223,3318332047,1090099610,"Tel Co. Basecamp, Tel'Abim",0,0,"Tel Co. Basislager, Tel'Abim","é£é™©æŠ•èµ„å…¬å¸è¥åœ°,æ³°æ‹‰æ¯”å§†","ĞÑÑ‚Ñ€Ğ¾Ğ² Ğ¢ĞµĞ»'ĞĞ±Ğ¸Ğ¼","Isla de Tel'Abim","Ilha Tel'Abim",0,"d","Ñ€Ğ°Ğ¹"
"è‰¾å°”æ–‡æ£®æ—",1,1168887194,3311840051,1153910456,"Nordanaar, Hyjal",0,0,"Nordanaar, Hyjal","è¯ºè¾¾çº³å°”, æµ·åŠ å°”å±±","ĞĞ¾Ñ€Ğ´Ğ°Ğ½Ğ°Ğ°Ñ€, Ğ¥Ğ¸Ğ´Ğ¶Ğ°Ğ»","Nordanaar, Hyjal","Nordanaar, Monte Hyjal",0,"d","Ğ¸"
"‰¾å°”æ–‡æ£®æ—",0,3305592054,1148426650,1074664571,"Ravenshire, Gilneas",0,0,"Rabenruh, Gilneas","æ‹‰æ–‡éƒ¡, å‰å°”å°¼æ–¯","Ğ’Ğ¾Ñ€Ğ¾Ğ½Ğ¸Ğ¹ ĞŸÑ€Ğ¸ÑÑ‚, Ğ“Ğ¸Ğ»Ğ½ĞµĞ°Ñ","Villa Cuervo, Gilneas","Condado-Corvo, GuilnÃ©as",0,"","Ñ€Ğ°Ğ¹"
"¾å°”æ–‡æ£®æ—",0,3298988769,1150361190,1123924050,"Stillward Church, Gilneas",0,0,"Kirche von Stillwacht, Gilneas","å¯‚é™å®ˆå«æ•™å ‚, å‰å°”å°¼æ–¯","Ğ¦ĞµÑ€ĞºĞ¾Ğ²ÑŒ Ğ¢Ğ¸Ñ…Ğ¾Ğ³Ğ¾ Ğ”Ğ¾Ğ·Ğ¾Ñ€Ğ°","Iglesia de Stillward, Gilneas","Igreja da Guarda Silenciosa, GuilnÃ©as",0,"½Ğ¸Ğ²ĞµÑ€ÑĞ°Ğ»ÑŒĞ½Ğ°Ñ Ñ‚Ğ¾Ñ‡ĞºĞ° Ğ½Ğ°Ğ·Ğ½Ğ°Ñ‡ĞµĞ½Ğ¸Ñ Ğ´Ğ»Ñ Ğ¼Ğ°Ñ€ÑˆÑ€ÑƒÑ‚Ğ¾Ğ² Ğ”Ğ¸Ñ€Ğ¸Ğ¶Ğ°Ğ±Ğ»ĞµĞ¹",""
"å°”æ–‡æ£®æ—",0,1157306778,1160880783,1077936128,"Steepcliff Port, Tirisfal Glades",0,0,"Steilklippenhafen, Tirisfal","é™¡å´–æ¸¯,æç‘æ–¯æ³•æ—åœ°","ĞŸĞ¾Ñ€Ñ‚ ĞšÑ€ÑƒÑ‚Ğ¾Ğ³Ğ¾ Ğ£Ñ‚Ñ‘ÑĞ°","Puerto Acantilado Empinado, Tirisfal","Porto do Penhasco Ãngreme, Clareiras de Tirisfal",0,"½Ğ¸Ğ²ĞµÑ€ÑĞ°Ğ»ÑŒĞ½Ğ°Ñ Ñ‚Ğ¾Ñ‡ĞºĞ° Ğ½Ğ°Ğ·Ğ½Ğ°Ñ‡ĞµĞ½Ğ¸Ñ Ğ´Ğ»Ñ Ğ¼Ğ°Ñ€ÑˆÑ€ÑƒÑ‚Ğ¾Ğ² Ğ”Ğ¸Ñ€Ğ¸Ğ¶Ğ°Ğ±Ğ»ĞµĞ¹",""
"°”æ–‡æ£®æ—",0,3315449262,1139630080,1137790484,"Gnomeregan Reclamation Facility, Dun Morogh",0,0,"Gnomeregan Wiedergewinnungsanlage, Dun Morogh","è¯ºè«ç‘æ ¹å¤å…´åŸï¼Œä¸¹è«ç½—","ĞĞ±ÑŠĞµĞºÑ‚ Ğ¿Ğ¾ Ğ ĞµĞºÑƒĞ»ÑŒÑ‚Ğ¸Ğ²Ğ°Ñ†Ğ¸Ğ¸ Ğ“Ğ½Ğ¾Ğ¼Ñ€ĞµĞ³Ğ°Ğ½Ğ°, Ğ”ÑƒĞ½ ĞœĞ¾Ñ€Ğ¾Ğ³","InstalaciÃ³n de ReclamaciÃ³n de Gnomeregan, Dun Morogh","InstalaÃ§Ã£o de ReclamaÃ§Ã£o de Gnomeregan, Dun Morogh",0,"","Ñ€Ğ°Ğ¹"
"£®æ—",1,0,0,0,"Zeppelin: Thunder Bluff to Orgrimmar",0,0,"Zeppelin: Donnerfels nach Orgrimmar","é›·éœ†å´–åˆ°å¥¥æ ¼ç‘ç›çš„é£è‰‡","Ğ”Ğ¸Ñ€Ğ¸Ğ¶Ğ°Ğ±Ğ»ÑŒ: Ğ¸Ğ· Ğ“Ñ€Ğ¾Ğ¼Ğ¾Ğ²Ğ¾Ğ³Ğ¾ Ğ£Ñ‚ĞµÑĞ° Ğ² ĞÑ€Ğ³Ñ€Ğ¸Ğ¼Ğ¼Ğ°Ñ€","ZepelÃ­n: Cima del Trueno a Orgrimmar","Zeppelin: Penhasco do TrovÃ£o para Orgrimmar",0,"",""
"®æ—",1,1146802668,3293648650,1126884966,"Bael Hardul, Stonetalon Mountains",0,0,"Bael Hardul, Steinkrallengebirge","çŸ³çˆªå±±è„‰, è´å°”å“ˆæœå°”","ĞšĞ¾Ğ³Ñ‚Ğ¸ÑÑ‚Ñ‹Ğµ Ğ“Ğ¾Ñ€Ñ‹, Ğ‘Ğ°ÑĞ»ÑŒ Ğ¥Ğ°Ñ€Ğ´ÑƒĞ»","Sierra EspolÃ³n, Bael Hardul","Cordilheira das Torres de Pedra, Bael Hardul",0,"","Ñ€Ğ°Ğ¹"
"e",0,0,0,0,"Boat: Stormwind to Auberdine",0,0,"Schiff: Sturmwind - Auberdine","æš´é£åŸåˆ°å¥¥ä¼¯ä¸çš„èˆ¹åª","ĞšĞ¾Ñ€Ğ°Ğ±Ğ»ÑŒ: Ğ¸Ğ· Ğ¨Ñ‚Ğ¾Ñ€Ğ¼Ğ³Ñ€Ğ°Ğ´Ğ° Ğ² ĞÑƒĞ±ĞµÑ€Ğ´Ğ¸Ğ½","Barco: Ventormenta a Auberdine","Barco: Ventobravo para Auberdine",0,"",""
"",0,0,0,0,"Boat: Auberdine to Alah'Thalas",0,0,"Schiff: Auberdine - Alah'Talas","å¥¥ä¼¯ä¸åˆ°é˜¿å°”è¨æ‹‰æ–¯çš„èˆ¹åª","ĞšĞ¾Ñ€Ğ°Ğ±Ğ»ÑŒ: Ğ¸Ğ· ĞÑƒĞ±ĞµÑ€Ğ´Ğ¸Ğ½Ğ° Ğ² ĞĞ»Ğ°'Ğ¢Ğ°Ğ»Ğ°Ñ","Barco: Auberdine a Alah'Thalas","Barco: Auberdine para Alahthalas",0,"",""
"Programmierer-Insel",1,0,0,0,"Boat: Alah'Thalas to Auberdine",0,0,"Schiff: Alah'Talas - Auberdine","é˜¿å°”è¨æ‹‰æ–¯åˆ°å¥¥ä¼¯ä¸çš„èˆ¹åª","ĞšĞ¾Ñ€Ğ°Ğ±Ğ»ÑŒ: Ğ¸Ğ· ĞĞ»Ğ°'Ğ¢Ğ°Ğ»Ğ°ÑĞ° Ğ² ĞÑƒĞ±ĞµÑ€Ğ´Ğ¸Ğ½","Barco: Alah'Thalas a Auberdine","Barco: Alahthalas para Auberdine",0,"",""
"ĞŸÑ€Ğ¾Ğ³Ñ€Ğ°Ğ¼Ğ¼Ğ¸ÑÑ‚Ğ¾Ğ²",1,0,0,0,"Zeppelin: Orgrimmar to Thunder Bluff",0,0,"Zeppelin: Orgrimmar - Donnerfels","å¥¥æ ¼ç‘ç›åˆ°é›·éœ†å´–çš„é£è‰‡","Ğ”Ğ¸Ñ€Ğ¸Ğ¶Ğ°Ğ±Ğ»ÑŒ: Ğ¸Ğ· ĞÑ€Ğ³Ñ€Ğ¸Ğ¼Ğ¼Ğ°Ñ€Ğ° Ğ² Ğ“Ñ€Ğ¾Ğ¼Ğ¾Ğ²Ğ¾Ğ¹ Ğ£Ñ‚Ñ‘Ñ","ZepelÃ­n: Orgrimmar a Cima del Trueno","Zeppelin: Orgrimmar para Penhasco do TrovÃ£o",0,"",""
" dos Programadores",1,0,0,0,"Boat: Sparkwater to Revantusk Village",0,0,"Schiff: Funkelwasser - Dorf der Bruchhauer","æ€’æ°´æ¸¯åˆ°æ¶é½¿æ‘çš„èˆ¹åª","ĞšĞ¾Ñ€Ğ°Ğ±Ğ»ÑŒ: Ğ¸Ğ· Ğ˜ÑĞºÑ€Ğ¾Ğ²Ğ¾Ğ´ÑŒÑ Ğ² Ğ”ĞµÑ€ĞµĞ²Ğ½Ñ Ğ ĞµĞ²Ğ°Ğ½Ñ‚ÑƒÑĞº","Barco: Aguachispa a Poblado SaÃ±adiente","Barco: Fagulhagua para Aldeia Revatusco",0,"",""
"dos Programadores",0,0,0,0,"Boat: Revanstusk to Sparkwater",0,0,"Schiff: Dorf der Bruchhauer - Funkelwasser","æ¶é½¿æ‘åˆ°æ€’æ°´æ¸¯çš„èˆ¹åª","ĞšĞ¾Ñ€Ğ°Ğ±Ğ»ÑŒ: Ğ¸Ğ· Ğ ĞµĞ²Ğ°Ğ½Ñ‚ÑƒÑĞºĞ° Ğ² Ğ˜ÑĞºÑ€Ğ¾Ğ²Ğ¾Ğ´ÑŒĞµ","Barco: Poblado SaÃ±adiente a Aguachispa","Barco: Aldeia Revatusco para Fagulhagua",0,"",""
"¾Ğ¶ĞµĞ²Ğ¾Ğ¹ Ğ¥Ğ¾Ğ»Ğ¼, Ğ—Ğ°Ğ¿Ğ°Ğ´Ğ½Ñ‹Ğ¹ ĞšÑ€Ğ°Ğ¹",0,3322179738,1151899156,1084647014,"Stormwind Harbor to Balor, init.",0,0,"Schiff: Wiederverwenden!","æš´é£åŸæ¸¯å£è‡³å·´æ´›ï¼Œå‡ºå‘ã€‚","Ğ˜Ğ· Ğ“Ğ°Ğ²Ğ°Ğ½Ğ¸ Ğ¨Ñ‚Ğ¾Ñ€Ğ¼Ğ³Ñ€Ğ°Ğ´Ğ° Ğ² Ğ‘Ğ°Ğ»Ğ¾Ñ€: Ğ¾Ñ‚Ğ¿Ñ€Ğ°Ğ²ĞºĞ°.","Puerto de Ventormenta a Balor, inicializaciÃ³n.","Porto Ventobravo atÃ© Balor, inicializaÃ§Ã£o.",0,"","Ñ€Ğ°Ğ¹"
"Ğ¶ĞµĞ²Ğ¾Ğ¹ Ğ¥Ğ¾Ğ»Ğ¼, Ğ—Ğ°Ğ¿Ğ°Ğ´Ğ½Ñ‹Ğ¹ ĞšÑ€Ğ°Ğ¹",0,3322940344,1159328891,1053172957,"Balor, landing.",0,0,"Schiff: Wiederverwenden!","å·´æ´›ï¼Œç™»é™†ã€‚","Ğ‘Ğ°Ğ»Ğ¾Ñ€: Ğ¿Ñ€Ğ¸Ğ±Ñ‹Ñ‚Ğ¸Ğµ.","Balor, llegada.","Balor, chegada.",0,"","Ñ€Ğ°Ğ¹"
"¶ĞµĞ²Ğ¾Ğ¹ Ğ¥Ğ¾Ğ»Ğ¼, Ğ—Ğ°Ğ¿Ğ°Ğ´Ğ½Ñ‹Ğ¹ ĞšÑ€Ğ°Ğ¹",0,3318746173,3305813484,1133106954,"Zeppelin: Kargath to Orgrimmar",0,0,"Zeppelin: Kargath - Orgrimmar","å¡åŠ æ–¯åˆ°å¥¥æ ¼ç‘ç›çš„é£è‰‡","Ğ”Ğ¸Ñ€Ğ¸Ğ¶Ğ°Ğ±Ğ»ÑŒ: Ğ¸Ğ· ĞšĞ°Ñ€Ğ³Ğ°Ñ‚Ğ° Ğ² ĞÑ€Ğ³Ñ€Ğ¸Ğ¼Ğ¼Ğ°Ñ€","ZepelÃ­n: Kargath a Orgrimmar","Zeppelin: Kargath para Orgrimmar",0,"",""
"ĞµĞ²Ğ¾Ğ¹ Ğ¥Ğ¾Ğ»Ğ¼, Ğ—Ğ°Ğ¿Ğ°Ğ´Ğ½Ñ‹Ğ¹ ĞšÑ€Ğ°Ğ¹",1,1150425743,3313692672,1112103977,"Zeppelin: Orgrimmar to Kargath",0,0,"Zeppelin: Orgrimmar - Kargath","å¥¥æ ¼ç‘ç›åˆ°å¡åŠ æ–¯çš„é£è‰‡","Ğ”Ğ¸Ñ€Ğ¸Ğ¶Ğ°Ğ±Ğ»ÑŒ: Ğ¸Ğ· ĞÑ€Ğ³Ñ€Ğ¸Ğ¼Ğ¼Ğ°Ñ€Ğ° Ğ² ĞšĞ°Ñ€Ğ³Ğ°Ñ‚","ZepelÃ­n: Orgrimmar a Kargath","Zeppelin: Orgrimmar para Kargath",0,"",""
"¾Ğ¹ Ğ¥Ğ¾Ğ»Ğ¼, Ğ—Ğ°Ğ¿Ğ°Ğ´Ğ½Ñ‹Ğ¹ ĞšÑ€Ğ°Ğ¹",1,3289296732,3321188045,1112567972,"Blackstone Island",0,0,"Schwarzstein Insel","é»‘çŸ³å²›","ĞÑÑ‚Ñ€Ğ¾Ğ² Ğ§ĞµÑ€Ğ½Ğ¾ĞºĞ°Ğ¼Ğ½Ñ","Isla Piedranegra","Plataforma de Pouso Ilha Pedranegra",0,"berdine",""
"Ğ¹ Ğ¥Ğ¾Ğ»Ğ¼, Ğ—Ğ°Ğ¿Ğ°Ğ´Ğ½Ñ‹Ğ¹ ĞšÑ€Ğ°Ğ¹",1,1145879101,3315364475,1100957614,"Sparkwater Port, Durotar",0,0,"Funkelwasserhafen, Durotar","æ€’æ°´æ¸¯ï¼Œæœéš†å¡”å°”","ĞŸĞ¾ÑĞ°Ğ´Ğ¾Ñ‡Ğ½Ğ°Ñ ĞºĞ°Ğ¿ÑÑƒĞ»Ğ°: ĞŸĞ¾Ñ€Ñ‚ Ğ˜ÑĞºÑ€Ğ¾Ğ²Ğ¾Ğ´ÑŒĞµ","Puerto Aguachispa, Durotar","Plataforma de Pouso Fagulhagua",0,"berdine",""
"¹ Ğ¥Ğ¾Ğ»Ğ¼, Ğ—Ğ°Ğ¿Ğ°Ğ´Ğ½Ñ‹Ğ¹ ĞšÑ€Ğ°Ğ¹",1,1173678551,3292534866,3216695624,"Icepoint Rock Init",0,0,"Eisfels â€“ Anfang","å†°ç‚¹å²©èˆ¹åªèµ·ç‚¹","ĞšĞ¾Ñ€Ğ°Ğ±Ğ»ÑŒ Ğ½Ğ° Ğ›ĞµĞ´ÑĞ½Ğ¾Ğ¹ Ğ£Ñ‚Ñ‘Ñ: Ğ¾Ñ‚Ğ¿Ñ€Ğ°Ğ²ĞºĞ°.","Roca Puntahelada: Inicio del Barco","InÃ­cio do Barco da Rocha Ponta GÃ©lida",0,"ierras Devastadas",""
" Ğ¥Ğ¾Ğ»Ğ¼, Ğ—Ğ°Ğ¿Ğ°Ğ´Ğ½Ñ‹Ğ¹ ĞšÑ€Ğ°Ğ¹",1,1179995648,3318610330,3216443965,"Icepoint Rock End",0,0,"Eisfels â€“ Ende","å†°ç‚¹å²©èˆ¹åªç»ˆç‚¹","ĞšĞ¾Ñ€Ğ°Ğ±Ğ»ÑŒ Ğ½Ğ° Ğ›ĞµĞ´ÑĞ½Ğ¾Ğ¹ Ğ£Ñ‚Ñ‘Ñ: Ğ¿Ñ€Ğ¸Ğ±Ñ‹Ñ‚Ğ¸Ğµ.","Roca Puntahelada: Fin del Barco","Fim do Barco da Rocha Ponta GÃ©lida",0,"ierras Devastadas",""
