# fields=16 strings=0,1,2,3,11,12,13
"Creature\Basilisk\Basilisk.mdx","Basilisk\Basilisk.mdx","Creature\Basilisk\Basilisk.mdx","Creature\Basilisk\Basilisk.mdx",1065353216,1,7,1099956224,1094713344,1065353216,0,"","","Creature\Basilisk\Basilisk.mdx",1060226099,1074089951
"reature\Basilisk\Basilisk.mdx","reature\Basilisk\Basilisk.mdx","Creature\BogBeast\BogBeast.mdx","Creature\Basilisk\Basilisk.mdx",1065353216,1,4294967295,1099956224,1094713344,1065353216,0,"","","reature\Basilisk\Basilisk.mdx",1060226099,1074089951
"eature\Basilisk\Basilisk.mdx","reature\Basilisk\Basilisk.mdx","Creature\Centaur\Centaur.mdx","Creature\Basilisk\Basilisk.mdx",1065353216,1,4294967295,1099956224,1094713344,1065353216,0,"","","eature\Basilisk\Basilisk.mdx",1060226099,1074089951
"ature\Basilisk\Basilisk.mdx","reature\Basilisk\Basilisk.mdx","Creature\CrystalSpider\CrystalSpider.mdx","Creature\Basilisk\Basilisk.mdx",1065353216,1,0,1099956224,1094713344,1065353216,0,"","","ature\Basilisk\Basilisk.mdx",0,0
"ture\Basilisk\Basilisk.mdx","reature\Basilisk\Basilisk.mdx","Creature\DarkHound\DarkHound.mdx","Creature\Basilisk\Basilisk.mdx",1065353216,1,4294967295,1099956224,1094713344,1065353216,0,"","","ture\Basilisk\Basilisk.mdx",1058828557,1070948418
"ure\Basilisk\Basilisk.mdx","\Basilisk\Basilisk.mdx","Creature\DragonWhelp\DragonWhelp.mdx","",1065353216,1,4294967295,1099956224,1094713344,1065353216,0,"","","ure\Basilisk\Basilisk.mdx",1060226099,1074089951
"e\Basilisk\Basilisk.mdx","","Creature\furbolg\Furbolg.mdx","Creature\Basilisk\Basilisk.mdx",1065353216,1,7,1099956224,1094713344,1065353216,0,"","","e\Basilisk\Basilisk.mdx",1060226099,1074089951
"\Basilisk\Basilisk.mdx","eature\Basilisk\Basilisk.mdx","Creature\Ghost\Ghost.mdx","Creature\Basilisk\Basilisk.mdx",1065353216,1,4294967295,1099956224,1094713344,1065353216,0,"","","\Basilisk\Basilisk.mdx",1060226099,1074089951
"Basilisk\Basilisk.mdx","","Creature\Gnoll\gnoll.mdx","Creature\Basilisk\Basilisk.mdx",1065353216,1,7,1099956224,1094713344,1065353216,0,"","","Basilisk\Basilisk.mdx",1060226099,1074089951
"asilisk\Basilisk.mdx","","Creature\Grell\Grell.mdx","",1065353216,1,4,1099956224,1094713344,1065353216,0,"","","asilisk\Basilisk.mdx",1056031795,1069782401
"silisk\Basilisk.mdx","Creature\Basilisk\Basilisk.mdx","Creature\Harpy\Harpy.mdx","Creature\Basilisk\Basilisk.mdx",1065353216,1,4294967295,1099956224,1094713344,1065353216,0,"","","silisk\Basilisk.mdx",1060226099,1074089951
"ilisk\Basilisk.mdx","","Creature\HUFMCitizenLow\HUFMCitizenLow.mdx","Creature\Basilisk\Basilisk.mdx",1065353216,1,1,1099956224,1094713344,1065353216,0,"","","ilisk\Basilisk.mdx",1057127347,1073871847
"lisk\Basilisk.mdx","","Creature\HUFMCitizenMid\HUFMCitizenMid.mdx","Creature\Basilisk\Basilisk.mdx",1065353216,1,1,1099956224,1094713344,1065353216,0,"","","lisk\Basilisk.mdx",1057127347,1073871847
"isk\Basilisk.mdx","","Creature\HUFMMerchant\HUFMMerchant.mdx","Creature\Basilisk\Basilisk.mdx",1065353216,1,1,1099956224,1094713344,1065353216,0,"","","isk\Basilisk.mdx",1057127347,1073871847
"sk\Basilisk.mdx","","Creature\HumanThief\HumanThief.mdx","Creature\Basilisk\Basilisk.mdx",1065353216,1,1,1099956224,1094713344,1065353216,0,"","","sk\Basilisk.mdx",1060226099,1074089951
"k\Basilisk.mdx","","Creature\HUMLBlackSmith\HUMLBlackSmith.mdx","Creature\Basilisk\Basilisk.mdx",1065353216,1,1,1099956224,1094713344,1065353216,0,"","","k\Basilisk.mdx",1057127347,1073871847
"\Basilisk.mdx","","Creature\HUMLMagicSmith\HUMLMagicSmith.mdx","Creature\Basilisk\Basilisk.mdx",1065353216,1,1,1099956224,1094713344,1065353216,0,"","","\Basilisk.mdx",1057127347,1073871847
"Basilisk.mdx","","Creature\HUMLMerchant\HUMLMerchant.mdx","Creature\Basilisk\Basilisk.mdx",1065353216,1,1,1099956224,1094713344,1065353216,0,"","","Basilisk.mdx",1057127347,1073871847
"asilisk.mdx","","Creature\HUMLUpperCitizen\HUMLUpperCitizen.mdx","Creature\Basilisk\Basilisk.mdx",1065353216,1,1,1099956224,1094713344,1065353216,0,"","","asilisk.mdx",1057127347,1073871847
"silisk.mdx","","Creature\HUMNGuardBig\HUMNGuardBig.mdx","Creature\Basilisk\Basilisk.mdx",1065353216,1,1,1099956224,1094713344,1065353216,0,"","","silisk.mdx",1057127347,1073871847
"ilisk.mdx","","Creature\HUMSCitizenMid\HUMSCitizenMid.mdx","Creature\Basilisk\Basilisk.mdx",1065353216,1,1,1099956224,1094713344,1065353216,0,"","","ilisk.mdx",1057127347,1073871847
"lisk.mdx","","Creature\HUMSMerchant\HUMSMerchant.mdx","Creature\Basilisk\Basilisk.mdx",1065353216,1,1,1099956224,1094713344,1065353216,0,"","","lisk.mdx",1057127347,1073871847
"isk.mdx","reature\Basilisk\Basilisk.mdx","Creature\Infernal\Infernal.mdx","Creature\Basilisk\Basilisk.mdx",1065353216,1,5,1099956224,1094713344,1065353216,0,"","Basilisk\Basilisk.mdx","isk.mdx",0,0
"sk.mdx","","Creature\KeeperOfTheGrove\KeeperOfTheGrove.mdx","Creature\Basilisk\Basilisk.mdx",1065353216,1,6,1099956224,1094713344,1065353216,0,"","","sk.mdx",1060226099,1074089951
"k.mdx","","Creature\Kobold\Kobold.mdx","",1065353216,1,1,1099956224,1094713344,1065353216,0,"","","k.mdx",1060226099,1068616385
".mdx","","Creature\Kodobeast\KodoBeast.mdx","eature\Basilisk\Basilisk.mdx",1065353216,1,1,1099956224,1094713344,1065353216,0,"Creature\Basilisk\Basilisk.mdx","Basilisk\Basilisk.mdx",".mdx",1060226099,1074089951
"mdx","reature\Basilisk\Basilisk.mdx","Creature\LavaSpider\LavaSpider.mdx","Creature\Basilisk\Basilisk.mdx",1065353216,1,4294967295,1099956224,1094713344,1065353216,0,"","","mdx",0,0
"dx","","Creature\LostOne\LostOne.mdx","Creature\Basilisk\Basilisk.mdx",1065353216,1,4,1099956224,1094713344,1065353216,0,"","","dx",1060226099,1074089951
"x","reature\Basilisk\Basilisk.mdx","Creature\MineSpider\MineSpider.mdx","Creature\Basilisk\Basilisk.mdx",1065353216,2,4294967295,1099956224,1094713344,1065353216,0,"","","x",1060226099,1074089951
"","","Creature\Murloc\Murloc.mdx","Creature\Basilisk\Basilisk.mdx",1065353216,1,4,1099956224,1094713344,1065353216,0,"","","",1060226099,1068616385
"Creature\BogBeast\BogBeast.mdx","","Creature\Ogre\Ogre.mdx","eature\Basilisk\Basilisk.mdx",1065353216,1,4,1099956224,1094713344,1065353216,0,"","Basilisk\Basilisk.mdx","Creature\BogBeast\BogBeast.mdx",1061158912,1075255968
"reature\BogBeast\BogBeast.mdx","e\Basilisk\Basilisk.mdx","Creature\Ogre\OgreMage.mdx","eature\Basilisk\Basilisk.mdx",1065353216,1,1,1099956224,1094713344,1065353216,0,"","Basilisk\Basilisk.mdx","reature\BogBeast\BogBeast.mdx",1061158912,1075255968
"eature\BogBeast\BogBeast.mdx","","Creature\Raptor\Raptor.mdx","Creature\Basilisk\Basilisk.mdx",1065353216,1,5,1099956224,1094713344,1065353216,0,"","","eature\BogBeast\BogBeast.mdx",1060226099,1074089951
"ature\BogBeast\BogBeast.mdx","reature\Basilisk\Basilisk.mdx","Creature\SeaGiant\SeaGiant.mdx","ature\Basilisk\Basilisk.mdx",1065353216,1,4,1099956224,1094713344,1065353216,0,"Creature\Basilisk\Basilisk.mdx","asilisk\Basilisk.mdx","ature\BogBeast\BogBeast.mdx",1060226099,1074089951
"ture\BogBeast\BogBeast.mdx","Creature\Basilisk\Basilisk.mdx","Creature\SILITHID\Silithid.mdx","Creature\Basilisk\Basilisk.mdx",1065353216,2,1,1065353216,1065353216,1065353216,0,"","","ture\BogBeast\BogBeast.mdx",1060226099,1074089951
"ure\BogBeast\BogBeast.mdx","reature\Basilisk\Basilisk.mdx","Creature\Succubus\Succubus.mdx","Creature\Basilisk\Basilisk.mdx",1065353216,1,3,1099956224,1094713344,1065353216,0,"","","ure\BogBeast\BogBeast.mdx",1060226099,1074089951
"re\BogBeast\BogBeast.mdx","reature\Basilisk\Basilisk.mdx","Creature\Tallstrider\TallStrider.mdx","Creature\Basilisk\Basilisk.mdx",1065353216,1,5,1099956224,1094713344,1065353216,0,"","","re\BogBeast\BogBeast.mdx",1060226099,1074089951
"e\BogBeast\BogBeast.mdx","reature\Basilisk\Basilisk.mdx","Creature\TitanFemale\TitanFemale.mdx","ature\Basilisk\Basilisk.mdx",1065353216,1,1,1099956224,1094713344,1065353216,0,"Basilisk\Basilisk.mdx","asilisk\Basilisk.mdx","e\BogBeast\BogBeast.mdx",1060226099,1074089951
"\BogBeast\BogBeast.mdx","reature\Basilisk\Basilisk.mdx","Creature\TitanMale\TitanMale.mdx","eature\Basilisk\Basilisk.mdx",1065353216,1,1,1099956224,1094713344,1065353216,0,"Creature\Basilisk\Basilisk.mdx","silisk\Basilisk.mdx","\BogBeast\BogBeast.mdx",1060226099,1074089951
"BogBeast\BogBeast.mdx","","Creature\Troglodyte\Troglodyte.mdx","Creature\Basilisk\Basilisk.mdx",1065353216,1,4,1099956224,1094713344,1065353216,0,"","","BogBeast\BogBeast.mdx",1060226099,1074089951
"ogBeast\BogBeast.mdx","","Creature\Troll\Troll.mdx","Creature\Basilisk\Basilisk.mdx",1065353216,1,1,1099956224,1094713344,1065353216,0,"","","ogBeast\BogBeast.mdx",1060226099,1074089951
"gBeast\BogBeast.mdx","","Creature\Wolf\Wolf.mdx","Creature\Basilisk\Basilisk.mdx",1065353216,1,7,1091567616,1086324736,1065353216,0,"","","gBeast\BogBeast.mdx",1060226099,1074089951
"Beast\BogBeast.mdx","","Creature\Worgen\Worgen.mdx","Creature\Basilisk\Basilisk.mdx",1065353216,1,7,1099956224,1094713344,1065353216,0,"","","Beast\BogBeast.mdx",1066284351,1074270306
"east\BogBeast.mdx","reature\Basilisk\Basilisk.mdx","Creature\Ghoul\Ghoul.mdx","Creature\Basilisk\Basilisk.mdx",1065353216,2,1,1099956224,1094713344,1065353216,0,"","","east\BogBeast.mdx",1059761370,1072642916
"st\BogBeast.mdx","","Creature\DragonSpawn\DragonSpawn.mdx","Creature\Basilisk\Basilisk.mdx",1065353216,1,5,1099956224,1094713344,1065353216,0,"","","st\BogBeast.mdx",1060226099,1074089951
"\BogBeast.mdx","ature\Basilisk\Basilisk.mdx","Character\Human\Male\HumanMale.mdx","Creature\Basilisk\Basilisk.mdx",1065353216,1,1,1094713344,1092616192,1065353216,0,"","","\BogBeast.mdx",1058828557,1073871847
"BogBeast.mdx","ature\Basilisk\Basilisk.mdx","Character\Human\Female\HumanFemale.mdx","Creature\Basilisk\Basilisk.mdx",1065353216,1,1,1094713344,1092616192,1065353216,0,"","","BogBeast.mdx",1054169524,1073012015
"ogBeast.mdx","ature\Basilisk\Basilisk.mdx","Character\Orc\Male\OrcMale.mdx","Creature\Basilisk\Basilisk.mdx",1065353216,1,1,1096810496,1096810496,1065353216,0,"","","ogBeast.mdx",1061158912,1075255968
"gBeast.mdx","ature\Basilisk\Basilisk.mdx","Character\Orc\Female\OrcFemale.mdx","Creature\Basilisk\Basilisk.mdx",1065353216,1,1,1094713344,1093664768,1065353216,0,"","","gBeast.mdx",1056031795,1073955734
"Beast.mdx","ature\Basilisk\Basilisk.mdx","Character\Dwarf\Male\DwarfMale.mdx","Creature\Basilisk\Basilisk.mdx",1065353216,1,1,1094713344,1092616192,1065353216,0,"","","Beast.mdx",1060226099,1070948418
"east.mdx","ature\Basilisk\Basilisk.mdx","Character\Dwarf\Female\DwarfFemale.mdx","Creature\Basilisk\Basilisk.mdx",1065353216,1,1,1094713344,1092616192,1065353216,0,"","","east.mdx",1055098982,1069782401
"ast.mdx","ature\Basilisk\Basilisk.mdx","Character\NightElf\Male\NightElfMale.mdx","Creature\Basilisk\Basilisk.mdx",1065353216,1,1,1094713344,1092616192,1065353216,0,"","","ast.mdx",1061625319,1075578929
"st.mdx","ature\Basilisk\Basilisk.mdx","Character\NightElf\Female\NightElfFemale.mdx","Creature\Basilisk\Basilisk.mdx",1065353216,1,1,1094713344,1092616192,1065353216,0,"","","st.mdx",1057897421,1074790400
"t.mdx","ature\Basilisk\Basilisk.mdx","Character\Scourge\Male\ScourgeMale.mdx","Creature\Basilisk\Basilisk.mdx",1065353216,2,1,1094713344,1092616192,1065353216,0,"","","t.mdx",1060226099,1072575807
".mdx","ature\Basilisk\Basilisk.mdx","Character\Scourge\Female\ScourgeFemale.mdx","Creature\Basilisk\Basilisk.mdx",1065353216,2,1,1094713344,1092616192,1065353216,0,"","",".mdx",1054169524,1072433201
"mdx","ature\Basilisk\Basilisk.mdx","Character\Tauren\Male\TaurenMale.mdx","Creature\Basilisk\Basilisk.mdx",1065353216,1,3,1102053376,1098907648,1073741824,0,"","","mdx",1058479591,1070830977
"dx","ature\Basilisk\Basilisk.mdx","Character\Tauren\Female\TaurenFemale.mdx","Creature\Basilisk\Basilisk.mdx",1067450368,1,3,1101004800,1096810496,1073741824,0,"","","dx",1059761370,1074207392
"x","Basilisk\Basilisk.mdx","Creature\CarrionBird\CarrionBird.mdx","",1065353216,1,1,1099956224,1094713344,1065353216,0,"","","x",1060226099,1074089951
"","e\Basilisk\Basilisk.mdx","Creature\Hydra\Hydra.mdx","eature\Basilisk\Basilisk.mdx",1065353216,1,1,1099956224,1094713344,1065353216,0,"","Basilisk\Basilisk.mdx","",1060226099,1074089951
"Creature\Centaur\Centaur.mdx","reature\Basilisk\Basilisk.mdx","Creature\Tarantula\Tarantula.mdx","Creature\Basilisk\Basilisk.mdx",1065353216,1,1,1099956224,1094713344,1065353216,0,"","","Creature\Centaur\Centaur.mdx",1060226099,1074089951
"reature\Centaur\Centaur.mdx","reature\Basilisk\Basilisk.mdx","SoundTest.mdx","Creature\Basilisk\Basilisk.mdx",1065353216,1,1,1099956224,1094713344,1065353216,0,"","","reature\Centaur\Centaur.mdx",0,0
"eature\Centaur\Centaur.mdx","","Creature\Horse\Horse.mdx","Creature\Basilisk\Basilisk.mdx",1065353216,1,6,1099956224,1094713344,1065353216,0,"","","eature\Centaur\Centaur.mdx",1064420403,1077004993
"ature\Centaur\Centaur.mdx","","Creature\Boar\Boar.mdx","",1065353216,1,3,1091567616,1086324736,1065353216,0,"","","ature\Centaur\Centaur.mdx",1060226099,1074089951
"ture\Centaur\Centaur.mdx","","Creature\AncientProtector\AncientProtector.mdx","eature\Basilisk\Basilisk.mdx",1065353216,2,3,1099956224,1094713344,1065353216,0,"Creature\Basilisk\Basilisk.mdx","asilisk\Basilisk.mdx","ture\Centaur\Centaur.mdx",1060226099,1074089951
"ure\Centaur\Centaur.mdx","","Creature\DoomGuard\DoomGuard.mdx","Creature\Basilisk\Basilisk.mdx",1065353216,1,3,1099956224,1094713344,1065353216,0,"","","ure\Centaur\Centaur.mdx",1060226099,1074089951
"re\Centaur\Centaur.mdx","eature\Basilisk\Basilisk.mdx","Creature\ElementalEarth\ElementalEarth.mdx","Creature\Basilisk\Basilisk.mdx",1065353216,1,3,1099956224,1094713344,1065353216,0,"","","re\Centaur\Centaur.mdx",1060226099,1074089951
"e\Centaur\Centaur.mdx","reature\Basilisk\Basilisk.mdx","Creature\Skeleton\Skeleton.mdx","Creature\Basilisk\Basilisk.mdx",1065353216,1,1,1099956224,1094713344,1065353216,0,"","","e\Centaur\Centaur.mdx",1060226099,1074089951
"\Centaur\Centaur.mdx","reature\Basilisk\Basilisk.mdx","Creature\GolemHarvest\GolemHarvest.mdx","Creature\Basilisk\Basilisk.mdx",1065353216,3,1,1099956224,1094713344,1065353216,0,"","","\Centaur\Centaur.mdx",1060226099,1074089951
"Centaur\Centaur.mdx","reature\Basilisk\Basilisk.mdx","Creature\GolemHarvestStage2\GolemHarvestStage2.mdx","Creature\Basilisk\Basilisk.mdx",1065353216,3,1,1099956224,1094713344,1065353216,0,"","","Centaur\Centaur.mdx",1060226099,1074089951
"entaur\Centaur.mdx","Creature\Basilisk\Basilisk.mdx","Creature\DireWolf\DireWolf.mdx","Creature\Basilisk\Basilisk.mdx",1065353216,1,7,1103101952,1099956224,1065353216,0,"","","entaur\Centaur.mdx",1060226099,1074089951
"ntaur\Centaur.mdx","","Creature\HumanMalePeasant\HumanMalePeasant.mdx","Creature\Basilisk\Basilisk.mdx",1065353216,1,4,1094713344,1092616192,1065353216,0,"","","ntaur\Centaur.mdx",1057127347,1073871847
"taur\Centaur.mdx","Creature\Basilisk\Basilisk.mdx","Creature\WindSerpent\WindSerpent.mdx","reature\Basilisk\Basilisk.mdx",1065353216,1,5,1099956224,1094713344,1065353216,0,"","","taur\Centaur.mdx",1060226099,1074089951
"aur\Centaur.mdx","\Basilisk\Basilisk.mdx","Creature\Frenzy\Frenzy.mdx","Creature\Basilisk\Basilisk.mdx",1065353216,1,4294967295,1099956224,1094713344,1065353216,0,"","","aur\Centaur.mdx",1060226099,1068616385
"ur\Centaur.mdx","","Creature\Dryad\Dryad.mdx","Creature\Basilisk\Basilisk.mdx",1065353216,1,6,1099956224,1094713344,1065353216,0,"","","ur\Centaur.mdx",1060226099,1074089951
"r\Centaur.mdx","","Creature\Satyr\Satyr.mdx","Creature\Basilisk\Basilisk.mdx",1065353216,1,3,1099956224,1094713344,1065353216,0,"","","r\Centaur.mdx",1060226099,1074089951
"\Centaur.mdx","","Creature\HumanMaleKid\HumanMaleKid.mdx","Creature\Basilisk\Basilisk.mdx",1065353216,1,4,1099956224,1094713344,1065353216,0,"","","\Centaur.mdx",1052538778,1067920130
"Centaur.mdx","","Creature\HumanFemaleKid\HumanFemaleKid.mdx","Creature\Basilisk\Basilisk.mdx",1065353216,1,4,1099956224,1094713344,1065353216,0,"","","Centaur.mdx",1052538778,1066980606
"entaur.mdx","eature\Basilisk\Basilisk.mdx","Creature\Slime\Slime.mdx","Creature\Basilisk\Basilisk.mdx",1065353216,2,4294967295,1099956224,1094713344,1065353216,0,"","","entaur.mdx",1060226099,1074089951
"ntaur.mdx","","Creature\Tiger\Tiger.mdx","Creature\Basilisk\Basilisk.mdx",1065353216,1,7,1099956224,1094713344,1065353216,0,"","","ntaur.mdx",1060226099,1074089951
"taur.mdx","e\Basilisk\Basilisk.mdx","Creature\bear\Bear.mdx","Creature\Basilisk\Basilisk.mdx",1065353216,1,7,1099956224,1094713344,1065353216,0,"","","taur.mdx",1060226099,1072181543
"aur.mdx","reature\Basilisk\Basilisk.mdx","Creature\GolemStone\GolemStone.mdx","Creature\Basilisk\Basilisk.mdx",1065353216,3,4294967295,1099956224,1094713344,1065353216,0,"","Basilisk\Basilisk.mdx","aur.mdx",1060226099,1074089951
"ur.mdx","Creature\Basilisk\Basilisk.mdx","Creature\Wyvern\Wyvern.mdx","Creature\Basilisk\Basilisk.mdx",1065353216,1,4294967295,1099956224,1094713344,1065353216,0,"","","ur.mdx",1060226099,1074089951
"r.mdx","","Creature\HumanMalePeasant\HumanMalePeasantAxe.mdx","Creature\Basilisk\Basilisk.mdx",1065353216,1,1,1099956224,1094713344,1065353216,0,"","","r.mdx",1057127347,1073871847
".mdx","","Creature\HumanMalePeasant\HumanMalePeasantGold.mdx","Creature\Basilisk\Basilisk.mdx",1065353216,1,1,1099956224,1094713344,1065353216,0,"","",".mdx",1057127347,1073871847
"mdx","","Creature\HumanMalePeasant\HumanMalePeasantPick.mdx","Creature\Basilisk\Basilisk.mdx",1065353216,1,1,1099956224,1094713344,1065353216,0,"","","mdx",1057127347,1073871847
"dx","","Creature\HumanMalePeasant\HumanMalePeasantWood.mdx","Creature\Basilisk\Basilisk.mdx",1065353216,1,1,1099956224,1094713344,1065353216,0,"","","dx",1057127347,1073871847
"x","\Basilisk\Basilisk.mdx","Creature\Hippogryph\Hippogryph.mdx","reature\Basilisk\Basilisk.mdx",1065353216,1,4294967295,1099956224,1094713344,1065353216,0,"","","x",1060226099,1074089951
"","Creature\Basilisk\Basilisk.mdx","Creature\SilithidTank\SilithidTank.mdx","Creature\Basilisk\Basilisk.mdx",1065353216,1,1,1065353216,1065353216,1065353216,0,"","","",1060226099,1074089951
"Creature\CrystalSpider\CrystalSpider.mdx","eature\Basilisk\Basilisk.mdx","Creature\Silithidwasp\SilithidWasp.mdx","Creature\Basilisk\Basilisk.mdx",1065353216,1,4294967295,1099956224,1094713344,1065353216,0,"","","Creature\CrystalSpider\CrystalSpider.mdx",1060226099,1074089951
"reature\CrystalSpider\CrystalSpider.mdx","","Creature\HumanFemaleBlacksmith\HumanFemaleBlacksmith.mdx","Creature\Basilisk\Basilisk.mdx",1065353216,1,1,1099956224,1094713344,1065353216,0,"","","reature\CrystalSpider\CrystalSpider.mdx",1056031795,1073272062
"eature\CrystalSpider\CrystalSpider.mdx","","Creature\HumanFemaleFarmer\HumanFemaleFarmer.mdx","Creature\Basilisk\Basilisk.mdx",1065353216,1,1,1099956224,1094713344,1065353216,0,"","","eature\CrystalSpider\CrystalSpider.mdx",1054169524,1073012015
"ature\CrystalSpider\CrystalSpider.mdx","","Creature\HumanFemaleMerchantFat\HumanFemaleMerchantFat.mdx","Creature\Basilisk\Basilisk.mdx",1065353216,1,1,1099956224,1094713344,1065353216,0,"","","ature\CrystalSpider\CrystalSpider.mdx",1054169524,1073540497
"ture\CrystalSpider\CrystalSpider.mdx","","Creature\HumanFemaleMerchantThin\HumanFemaleMerchantThin.mdx","Creature\Basilisk\Basilisk.mdx",1065353216,1,1,1099956224,1094713344,1065353216,0,"","","ture\CrystalSpider\CrystalSpider.mdx",1057897421,1073272062
"ure\CrystalSpider\CrystalSpider.mdx","","Creature\HumanFemalePeasant\HumanFemalePeasant.mdx","Creature\Basilisk\Basilisk.mdx",1065353216,1,1,1099956224,1094713344,1065353216,0,"","","ure\CrystalSpider\CrystalSpider.mdx",1054169524,1073012015
"re\CrystalSpider\CrystalSpider.mdx","","Creature\HumanFemaleWarriorHeavy\HumanFemaleWarriorHeavy.mdx","Creature\Basilisk\Basilisk.mdx",1065353216,1,1,1099956224,1094713344,1065353216,0,"","","re\CrystalSpider\CrystalSpider.mdx",1054169524,1073012015
"e\CrystalSpider\CrystalSpider.mdx","","Creature\HumanFemaleWarriorLight\HumanFemaleWarriorLight.mdx","Creature\Basilisk\Basilisk.mdx",1065353216,1,1,1099956224,1094713344,1065353216,0,"","","e\CrystalSpider\CrystalSpider.mdx",1054169524,1073012015
"\CrystalSpider\CrystalSpider.mdx","","Creature\HumanFemaleWarriorMedium\HumanFemaleWarriorMedium.mdx","Creature\Basilisk\Basilisk.mdx",1065353216,1,1,1099956224,1094713344,1065353216,0,"","","\CrystalSpider\CrystalSpider.mdx",1054169524,1073012015
"CrystalSpider\CrystalSpider.mdx","","Creature\HumanMaleBlacksmith\HumanMaleBlacksmith.mdx","Creature\Basilisk\Basilisk.mdx",1065353216,1,1,1099956224,1094713344,1065353216,0,"","","CrystalSpider\CrystalSpider.mdx",1060226099,1073976705
"rystalSpider\CrystalSpider.mdx","","Creature\HumanMaleFarmer\HumanMaleFarmer.mdx","Creature\Basilisk\Basilisk.mdx",1065353216,1,1,1099956224,1094713344,1065353216,0,"","","rystalSpider\CrystalSpider.mdx",1057897421,1074089951
"ystalSpider\CrystalSpider.mdx","","Creature\HumanMaleNoble\HumanMaleNoble.mdx","Creature\Basilisk\Basilisk.mdx",1065353216,1,1,1099956224,1094713344,1065353216,0,"","","ystalSpider\CrystalSpider.mdx",1057127347,1073871847
"stalSpider\CrystalSpider.mdx","","Creature\HumanMaleWarriorHeavy\HumanMaleWarriorHeavy.mdx","Creature\Basilisk\Basilisk.mdx",1065353216,1,1,1099956224,1094713344,1065353216,0,"","","stalSpider\CrystalSpider.mdx",1058828557,1073871847
"talSpider\CrystalSpider.mdx","","Creature\HumanMaleWarriorMedium\HumanMaleWarriorMedium.mdx","Creature\Basilisk\Basilisk.mdx",1065353216,1,1,1099956224,1094713344,1065353216,0,"","","talSpider\CrystalSpider.mdx",1058828557,1073871847
"alSpider\CrystalSpider.mdx","","Creature\HumanMaleWizard\HumanMaleWizard.mdx","Creature\Basilisk\Basilisk.mdx",1065353216,1,1,1099956224,1094713344,1065353216,0,"","","alSpider\CrystalSpider.mdx",1057127347,1073871847
"lSpider\CrystalSpider.mdx","","Creature\HumanMaleWarriorLight\HumanMaleWarriorLight.mdx","Creature\Basilisk\Basilisk.mdx",1065353216,1,1,1099956224,1094713344,1065353216,0,"","","lSpider\CrystalSpider.mdx",1058828557,1073871847
"Spider\CrystalSpider.mdx","","Creature\HumanMaleCaster\HumanMaleCaster.mdx","Creature\Basilisk\Basilisk.mdx",1065353216,1,1,1099956224,1094713344,1065353216,0,"","","Spider\CrystalSpider.mdx",1058828557,1073871847
"pider\CrystalSpider.mdx","","Creature\HumanFemaleCaster\HumanFemaleCaster.mdx","Creature\Basilisk\Basilisk.mdx",1065353216,1,1,1099956224,1094713344,1065353216,0,"","","pider\CrystalSpider.mdx",1054169524,1073012015
"ider\CrystalSpider.mdx","asilisk\Basilisk.mdx","Creature\WaterElemental\WaterElemental.mdx","Creature\Basilisk\Basilisk.mdx",1065353216,1,4294967295,1099956224,1094713344,1065353216,0,"","","ider\CrystalSpider.mdx",1060226099,1074089951
"der\CrystalSpider.mdx","","Creature\Chicken\Chicken.mdx","",1065353216,1,5,1082130432,1077936128,1065353216,0,"","","der\CrystalSpider.mdx",1049508813,1054169524
"er\CrystalSpider.mdx","","Creature\OrcMaleWarriorLight\OrcMaleWarriorLight.mdx","Creature\Basilisk\Basilisk.mdx",1065353216,1,1,1099956224,1094713344,1065353216,0,"","","er\CrystalSpider.mdx",1061158912,1075255968
"r\CrystalSpider.mdx","","Creature\OrcMaleMerchantLight\OrcMaleMerchantLight.mdx","Creature\Basilisk\Basilisk.mdx",1065353216,1,1,1099956224,1094713344,1065353216,0,"","","r\CrystalSpider.mdx",1061158912,1075255968
"\CrystalSpider.mdx","","Creature\Rabbit\Rabbit.mdx","",1065353216,1,7,1082130432,1077936128,1065353216,0,"","","\CrystalSpider.mdx",1055098982,1055098982
"CrystalSpider.mdx","","Creature\DwarfMaleWarriorLight\DwarfMaleWarriorLight.mdx","Creature\Basilisk\Basilisk.mdx",1065353216,1,1,1099956224,1094713344,1065353216,0,"","","CrystalSpider.mdx",1060226099,1068616385
"rystalSpider.mdx","","Creature\Troll\TrollJungleCaster.mdx","Creature\Basilisk\Basilisk.mdx",1065353216,4294967295,4,1099956224,1094713344,1065353216,0,"","","rystalSpider.mdx",1060226099,1074089951
"ystalSpider.mdx","","Creature\Troll\TrollJungleBoss.mdx","Creature\Basilisk\Basilisk.mdx",1065353216,4294967295,4,1099956224,1094713344,1065353216,0,"","","ystalSpider.mdx",1060226099,1074089951
"stalSpider.mdx","","Creature\Troll\TrollWhelp.mdx","Creature\Basilisk\Basilisk.mdx",1065353216,4294967295,4,1099956224,1094713344,1065353216,0,"","","stalSpider.mdx",1060226099,1074089951
"talSpider.mdx","","Creature\Troll\TrollMelee.mdx","Creature\Basilisk\Basilisk.mdx",1065353216,4294967295,4,1099956224,1094713344,1065353216,0,"","","talSpider.mdx",1060226099,1074089951
"alSpider.mdx","","Creature\Troll\TrollForestBoss.mdx","Creature\Basilisk\Basilisk.mdx",1065353216,4294967295,4,1099956224,1094713344,1065353216,0,"","","alSpider.mdx",1060226099,1074089951
"lSpider.mdx","","Creature\Troll\TrollForestCaster.mdx","Creature\Basilisk\Basilisk.mdx",1065353216,4294967295,4,1099956224,1094713344,1065353216,0,"","","lSpider.mdx",1060226099,1074089951
"Spider.mdx","","Creature\GnollCaster\GnollCaster.mdx","Creature\Basilisk\Basilisk.mdx",1065353216,1,7,1099956224,1094713344,1065353216,0,"","","Spider.mdx",1060226099,1074089951
"pider.mdx","","Creature\GnollMelee\GnollMelee.mdx","Creature\Basilisk\Basilisk.mdx",1065353216,4294967295,7,1099956224,1094713344,1065353216,0,"","","pider.mdx",1062556454,1070084391
"ider.mdx","","Creature\Deer\Deer.mdx","Creature\Basilisk\Basilisk.mdx",1065353216,4294967295,3,1099956224,1094713344,1065353216,0,"","","ider.mdx",1057897421,1070948418
"der.mdx","","Creature\HumanMaleMarshal\HumanMaleMarshal.mdx","Creature\Basilisk\Basilisk.mdx",1065353216,4294967295,1,1099956224,1094713344,1065353216,0,"","","der.mdx",1057127347,1073871847
"er.mdx","","Creature\HumanMaleGuard\HumanMaleGuard.mdx","Creature\Basilisk\Basilisk.mdx",1065353216,4294967295,1,1099956224,1094713344,1065353216,0,"","","er.mdx",1057127347,1073871847
"r.mdx","","Creature\HumanMalePirateCaptain\HumanMalePirateCaptain.mdx","Creature\Basilisk\Basilisk.mdx",1065353216,4294967295,1,1099956224,1094713344,1065353216,0,"","","r.mdx",1058828557,1073871847
".mdx","","Creature\HumanMalePirateCrewman\HumanMalePirateCrewman.mdx","Creature\Basilisk\Basilisk.mdx",1065353216,4294967295,4,1099956224,1094713344,1065353216,0,"","",".mdx",1060226099,1074089951
"mdx","","Creature\HumanMalePirateSwashbuckler\HumanMalePirateSwashbuckler.mdx","Creature\Basilisk\Basilisk.mdx",1065353216,4294967295,1,1099956224,1094713344,1065353216,0,"","","mdx",1060226099,1074089951
"dx","","Creature\Dreadlord\DreadLord.mdx","reature\Basilisk\Basilisk.mdx",1065353216,3,3,1099956224,1094713344,1065353216,0,"","Basilisk\Basilisk.mdx","dx",1060226099,1074089951
"x","","Creature\Gnome\Gnome.mdx","Creature\Basilisk\Basilisk.mdx",1065353216,4294967295,1,1099956224,1094713344,1065353216,0,"","","x",1060226099,1067450368
"","e\Basilisk\Basilisk.mdx","Creature\Crab\Crab.mdx","",1065353216,4294967295,1,1082130432,1077936128,1065353216,0,"","","",1060226099,1064886809
"Creature\DarkHound\DarkHound.mdx","\Basilisk\Basilisk.mdx","Creature\threshadon\Threshadon.mdx","Creature\Basilisk\Basilisk.mdx",1065353216,4294967295,4294967295,1099956224,1094713344,1065353216,0,"","","Creature\DarkHound\DarkHound.mdx",1060226099,1074089951
"reature\DarkHound\DarkHound.mdx","","Creature\Squirrel\Squirrel.mdx","",1065353216,1,7,1082130432,1077936128,1065353216,0,"","","reature\DarkHound\DarkHound.mdx",0,0
"ature\DarkHound\DarkHound.mdx","","Creature\Gorilla\Gorilla.mdx","",1065353216,1,4,1099956224,1094713344,1065353216,0,"","","eature\DarkHound\DarkHound.mdx",1060226099,1074089951
"ture\DarkHound\DarkHound.mdx","Basilisk\Basilisk.mdx","Creature\Crocodile\Crocodile.mdx","",1065353216,4294967295,5,1099956224,1094713344,1065353216,0,"","","ature\DarkHound\DarkHound.mdx",1060226099,1074089951
"re\DarkHound\DarkHound.mdx","","Creature\Felhound\FelHound.mdx","",1065353216,3,5,1099012506,1093455053,1065353216,0,"","","ure\DarkHound\DarkHound.mdx",1060226099,1074089951
"e\DarkHound\DarkHound.mdx","","Creature\Sheep\Sheep.mdx","",1065353216,1,3,1099956224,1094713344,1065353216,0,"","","re\DarkHound\DarkHound.mdx",1060226099,1065588097
"\DarkHound\DarkHound.mdx","","Creature\Ent\Ent.mdx","",1065353216,2,5,1099956224,1094713344,1065353216,0,"","","e\DarkHound\DarkHound.mdx",1060226099,1074089951
"DarkHound\DarkHound.mdx","eature\Basilisk\Basilisk.mdx","Creature\Frog\Frog.mdx","",1065353216,4294967295,7,1082130432,1077936128,1065353216,0,"","","\DarkHound\DarkHound.mdx",1054169524,1049508813
"arkHound\DarkHound.mdx","","Creature\Horse\Horse.mdx","Creature\Basilisk\Basilisk.mdx",1065353216,4294967295,6,1099956224,1094713344,1065353216,0,"","","eature\Centaur\Centaur.mdx",1064420403,1077004993
"rkHound\DarkHound.mdx","eature\Basilisk\Basilisk.mdx","Creature\Banshee\Banshee.mdx","",1065353216,4294967295,4,1099956224,1094713344,1065353216,0,"","","DarkHound\DarkHound.mdx",1060226099,1074089951
"kHound\DarkHound.mdx","","Creature\Quillboar\QuillBoar.mdx","",1065353216,4294967295,3,1099956224,1094713344,1065353216,0,"","","arkHound\DarkHound.mdx",1060226099,1074089951
"Hound\DarkHound.mdx","","Creature\Wendigo\Wendigo.mdx","",1065353216,1,4,1099956224,1094713344,1065353216,0,"","","rkHound\DarkHound.mdx",1060226099,1074089951
"ound\DarkHound.mdx","Creature\Basilisk\Basilisk.mdx","Creature\Gryphon\Gryphon.mdx","reature\Basilisk\Basilisk.mdx",1065353216,1,4294967295,1099956224,1094713344,1065353216,0,"","","kHound\DarkHound.mdx",1060226099,1074089951
"nd\DarkHound.mdx","","Creature\GolemHarvestStage2\GolemHarvestStage2.mdx","",1065353216,4294967295,1,0,0,0,0,"","","ound\DarkHound.mdx",1060226099,1074089951
"d\DarkHound.mdx","","Creature\TempDeathGuard\DeathGuard.mdx","Creature\Basilisk\Basilisk.mdx",1065353216,1,1,1099956224,1094713344,1065353216,0,"","","und\DarkHound.mdx",1060226099,1074089951
"\DarkHound.mdx","","Creature\TempScarletCrusaderLight\ScarletCrusaderLight.mdx","Creature\Basilisk\Basilisk.mdx",1065353216,1,1,1099956224,1094713344,1065353216,0,"","","nd\DarkHound.mdx",1058828557,1073871847
"DarkHound.mdx","","Creature\TempScarletCrusaderHeavy\ScarletCrusaderHeavy.mdx","Creature\Basilisk\Basilisk.mdx",1065353216,1,1,1099956224,1094713344,1065353216,0,"","","d\DarkHound.mdx",1058828557,1073871847
"kHound.mdx","","Creature\Cow\Cow.mdx","Creature\Basilisk\Basilisk.mdx",1065353216,1,4294967295,1099956224,1094713344,1065353216,0,"","","arkHound.mdx",1060226099,1074089951
"Hound.mdx","","Creature\FleshGolem\FleshGolem.mdx","reature\Basilisk\Basilisk.mdx",1065353216,4294967295,4294967295,1099956224,1094713344,1065353216,0,"","","rkHound.mdx",1060226099,1074089951
"ound.mdx","","Creature\QuirajBattleguard\BattleGuard.mdx","reature\Basilisk\Basilisk.mdx",1065353216,1,4294967295,0,0,0,0,"","","kHound.mdx",1060226099,1074089951
"und.mdx","","Creature\QuirajGladiator\QuirajGladiator.mdx","Creature\Basilisk\Basilisk.mdx",1065353216,1,4294967295,0,0,0,0,"","","Hound.mdx",1060226099,1074089951
"nd.mdx","","Creature\QuirajProphet\QuirajProphet.mdx","Creature\Basilisk\Basilisk.mdx",1065353216,4294967295,4294967295,1099956224,1094713344,1065353216,0,"","","ound.mdx",0,0
"d.mdx","asilisk\Basilisk.mdx","Creature\FireElemental\FireElemental.mdx","Creature\Basilisk\Basilisk.mdx",1065353216,4294967295,4294967295,1099956224,1094713344,1065353216,0,"","","und.mdx",1060226099,1074089951
".mdx","","Creature\PrarieDog\PrarieDog.mdx","Creature\Basilisk\Basilisk.mdx",1065353216,1,7,1082130432,1077936128,1065353216,0,"","","nd.mdx",1049508813,1049508813
"mdx","reature\Basilisk\Basilisk.mdx","Creature\VoidWalker\VoidWalker.mdx","Creature\Basilisk\Basilisk.mdx",1065353216,2,1,1099956224,1094713344,1065353216,0,"","","mdx",1060226099,1074089951
"dx","","Creature\OrcMaleWarriorHeavy\OrcMaleWarriorHeavy.mdx","Creature\Basilisk\Basilisk.mdx",1065353216,1,1,1099956224,1094713344,1065353216,0,"","","dx",1061158912,1075255968
"x","","Creature\Goblin\Goblin.mdx","Creature\Basilisk\Basilisk.mdx",1065353216,2,4294967295,1099956224,1094713344,1065353216,0,"","","x",1060226099,1068616385
"","","Creature\Rat\Rat.mdx","Creature\Basilisk\Basilisk.mdx",1065353216,1,5,1082130432,1077936128,1065353216,0,"","","",1057897421,1049508813
"reature\DragonWhelp\DragonWhelp.mdx","reature\Basilisk\Basilisk.mdx","Creature\Zombie\ZombieArm.mdx","Creature\Basilisk\Basilisk.mdx",1065353216,2,1,1099956224,1094713344,1065353216,0,"","","Creature\DragonWhelp\DragonWhelp.mdx",1060226099,1074089951
"eature\DragonWhelp\DragonWhelp.mdx","reature\Basilisk\Basilisk.mdx","Creature\Zombie\Zombie.mdx","Creature\Basilisk\Basilisk.mdx",1065353216,2,1,1099956224,1094713344,1065353216,0,"","","reature\DragonWhelp\DragonWhelp.mdx",1060226099,1074089951
"ture\DragonWhelp\DragonWhelp.mdx","\Basilisk\Basilisk.mdx","Creature\snake\snake.mdx","Creature\Basilisk\Basilisk.mdx",1065353216,1,1,1099956224,1094713344,1065353216,0,"","","eature\DragonWhelp\DragonWhelp.mdx",1060226099,1049602766
"ure\DragonWhelp\DragonWhelp.mdx","eature\Basilisk\Basilisk.mdx","Creature\Wolf\Wolf_ghost.mdx","Creature\Basilisk\Basilisk.mdx",1065353216,4294967295,7,1099956224,1094713344,1065353216,0,"","","ature\DragonWhelp\DragonWhelp.mdx",1060226099,1074089951
"re\DragonWhelp\DragonWhelp.mdx","","Creature\Lobstrok\Lobstrok.mdx","reature\Basilisk\Basilisk.mdx",1065353216,1,5,1099956224,1094713344,1065353216,0,"","","ture\DragonWhelp\DragonWhelp.mdx",1060226099,1074089951
"e\DragonWhelp\DragonWhelp.mdx","Basilisk\Basilisk.mdx","Creature\SeaTurtle\SeaTurtle.mdx","Creature\Basilisk\Basilisk.mdx",1065353216,1,7,1099956224,1094713344,1065353216,0,"","","ure\DragonWhelp\DragonWhelp.mdx",1060226099,1074089951
"\DragonWhelp\DragonWhelp.mdx","reature\Basilisk\Basilisk.mdx","Creature\SkeletonMage\SkeletonMage.mdx","Creature\Basilisk\Basilisk.mdx",1065353216,4294967295,1,1099956224,1094713344,1065353216,0,"","","re\DragonWhelp\DragonWhelp.mdx",1060226099,1074089951
"DragonWhelp\DragonWhelp.mdx","Creature\Basilisk\Basilisk.mdx","Creature\FaerieDragon\FaerieDragon.mdx","Creature\Basilisk\Basilisk.mdx",1065353216,1,4294967295,1099956224,1094713344,1065353216,0,"","","e\DragonWhelp\DragonWhelp.mdx",1060226099,1074089951
"ragonWhelp\DragonWhelp.mdx","","Creature\Goblin\GoblinShredder.mdx","Creature\Basilisk\Basilisk.mdx",1065353216,4294967295,1,1099956224,1094713344,1065353216,0,"","","\DragonWhelp\DragonWhelp.mdx",1060226099,1074089951
"agonWhelp\DragonWhelp.mdx","eature\Basilisk\Basilisk.mdx","Creature\FaerieDragon\FaerieDragon_Ghost.mdx","Creature\Basilisk\Basilisk.mdx",1065353216,4294967295,4294967295,1099956224,1094713344,1065353216,0,"","","DragonWhelp\DragonWhelp.mdx",1060226099,1074089951
"gonWhelp\DragonWhelp.mdx","","Creature\cockroach\Cockroach.mdx","",1065353216,4294967295,1,1082130432,1077936128,1045220557,0,"","","ragonWhelp\DragonWhelp.mdx",1054169524,1049508813
"nWhelp\DragonWhelp.mdx","","Creature\bear\Bear.mdx","Creature\Basilisk\Basilisk.mdx",1065353216,1,1,1099956224,1094713344,1065353216,0,"reature\Basilisk\Basilisk.mdx","silisk\Basilisk.mdx","taur.mdx",1060226099,1072181543
"Whelp\DragonWhelp.mdx","eature\Basilisk\Basilisk.mdx","Creature\Spells\StasisTotem.mdx","Creature\Basilisk\Basilisk.mdx",1065353216,4294967295,4294967295,1099956224,1094713344,1065353216,0,"","","agonWhelp\DragonWhelp.mdx",1061890399,1074089951
"help\DragonWhelp.mdx","ature\Basilisk\Basilisk.mdx","Character\Gnome\Male\GnomeMale.mdx","Creature\Basilisk\Basilisk.mdx",1065353216,1,1,1094713344,1092616192,1065353216,0,"","","ll\Grell.mdx",1060226099,1065822978
"elp\DragonWhelp.mdx","ature\Basilisk\Basilisk.mdx","Character\Gnome\Female\GnomeFemale.mdx","Creature\Basilisk\Basilisk.mdx",1065353216,1,1,1094713344,1092616192,1065353216,0,"","","l\Grell.mdx",1058828557,1065353216
"p\DragonWhelp.mdx","ature\Basilisk\Basilisk.mdx","Character\Troll\Male\TrollMale.mdx","Creature\Basilisk\Basilisk.mdx",1065353216,1,1,1094713344,1092616192,1065353216,0,"","","\Grell.mdx",1060226099,1074089951
"\DragonWhelp.mdx","ature\Basilisk\Basilisk.mdx","Character\Troll\Female\TrollFemale.mdx","Creature\Basilisk\Basilisk.mdx",1065353216,1,1,1094713344,1092616192,1065353216,0,"","","Grell.mdx",1058860433,1072391258
"DragonWhelp.mdx","e\Basilisk\Basilisk.mdx","Creature\AncientOfLore\AncientofLore.mdx","ature\Basilisk\Basilisk.mdx",1065353216,4294967295,1,1099956224,1094713344,1065353216,0,"reature\Basilisk\Basilisk.mdx","asilisk\Basilisk.mdx","gonWhelp\DragonWhelp.mdx",1060226099,1074089951
"ragonWhelp.mdx","e\Basilisk\Basilisk.mdx","Creature\AncientOfWar\AncientofWar.mdx","ature\Basilisk\Basilisk.mdx",1065353216,4294967295,1,1099956224,1094713344,1065353216,0,"reature\Basilisk\Basilisk.mdx","asilisk\Basilisk.mdx","onWhelp\DragonWhelp.mdx",1060226099,1074089951
"gonWhelp.mdx","eature\Basilisk\Basilisk.mdx","Creature\Spells\Serpent_Totem.mdx","Creature\Basilisk\Basilisk.mdx",1065353216,4294967295,4294967295,1099956224,1094713344,1065353216,0,"","","nWhelp\DragonWhelp.mdx",1061890399,1077416034
"onWhelp.mdx","","Creature\ThunderLizard\ThunderLizard.mdx","reature\Basilisk\Basilisk.mdx",1065353216,1,7,1099956224,1094713344,1065353216,0,"","","Whelp\DragonWhelp.mdx",1060226099,1074089951
"nWhelp.mdx","","Creature\Hyena\Hyena.mdx","Creature\Basilisk\Basilisk.mdx",1065353216,1,7,1099956224,1094713344,1065353216,0,"","","help\DragonWhelp.mdx",1060226099,1074089951
"Whelp.mdx","\Basilisk\Basilisk.mdx","Creature\Shark\Shark.mdx","Creature\Basilisk\Basilisk.mdx",1065353216,1,4294967295,1099956224,1094713344,1065353216,0,"","","elp\DragonWhelp.mdx",1065705538,1074089951
"help.mdx","","Creature\Stag\Stag.mdx","Creature\Basilisk\Basilisk.mdx",1065353216,1,6,1099956224,1094713344,1065353216,0,"","","lp\DragonWhelp.mdx",1060226099,1074089951
"elp.mdx","","Creature\MountedKnight\MountedKnight.mdx","Creature\Basilisk\Basilisk.mdx",1065353216,1,6,1099956224,1094713344,1065353216,0,"","Basilisk\Basilisk.mdx","p\DragonWhelp.mdx",1060226099,1074089951
"p.mdx","","Creature\Gazelle\Gazelle.mdx","Creature\Basilisk\Basilisk.mdx",1065353216,1,3,1099956224,1094713344,1065353216,0,"","","\DragonWhelp.mdx",1060226099,1074089951
".mdx","","Creature\giraffe\Giraffe.mdx","Creature\Basilisk\Basilisk.mdx",1065353216,1,3,0,0,0,0,"","","DragonWhelp.mdx",1060226099,1074089951
"mdx","eature\Basilisk\Basilisk.mdx","Creature\SPELLS\MonsterLure01.mdx","Creature\Basilisk\Basilisk.mdx",1065353216,4294967295,4294967295,1099956224,1094713344,1065353216,0,"","","ragonWhelp.mdx",1049579278,1066192077
"x","","Creature\FelBat\FelBat.mdx","Creature\Basilisk\Basilisk.mdx",1065353216,1,4294967295,1099956224,1094713344,1065353216,0,"","","agonWhelp.mdx",1060226099,1074089951
"","eature\Basilisk\Basilisk.mdx","Creature\Spells\HealingTotem.mdx","Creature\Basilisk\Basilisk.mdx",1065353216,4294967295,4294967295,1099956224,1094713344,1065353216,0,"","","gonWhelp.mdx",1061890399,1074089951
"Creature\furbolg\Furbolg.mdx","","Creature\Dragon\Dragon.mdx","ature\Basilisk\Basilisk.mdx",1065353216,1,5,1106247680,1101004800,1077936128,0,"reature\Basilisk\Basilisk.mdx","silisk\Basilisk.mdx","onWhelp.mdx",1060226099,1074089951
"reature\furbolg\Furbolg.mdx","reature\Basilisk\Basilisk.mdx","Creature\TitanMale\TitanMale_Ghost.mdx","Creature\Basilisk\Basilisk.mdx",1065353216,4294967295,4,1099956224,1094713344,1065353216,0,"","","nWhelp.mdx",1060226099,1074089951
"eature\furbolg\Furbolg.mdx","","Creature\MountainGiant\MountainGiant.mdx","eature\Basilisk\Basilisk.mdx",1065353216,4294967295,1,1099956224,1094713344,1065353216,0,"reature\Basilisk\Basilisk.mdx","asilisk\Basilisk.mdx","Whelp.mdx",1060226099,1074089951
"ature\furbolg\Furbolg.mdx","","Creature\SeaGiant\SeaGiant.mdx","Creature\Basilisk\Basilisk.mdx",1065353216,1,4,1099956224,1094713344,1065353216,0,"reature\Basilisk\Basilisk.mdx","silisk\Basilisk.mdx","ature\BogBeast\BogBeast.mdx",1060226099,1074089951
"ture\furbolg\Furbolg.mdx","eature\Basilisk\Basilisk.mdx","Creature\Wisp\Wisp.mdx","Creature\Basilisk\Basilisk.mdx",1065353216,4294967295,4294967295,1099956224,1094713344,1065353216,0,"","","help.mdx",1060226099,1074089951
"re\furbolg\Furbolg.mdx","Creature\Basilisk\Basilisk.mdx","Creature\Hippogryph\Hippogryph.mdx","Creature\Basilisk\Basilisk.mdx",1065353216,1,4294967295,1099956224,1094713344,1065353216,0,"","","x",1060226099,1074089951
"e\furbolg\Furbolg.mdx","","Creature\Lion\Lion.mdx","Creature\Basilisk\Basilisk.mdx",1065353216,1,7,1099956224,1094713344,1065353216,0,"","","lp.mdx",1062556454,1068616385
"furbolg\Furbolg.mdx","","Creature\Unicorn\Unicorn.mdx","Creature\Basilisk\Basilisk.mdx",1065353216,1,6,1099956224,1094713344,1065353216,0,"","","p.mdx",1064420403,1077004993
"urbolg\Furbolg.mdx","","Creature\DruidBear\DruidBear.mdx","Creature\Basilisk\Basilisk.mdx",1065353216,1,7,1099956224,1094713344,1065353216,0,"","","taur.mdx",1060226099,1074089951
"rbolg\Furbolg.mdx","","Creature\DruidBear\DruidBearTauren.mdx","Creature\Basilisk\Basilisk.mdx",1065353216,1,7,1099956224,1094713344,1065353216,0,"","","taur.mdx",1060226099,1074089951
"bolg\Furbolg.mdx","","Creature\Nightmare\Nightmare.mdx","Creature\Basilisk\Basilisk.mdx",1065353216,3,6,1099956224,1094713344,1065353216,0,"","Basilisk\Basilisk.mdx","eature\Centaur\Centaur.mdx",1064420403,1077004993
"olg\Furbolg.mdx","","Creature\RidingHorse\RidingHorse.mdx","Creature\Basilisk\Basilisk.mdx",1065353216,1,6,1099956224,1094713344,1065353216,0,"","","eature\Centaur\Centaur.mdx",1064420403,1077004993
"lg\Furbolg.mdx","","Creature\DireWolf\RidingDireWolf.mdx","Creature\Basilisk\Basilisk.mdx",1065353216,1,7,1103101952,1099956224,1065353216,0,"","","entaur\Centaur.mdx",1060226099,1074089951
"g\Furbolg.mdx","Creature\Basilisk\Basilisk.mdx","Creature\Scorpion\Scorpion.mdx","Creature\Basilisk\Basilisk.mdx",1065353216,2,5,0,0,0,0,"","",".mdx",1060226099,1068616385
"\Furbolg.mdx","eature\Basilisk\Basilisk.mdx","Creature\Spells\ManaTotem.mdx","Creature\Basilisk\Basilisk.mdx",1065353216,4294967295,4294967295,1099956224,1094713344,1065353216,0,"","","mdx",1061890399,1074089951
"Furbolg.mdx","eature\Basilisk\Basilisk.mdx","Creature\Spells\SentryTotem.mdx","Creature\Basilisk\Basilisk.mdx",1065353216,4294967295,4294967295,1099956224,1094713344,1065353216,0,"","","dx",1061890399,1071552397
"urbolg.mdx","eature\Basilisk\Basilisk.mdx","Creature\Spells\InvisibilityTotem.mdx","Creature\Basilisk\Basilisk.mdx",1065353216,4294967295,4294967295,1099956224,1094713344,1065353216,0,"","","x",1061890399,1074089951
"rbolg.mdx","eature\Basilisk\Basilisk.mdx","Creature\Spells\EyeOfKilrog.mdx","",1065353216,2,4294967295,1099956224,1094713344,1065353216,0,"","","help.mdx",1060226099,1068616385
"bolg.mdx","","Creature\SeaLion\SeaLion.mdx","Creature\Basilisk\Basilisk.mdx",1065353216,1,4294967295,1099956224,1094713344,1065353216,0,"","","",1060226099,1074089951
"olg.mdx","Creature\Basilisk\Basilisk.mdx","Creature\SeaLion\SeaLion.mdx","Creature\Basilisk\Basilisk.mdx",1065353216,1,4294967295,1099956224,1094713344,1065353216,0,"","","",1060226099,1074089951
"lg.mdx","","Creature\ForceOfNature\ForceofNature.mdx","Creature\Basilisk\Basilisk.mdx",1065353216,1,5,1099956224,1094713344,1065353216,0,"","","reature\furbolg\Furbolg.mdx",1060226099,1074089951
".mdx","eature\Basilisk\Basilisk.mdx","Creature\Orca\Orca.mdx","Creature\Basilisk\Basilisk.mdx",1065353216,1,4294967295,1099956224,1094713344,1065353216,0,"","","eature\furbolg\Furbolg.mdx",1060226099,1074089951
"dx","","Creature\Ram\Ram.mdx","Creature\Basilisk\Basilisk.mdx",1065353216,1,3,1099956224,1094713344,1065353216,0,"","","ature\furbolg\Furbolg.mdx",1060226099,1074089951
"x","Creature\Basilisk\Basilisk.mdx","Creature\Shark\HammerHead.mdx","Creature\Basilisk\Basilisk.mdx",1065353216,1,4294967295,1099956224,1094713344,1065353216,0,"","","ture\furbolg\Furbolg.mdx",1065705538,1074089951
"st.mdx","Creature\Basilisk\Basilisk.mdx","Creature\CryptFiend\CryptFiend.mdx","Creature\Basilisk\Basilisk.mdx",1065353216,3,1,1099956224,1094713344,1065353216,0,"","",".mdx",1060226099,1074089951
"l\gnoll.mdx","eature\Basilisk\Basilisk.mdx","Creature\Object\WoodenDummy.mdx","Creature\Basilisk\Basilisk.mdx",1065353216,4294967295,4294967295,1099956224,1094713344,1065353216,0,"","","Ghost.mdx",1055565388,1074110923
"\gnoll.mdx","eature\Basilisk\Basilisk.mdx","Creature\Object\ArcheryTarget.mdx","Creature\Basilisk\Basilisk.mdx",1065353216,4294967295,4294967295,1099956224,1094713344,1065353216,0,"","","host.mdx",1076916912,1083550204
"\Grell\Grell.mdx","eature\Basilisk\Basilisk.mdx","Creature\Object\Cannon.mdx","Creature\Basilisk\Basilisk.mdx",1065353216,4294967295,4,1099956224,1094713344,1065353216,0,"","","noll\gnoll.mdx",1060226099,1074089951
"ature\Harpy\Harpy.mdx","","Creature\HighElf\HighElfFemale_Mage.mdx","Creature\Basilisk\Basilisk.mdx",1065353216,1,1,1099956224,1094713344,1065353216,0,"","","ure\Grell\Grell.mdx",1054099060,1074337415
"ture\Harpy\Harpy.mdx","","Creature\HighElf\HighElfFemale_Hunter.mdx","Creature\Basilisk\Basilisk.mdx",1065353216,1,1,1099956224,1094713344,1065353216,0,"","","re\Grell\Grell.mdx",1054099060,1074337415
"ure\Harpy\Harpy.mdx","","Creature\HighElf\HighElfFemale_Priest.mdx","Creature\Basilisk\Basilisk.mdx",1065353216,1,1,1099956224,1094713344,1065353216,0,"","","e\Grell\Grell.mdx",1054099060,1074337415
"re\Harpy\Harpy.mdx","","Creature\HighElf\HighElfFemale_Warrior.mdx","Creature\Basilisk\Basilisk.mdx",1065353216,1,1,1099956224,1094713344,1065353216,0,"","","\Grell\Grell.mdx",1054099060,1074337415
"e\Harpy\Harpy.mdx","","Creature\HighElf\HighElfMale_Mage.mdx","Creature\Basilisk\Basilisk.mdx",1065353216,1,1,1099956224,1094713344,1065353216,0,"","","Grell\Grell.mdx",1058387316,1073859265
"\Harpy\Harpy.mdx","","Creature\HighElf\HighElfMale_Hunter.mdx","Creature\Basilisk\Basilisk.mdx",1065353216,1,1,1099956224,1094713344,1065353216,0,"","","rell\Grell.mdx",1058387316,1073859265
"Harpy\Harpy.mdx","","Creature\HighElf\HighElfMale_Priest.mdx","Creature\Basilisk\Basilisk.mdx",1065353216,1,1,1099956224,1094713344,1065353216,0,"","","e\Grell\Grell.mdx",1058387316,1073859265
"arpy\Harpy.mdx","","Creature\HighElf\HighElfMale_Warrior.mdx","Creature\Basilisk\Basilisk.mdx",1065353216,1,1,1099956224,1094713344,1065353216,0,"","","ell\Grell.mdx",1058387316,1073859265
"","Creature\Basilisk\Basilisk.mdx","Creature\FelBat\BatTaxi.mdx","Creature\Basilisk\Basilisk.mdx",1065353216,1,4294967295,1099956224,1094713344,1065353216,0,"","","reature\Harpy\Harpy.mdx",1060226099,1074089951
"Creature\HUFMCitizenLow\HUFMCitizenLow.mdx","Creature\Basilisk\Basilisk.mdx","Creature\NagaMale\NagaMale.mdx","Creature\Basilisk\Basilisk.mdx",1065353216,1,1,1065353216,1065353216,1065353216,0,"","","eature\Harpy\Harpy.mdx",1060226099,1074089951
"nLow\HUFMCitizenLow.mdx","","Creature\Chimera\Chimera.mdx","Creature\Basilisk\Basilisk.mdx",1065353216,1,4294967295,1099956224,1094713344,1065353216,0,"","","mdx",1060226099,1074089951
"Low\HUFMCitizenLow.mdx","","Creature\Serpent\Serpent.mdx","Creature\Basilisk\Basilisk.mdx",1065353216,1,1,1065353216,1065353216,1065353216,0,"","","dx",1060226099,1074089951
"mdx","","Creature\Imp\Imp.mdx","",1065353216,1,3,1099956224,1094713344,1065353216,0,"","","izenLow\HUFMCitizenLow.mdx",1056031795,1069782401
"dx","","Creature\Quillboar\QuillBoarWarrior.mdx","Creature\Basilisk\Basilisk.mdx",1065353216,1,6,1099956224,1094713344,1065353216,0,"","","arkHound\DarkHound.mdx",1060226099,1074089951
"x","Creature\Basilisk\Basilisk.mdx","Creature\Owl\Owl.mdx","Creature\Basilisk\Basilisk.mdx",1065353216,1,1,1099956224,1094713344,1065353216,0,"","","enLow\HUFMCitizenLow.mdx",1060226099,1074089951
"","eature\Basilisk\Basilisk.mdx","Creature\Spells\WaterElementalTotem.mdx","Creature\Basilisk\Basilisk.mdx",1065353216,4294967295,4294967295,1099956224,1094713344,1065353216,0,"","","nLow\HUFMCitizenLow.mdx",1057288408,1067995628
"Creature\HUFMCitizenMid\HUFMCitizenMid.mdx","eature\Basilisk\Basilisk.mdx","Creature\Spells\EarthElementalTotem.mdx","Creature\Basilisk\Basilisk.mdx",1065353216,4294967295,4294967295,1099956224,1094713344,1065353216,0,"","","Low\HUFMCitizenLow.mdx",1057288408,1067995628
"reature\HUFMCitizenMid\HUFMCitizenMid.mdx","eature\Basilisk\Basilisk.mdx","Creature\Spells\FireElementalTotem.mdx","Creature\Basilisk\Basilisk.mdx",1065353216,4294967295,4294967295,1099956224,1094713344,1065353216,0,"","","ow\HUFMCitizenLow.mdx",1057301830,1067995628
"eature\HUFMCitizenMid\HUFMCitizenMid.mdx","eature\Basilisk\Basilisk.mdx","Creature\Spells\AirElementalTotem.mdx","Creature\Basilisk\Basilisk.mdx",1065353216,4294967295,4294967295,1099956224,1094713344,1065353216,0,"","","w\HUFMCitizenLow.mdx",1057288408,1067995628
"izenMid\HUFMCitizenMid.mdx","eature\Basilisk\Basilisk.mdx","Creature\Shade\Shade.mdx","Creature\Basilisk\Basilisk.mdx",1065353216,3,4294967295,1099956224,1094713344,1065353216,0,"","","ow.mdx",1060226099,1074089951
"zenMid\HUFMCitizenMid.mdx","","Creature\Quillboar\QuillBoarCaster.mdx","Creature\Basilisk\Basilisk.mdx",1065353216,1,6,1099956224,1094713344,1065353216,0,"","","arkHound\DarkHound.mdx",1060226099,1074089951
"enMid\HUFMCitizenMid.mdx","eature\Basilisk\Basilisk.mdx","Creature\Spells\FireLightTotem.mdx","Creature\Basilisk\Basilisk.mdx",1065353216,4294967295,4294967295,1099956224,1094713344,1065353216,0,"","",".mdx",1057301830,1067995628
"id.mdx","\Basilisk\Basilisk.mdx","Creature\FelBat\FelBat.mdx","Creature\Basilisk\Basilisk.mdx",1065353216,2,4294967295,1099956224,1094713344,1065353216,0,"","","agonWhelp.mdx",1060226099,1074089951
".mdx","Creature\Basilisk\Basilisk.mdx","Creature\Fish\Fish.mdx","Creature\Basilisk\Basilisk.mdx",1065353216,1,4294967295,1099956224,1094713344,1065353216,0,"","","itizenMid\HUFMCitizenMid.mdx",1060226099,1074089951
"mdx","Creature\Basilisk\Basilisk.mdx","Creature\StormCrow\StormCrow.mdx","Creature\Basilisk\Basilisk.mdx",1065353216,1,4294967295,0,0,0,0,"","","tizenMid\HUFMCitizenMid.mdx",1060226099,1074089951
"dx","","Creature\TRex\trex.mdx","reature\Basilisk\Basilisk.mdx",1065353216,4294967295,5,1094713344,1099956224,1065353216,0,"","","izenMid\HUFMCitizenMid.mdx",1060226099,1074089951
"x","reature\Basilisk\Basilisk.mdx","Creature\Zombie\ZombieSword.mdx","Creature\Basilisk\Basilisk.mdx",1065353216,2,4,1094713344,1099956224,1065353216,0,"","","zenMid\HUFMCitizenMid.mdx",1060226099,1074089951
"","Basilisk\Basilisk.mdx","Creature\Anubisath\Anubisath.mdx","Creature\Basilisk\Basilisk.mdx",1065353216,3,1,1099956224,1094713344,1065353216,0,"reature\Basilisk\Basilisk.mdx","silisk\Basilisk.mdx","\BogBeast\BogBeast.mdx",1060226099,1074089951
"Creature\HumanThief\HumanThief.mdx","","Creature\FrostSabre\RidingFrostSabre.mdx","Creature\Basilisk\Basilisk.mdx",1065353216,1,7,1103101952,1099956224,1065353216,0,"","","lp.mdx",1060226099,1074089951
"reature\HumanThief\HumanThief.mdx","","Creature\RidingRaptor\RidingRaptor.mdx","Creature\Basilisk\Basilisk.mdx",1065353216,1,5,1103101952,1099956224,1065353216,0,"","","eature\BogBeast\BogBeast.mdx",1060226099,1074089951
"eature\HumanThief\HumanThief.mdx","","Creature\Tallstrider\TallStrider.mdx","Creature\Basilisk\Basilisk.mdx",1065353216,1,3,1103101952,1099956224,1065353216,0,"","","re\BogBeast\BogBeast.mdx",1060226099,1074089951
"Thief\HumanThief.mdx","","Creature\Centaur\CentaurKhan.mdx","Creature\Basilisk\Basilisk.mdx",1065353216,1,6,1099956224,1094713344,1065353216,0,"","","eature\Basilisk\Basilisk.mdx",1060226099,1074089951
"","reature\Basilisk\Basilisk.mdx","Creature\UndeadHorse\RidingUndeadHorse.mdx","Creature\Basilisk\Basilisk.mdx",1065353216,3,6,1099956224,1094713344,1065353216,0,"","Basilisk\Basilisk.mdx","UFMMerchant\HUFMMerchant.mdx",1064420403,1077004993
"Creature\HUMLBlackSmith\HUMLBlackSmith.mdx","","Creature\Centaur\CentaurCaster.mdx","Creature\Basilisk\Basilisk.mdx",1065353216,1,6,1099956224,1094713344,1065353216,0,"","","FMMerchant\HUFMMerchant.mdx",1060226099,1074089951
"mith\HUMLBlackSmith.mdx","","Creature\Centaur\CentaurWarrior.mdx","Creature\Basilisk\Basilisk.mdx",1065353216,1,6,1099956224,1094713344,1065353216,0,"","","eature\Basilisk\Basilisk.mdx",1060226099,1074089951
"ith\HUMLBlackSmith.mdx","eature\Basilisk\Basilisk.mdx","Creature\Fish\Fish.mdx","Creature\Basilisk\Basilisk.mdx",1065353216,4294967295,4294967295,1099956224,1094713344,1065353216,0,"","","itizenMid\HUFMCitizenMid.mdx",1060226099,1074089951
"th\HUMLBlackSmith.mdx","eature\Basilisk\Basilisk.mdx","Creature\ElementalPoison\PoisonElemental.mdx","Creature\Basilisk\Basilisk.mdx",1065353216,4294967295,4294967295,1099956224,1094713344,1065353216,0,"","","ant.mdx",1060226099,1074089951
"mdx","Creature\Basilisk\Basilisk.mdx","Creature\NagaFemale\Siren.mdx","Creature\Basilisk\Basilisk.mdx",1065353216,4294967295,4294967295,1099956224,1094713344,1065353216,0,"","","manThief\HumanThief.mdx",1060226099,1074089951
"icSmith\HUMLMagicSmith.mdx","","Creature\FelGuard\FelGuard.mdx","Creature\Basilisk\Basilisk.mdx",1065353216,3,1,1102053376,1098907648,1065353216,0,"","Basilisk\Basilisk.mdx","mdx",1060226099,1074089951
"cSmith\HUMLMagicSmith.mdx","reature\Basilisk\Basilisk.mdx","Creature\UndeadHorse\UndeadHorse.mdx","Creature\Basilisk\Basilisk.mdx",1065353216,3,6,1094713344,1099956224,1065353216,0,"","","UFMMerchant\HUFMMerchant.mdx",1064420403,1077004993
"th.mdx","\Basilisk\Basilisk.mdx","Creature\Drake\Drake.mdx","reature\Basilisk\Basilisk.mdx",1065353216,1,1,1099956224,1094713344,1065353216,0,"","Basilisk\Basilisk.mdx","ckSmith\HUMLBlackSmith.mdx",1060226099,1074089951
"Merchant\HUMLMerchant.mdx","eature\Basilisk\Basilisk.mdx","Creature\AirElemental\AirElemental.mdx","Creature\Basilisk\Basilisk.mdx",1065353216,4294967295,4294967295,1099956224,1094713344,1065353216,0,"","","th.mdx",1060226099,1074089951
"t.mdx","Creature\Basilisk\Basilisk.mdx","Creature\Parrot\Parrot.mdx","",1065353216,4294967295,4,1099956224,1094713344,1065353216,0,"","","MagicSmith\HUMLMagicSmith.mdx",1060226099,1074089951
"pperCitizen\HUMLUpperCitizen.mdx","","Creature\Cat\Cat.mdx","",1065353216,1,7,1082130432,1077936128,1065353216,0,"","","Smith.mdx",1054169524,1057897421
"rCitizen.mdx","Creature\Basilisk\Basilisk.mdx","Creature\Parrot\Parrot.mdx","",1065353216,1,4294967295,1099956224,1094713344,1065353216,0,"","","MagicSmith\HUMLMagicSmith.mdx",1060226099,1074089951
"e\HUMNGuardBig\HUMNGuardBig.mdx","eature\Basilisk\Basilisk.mdx","Creature\GnomeSpidertank\GnomeSpiderTank.mdx","reature\Basilisk\Basilisk.mdx",1065353216,3,4294967295,1065353216,1065353216,1065353216,0,"","Basilisk\Basilisk.mdx","UMLMerchant\HUMLMerchant.mdx",1060226099,1074089951
"uardBig.mdx","eature\Basilisk\Basilisk.mdx","Creature\ElementalPoison\PoisonElemental.mdx","Creature\Basilisk\Basilisk.mdx",1065353216,2,4294967295,1099956224,1094713344,1065353216,0,"","","ant.mdx",1060226099,1074089951
"ardBig.mdx","reature\Basilisk\Basilisk.mdx","Creature\StoneKeeper\StoneKeeper.mdx","eature\Basilisk\Basilisk.mdx",1065353216,4294967295,1,1099956224,1094713344,1065353216,0,"Creature\Basilisk\Basilisk.mdx","silisk\Basilisk.mdx","hant.mdx",1060226099,1074089951
"\HUMSCitizenMid\HUMSCitizenMid.mdx","","Creature\Kodobeast\KodoBeastTame.mdx","eature\Basilisk\Basilisk.mdx",1065353216,1,1,1099956224,1094713344,1065353216,0,"Creature\Basilisk\Basilisk.mdx","Basilisk\Basilisk.mdx",".mdx",1060226099,1074089951
"HUMSCitizenMid\HUMSCitizenMid.mdx","eature\Basilisk\Basilisk.mdx","Creature\Spells\LandMine01.mdx","",1065353216,4294967295,1,1099956224,1094713344,1065353216,0,"","","LUpperCitizen\HUMLUpperCitizen.mdx",1063407059,1051290554
"CitizenMid.mdx","","Creature\MountedDeathKnight\MountedDeathKnight.mdx","Creature\Basilisk\Basilisk.mdx",1065353216,4294967295,6,1099956224,1094713344,1065353216,0,"","","pperCitizen.mdx",1060226099,1074089951
"ure\HUMSMerchant\HUMSMerchant.mdx","reature\Basilisk\Basilisk.mdx","Creature\MechaStrider\MechaStrider.mdx","Creature\Basilisk\Basilisk.mdx",1065353216,4294967295,5,1099956224,1094713344,1065353216,0,"","","MNGuardBig.mdx",1060226099,1074089951
"SMerchant.mdx","reature\Basilisk\Basilisk.mdx","Creature\GnomeSpidertank\GnomeBot.mdx","reature\Basilisk\Basilisk.mdx",1065353216,4294967295,4294967295,1065353216,1065353216,1065353216,0,"","Basilisk\Basilisk.mdx","ure\HUMSCitizenMid\HUMSCitizenMid.mdx",1060226099,1074089951
"re\Infernal\Infernal.mdx","Creature\Basilisk\Basilisk.mdx","Creature\Wyvern\Wyvern.mdx","reature\Basilisk\Basilisk.mdx",1065353216,1,4294967295,1099956224,1094713344,1065353216,0,"","","ur.mdx",1060226099,1074089951
"e\Infernal\Infernal.mdx","Creature\Basilisk\Basilisk.mdx","Creature\Gryphon\Gryphon.mdx","reature\Basilisk\Basilisk.mdx",1065353216,1,4294967295,1099956224,1094713344,1065353216,0,"","","kHound\DarkHound.mdx",1060226099,1074089951
".mdx","reature\Basilisk\Basilisk.mdx","Creature\GnomeSpidertank\GnomeAlertBot.mdx","",1065353216,4294967295,4294967295,1099956224,1094713344,1065353216,0,"","","UMSCitizenMid.mdx",1068616385,1082480656
"OfTheGrove\KeeperOfTheGrove.mdx","ature\Basilisk\Basilisk.mdx","Character\Goblin\Male\GoblinMale.mdx","Creature\Basilisk\Basilisk.mdx",1065353216,1,1,1094713344,1092616192,1065353216,0,"","","eature\SeaGiant\SeaGiant.mdx",1057897421,1068616385
"fTheGrove\KeeperOfTheGrove.mdx","ature\Basilisk\Basilisk.mdx","Character\Goblin\Female\GoblinFemale.mdx","Creature\Basilisk\Basilisk.mdx",1065353216,1,1,1094713344,1092616192,1065353216,0,"","","ll\Grell.mdx",1057897421,1068616385
"heGrove.mdx","","Creature\GnomeSpidertank\GnomeBomBot.mdx","",1065353216,4294967295,1,1099956224,1094713344,1065353216,0,"","","eature\HUMSMerchant\HUMSMerchant.mdx",1068616385,1082480656
"eGrove.mdx","","Creature\MechaStrider\GnomeMechaStrider.mdx","Creature\Basilisk\Basilisk.mdx",1065353216,4294967295,5,1099956224,1094713344,1065353216,0,"","","ature\HUMSMerchant\HUMSMerchant.mdx",1060226099,1074089951
"Grove.mdx","reature\Basilisk\Basilisk.mdx","Creature\GnomeSpidertank\GnomePounder.mdx","reature\Basilisk\Basilisk.mdx",1065353216,4294967295,1,1099956224,1094713344,1065353216,0,"","Basilisk\Basilisk.mdx","ture\HUMSMerchant\HUMSMerchant.mdx",1060226099,1074089951
"\Kobold\Kobold.mdx","Creature\Basilisk\Basilisk.mdx","Creature\SILITHIDSCARAB\SilithidScarab.mdx","Creature\Basilisk\Basilisk.mdx",1065353216,2,4294967295,0,0,0,0,"","","HUMSMerchant.mdx",1070948418,1074672959
"reature\Kodobeast\KodoBeast.mdx","Creature\Basilisk\Basilisk.mdx","Creature\Gargoyle\Gargoyle.mdx","Creature\Basilisk\Basilisk.mdx",1065353216,3,1,1099956224,1094713344,1065353216,0,"","","ature\Infernal\Infernal.mdx",1060226099,1074089951
"eature\Kodobeast\KodoBeast.mdx","","Creature\MineSpider\MineSpiderBoss.mdx","eature\Basilisk\Basilisk.mdx",1065353216,2,1,1099956224,1094713344,1065353216,0,"","asilisk\Basilisk.mdx","ture\Infernal\Infernal.mdx",1060226099,1074089951
"doBeast.mdx","Creature\Basilisk\Basilisk.mdx","Creature\Worm\Worm.mdx","Creature\Basilisk\Basilisk.mdx",1065353216,3,1,1099956224,1094713344,1065353216,0,"","","nal.mdx",1060226099,1074089951
"oBeast.mdx","","Creature\SkeletonNaked\SkeletonNaked.mdx","Creature\Basilisk\Basilisk.mdx",1065353216,4294967295,4,1099956224,1094713344,1065353216,0,"","","al.mdx",1060226099,1074089951
"\LavaSpider\LavaSpider.mdx","","Creature\demonhunter\DemonHunter.mdx","Creature\Basilisk\Basilisk.mdx",1065353216,1,1,1099956224,1094713344,1065353216,0,"","","perOfTheGrove\KeeperOfTheGrove.mdx",1059085248,1076283572
"LavaSpider\LavaSpider.mdx","eature\Basilisk\Basilisk.mdx","Creature\Larva\Larva.mdx","",1065353216,1,1,1099956224,1094713344,1065353216,0,"","","erOfTheGrove\KeeperOfTheGrove.mdx",1060226099,1074089951
"er.mdx","eature\Basilisk\Basilisk.mdx","Creature\Lasher\Lasher.mdx","Creature\Basilisk\Basilisk.mdx",1065353216,2,1,1099956224,1094713344,1065353216,0,"","","OfTheGrove.mdx",1060226099,1074089951
"One\LostOne.mdx","","Creature\TrollDire\TrollDire.mdx","reature\Basilisk\Basilisk.mdx",1065353216,1,1,1099956224,1094713344,1065353216,0,"","","ure\Kobold\Kobold.mdx",1060226099,1074089951
"ture\MineSpider\MineSpider.mdx","eature\Basilisk\Basilisk.mdx","Creature\Slime\SlimeLesser.mdx","",1065353216,2,4294967295,1099956224,1094713344,1065353216,0,"","","entaur.mdx",1060226099,1074089951
"Spider.mdx","","Creature\DragonSpawnCaster\DragonSpawnCaster.mdx","Creature\Basilisk\Basilisk.mdx",1065353216,1,5,1099956224,1094713344,1065353216,0,"","","\KodoBeast.mdx",1060226099,1074089951
"Murloc\Murloc.mdx","","Creature\DragonSpawn\DragonSpawnArmored.mdx","reature\Basilisk\Basilisk.mdx",1065353216,1,1,1099956224,1094713344,1065353216,0,"","","st\BogBeast.mdx",1060226099,1074089951
"eature\Ogre\Ogre.mdx","eature\Basilisk\Basilisk.mdx","Creature\Lich\Lich.mdx","Creature\Basilisk\Basilisk.mdx",1065353216,3,4,1099956224,1094713344,1065353216,0,"","","pider.mdx",1060226099,1074089951
"","","Creature\Kodobeast\KodoBeastPack.mdx","eature\Basilisk\Basilisk.mdx",1065353216,4294967295,6,1099956224,1094713344,1065353216,0,"Creature\Basilisk\Basilisk.mdx","Basilisk\Basilisk.mdx",".mdx",1060226099,1074089951
"age.mdx","eature\Basilisk\Basilisk.mdx","Creature\FlyingMachineCreature\FlyingMachineCreature.mdx","Creature\Basilisk\Basilisk.mdx",1065353216,4294967295,4294967295,1099956224,1094713344,1065353216,0,"","","lf\Male\NightElfMale.mdx",1060226099,1074089951
"tor\Raptor.mdx","eature\Basilisk\Basilisk.mdx","Creature\SkeletalSerpent\SkeletalSerpent.mdx","Creature\Basilisk\Basilisk.mdx",1065353216,3,1,1099956224,1094713344,1065353216,0,"","","reature\MineSpider\MineSpider.mdx",1060226099,1074089951
"ure\SeaGiant\SeaGiant.mdx","reature\Basilisk\Basilisk.mdx","Creature\GolemStone\GolemCannonStone.mdx","reature\Basilisk\Basilisk.mdx",1065353216,3,4,1099956224,1094713344,1065353216,0,"","","ineSpider.mdx",1060226099,1074089951
"t.mdx","Creature\Basilisk\Basilisk.mdx","Creature\Salamander\SalamanderMale.mdx","Creature\Basilisk\Basilisk.mdx",1065353216,1,1,1099956224,1094713344,1065353216,0,"","","re\Murloc\Murloc.mdx",1060226099,1074089951
"HID\Silithid.mdx","","Creature\Pterrordax\Pterrordax.mdx","Creature\Basilisk\Basilisk.mdx",1065353216,1,5,1099956224,1094713344,1065353216,0,"","","",1060226099,1074089951
"ature\Succubus\Succubus.mdx","","Creature\WarHorse\WarHorse.mdx","reature\Basilisk\Basilisk.mdx",1065353216,1,3,1099956224,1094713344,1065353216,0,"","Basilisk\Basilisk.mdx","eature\Centaur\Centaur.mdx",1060226099,1074089951
"bus.mdx","","Creature\Diemetradon\Diemetradon.mdx","Creature\Basilisk\Basilisk.mdx",1065353216,3,7,1099956224,1094713344,1065353216,0,"","","mdx",1060226099,1074089951
"lstrider\TallStrider.mdx","","Creature\DruidCat\DruidCat.mdx","Creature\Basilisk\Basilisk.mdx",1065353216,1,7,1099956224,1094713344,1065353216,0,"","","reMage.mdx",1060226099,1074089951
"strider\TallStrider.mdx","","Creature\DruidCatTauren\DruidCatTauren.mdx","Creature\Basilisk\Basilisk.mdx",1065353216,1,7,1099956224,1094713344,1065353216,0,"","","eMage.mdx",1060226099,1074089951
".mdx","eature\Basilisk\Basilisk.mdx","Creature\FireElemental\FireElementalGreen.mdx","",1065353216,4294967295,4294967295,1099956224,1094713344,1065353216,0,"","","iant.mdx",1060226099,1074089951
"emale\TitanFemale.mdx","eature\Basilisk\Basilisk.mdx","Creature\Spells\Creature_SpellPortal.mdx","",1065353216,4294967295,4294967295,1099956224,1094713344,1065353216,0,"","","LITHID\Silithid.mdx",1054169524,1075255968
"x","Creature\Basilisk\Basilisk.mdx","Creature\Drake\OrcDrakeRider.mdx","eature\Basilisk\Basilisk.mdx",1065353216,1,4294967295,1099956224,1094713344,1065353216,0,"","asilisk\Basilisk.mdx","Creature\Succubus\Succubus.mdx",1060226099,1074089951
"\TitanMale.mdx","","Creature\ZigguratCrystal\ZigguratCrystal.mdx","reature\Basilisk\Basilisk.mdx",1065353216,4294967295,4294967295,1099956224,1094713344,1065353216,0,"","","ccubus.mdx",1060226099,1074089951
"ure\Troglodyte\Troglodyte.mdx","","Creature\FrostSabre\FrostSabre.mdx","Creature\Basilisk\Basilisk.mdx",1065353216,1,7,1103101952,1099956224,1065353216,0,"","","der.mdx",1060226099,1074089951
"odyte.mdx","reature\Basilisk\Basilisk.mdx","Creature\CryptScarab\Crypt_Scarab.mdx","",1065353216,4294967295,4294967295,1099956224,1094713344,1065353216,0,"","","anFemale\TitanFemale.mdx",1070948418,1074672959
"roll\Troll.mdx","","Creature\Ram\RidingRam.mdx","Creature\Basilisk\Basilisk.mdx",1065353216,1,6,1099956224,1094713344,1065353216,0,"","",".mdx",1060226099,1074089951
"ure\Wolf\Wolf.mdx","eature\Basilisk\Basilisk.mdx","Creature\Egg\EggCreature.mdx","",1065353216,4294967295,1,0,0,0,0,"","","ale\TitanMale.mdx",0,0
"eature\Worgen\Worgen.mdx","","Creature\DragonSpawn\DragonSpawnOverlord.mdx","eature\Basilisk\Basilisk.mdx",1065353216,1,5,1099956224,1094713344,1065353216,0,"","","eature\Troglodyte\Troglodyte.mdx",1060226099,1074089951
".mdx","","Creature\Ogre\OgreWarlord.mdx","reature\Basilisk\Basilisk.mdx",1065353216,1,4,1099956224,1094713344,1065353216,0,"","Basilisk\Basilisk.mdx","oglodyte.mdx",1061158912,1075255968
"Ghoul.mdx","","Creature\FelBeast\FelBeast.mdx","reature\Basilisk\Basilisk.mdx",1065353216,3,1,1101004800,1096810496,1065353216,0,"Creature\Basilisk\Basilisk.mdx","asilisk\Basilisk.mdx","e\Troll\Troll.mdx",1060226099,1074089951
"ragonSpawn\DragonSpawn.mdx","eature\Basilisk\Basilisk.mdx","Creature\GoblinRocketCar\GoblinRocketCar.mdx","Creature\Basilisk\Basilisk.mdx",1065353216,4294967295,1,0,0,0,0,"","","eature\Wolf\Wolf.mdx",1060226099,1068616385
"wn.mdx","eature\Basilisk\Basilisk.mdx","Creature\Wight\Wight.mdx","reature\Basilisk\Basilisk.mdx",1065353216,2,4,1099956224,1094713344,1065353216,0,"","","",1060226099,1074089951
"n.mdx","eature\Basilisk\Basilisk.mdx","Creature\spirithealer\SpiritHealer.mdx","Creature\Basilisk\Basilisk.mdx",1065353216,4294967295,4294967295,1099956224,1094713344,1065353216,0,"","","Creature\Worgen\Worgen.mdx",1060226099,1074089951
"an\Male\HumanMale.mdx","reature\Basilisk\Basilisk.mdx","Creature\MountedDeathKnight\RidingUndeadWarHorse.mdx","reature\Basilisk\Basilisk.mdx",1065353216,3,6,1099956224,1094713344,1065353216,0,"","Basilisk\Basilisk.mdx","gen.mdx",1060226099,1074089951
"x","","Creature\diablo\DiabloFunSized.mdx","",1065353216,3,5,1092616192,1086324736,1065353216,0,"","","e\DragonSpawn\DragonSpawn.mdx",1060226099,1078749823
"","","Creature\panda\PandaCub.mdx","",1065353216,1,7,1092616192,1086324736,1065353216,0,"","","\DragonSpawn\DragonSpawn.mdx",1060226099,1072181543
"Character\Human\Female\HumanFemale.mdx","","Creature\zergling\ZerglingPet.mdx","",1065353216,1,5,1092616192,1086324736,1065353216,0,"","","DragonSpawn\DragonSpawn.mdx",1065395159,1075818004
"male\HumanFemale.mdx","e\Basilisk\Basilisk.mdx","Creature\Dragon\DragonOnyxia.mdx","ature\Basilisk\Basilisk.mdx",1065353216,1,5,1099956224,1094713344,1065353216,0,"reature\Basilisk\Basilisk.mdx","silisk\Basilisk.mdx","onWhelp.mdx",1060226099,1074089951
"","asilisk\Basilisk.mdx","Creature\Ragnaros\Ragnaros.mdx","ature\Basilisk\Basilisk.mdx",1065353216,4294967295,4294967295,1099956224,1094713344,1065353216,0,"","silisk\Basilisk.mdx","Human\Male\HumanMale.mdx",1060226099,1074089951
"OrcMale.mdx","","Creature\Dragon\DragonNefarian.mdx","ature\Basilisk\Basilisk.mdx",1065353216,3,5,1099956224,1094713344,1065353216,0,"reature\Basilisk\Basilisk.mdx","silisk\Basilisk.mdx","onWhelp.mdx",1060226099,1074089951
"r\Orc\Female\OrcFemale.mdx","","Creature\Turkey\Turkey.mdx","",1065353216,1,5,1077936128,1073741824,1065353216,0,"","","dx",0,0
"le.mdx","","Creature\FelBoar\FelBoar.mdx","Creature\Basilisk\Basilisk.mdx",1065353216,3,3,1099956224,1094713344,1065353216,0,"","","\Female\HumanFemale.mdx",0,0
"rf\Male\DwarfMale.mdx","","Creature\Dragon\DragonAzurgoz.mdx","eature\Basilisk\Basilisk.mdx",1065353216,3,5,1106247680,1101004800,1073741824,0,"reature\Basilisk\Basilisk.mdx","silisk\Basilisk.mdx","onWhelp.mdx",1060226099,1074089951
"x","eature\Basilisk\Basilisk.mdx","Creature\CrystalPortal\CrystalPortal.mdx","",1065353216,4294967295,4294967295,0,0,0,0,"","","mdx",1060226099,1074089951
"male\DwarfFemale.mdx","","Creature\Lord Kezzak\LordKezzak.mdx","eature\Basilisk\Basilisk.mdx",1065353216,3,3,1099956224,1094713344,1065353216,0,"Basilisk\Basilisk.mdx","Basilisk\Basilisk.mdx","ure\Centaur\Centaur.mdx",1072961683,1085737533
"","","Creature\Kodobeast\RidingKodo.mdx","Creature\Basilisk\Basilisk.mdx",1065353216,1,6,1099956224,1094713344,1065353216,0,"","","le\OrcMale.mdx",1060226099,1074089951
"Male\NightElfMale.mdx","eature\Basilisk\Basilisk.mdx","Creature\InvisibleStalker\InvisibleStalker.mdx","Creature\Basilisk\Basilisk.mdx",1065353216,3,4,0,0,0,0,"","","cter\Orc\Female\OrcFemale.mdx",1061625319,1075578929
"x","","Creature\Tharazun\Tharazun.mdx","reature\Basilisk\Basilisk.mdx",1065353216,3,1,1099956224,1094713344,1065353216,0,"","","emale.mdx",1060226099,1074089951
"","eature\Basilisk\Basilisk.mdx","Creature\InvisibleStalker\InvisibleStalker.mdx","",1065353216,3,1,1099956224,1094713344,1065353216,0,"","","cter\Orc\Female\OrcFemale.mdx",1061625319,1075578929
"Character\NightElf\Female\NightElfFemale.mdx","","Creature\ObsidianDestroyer\ObsidianDestroyer.mdx","eature\Basilisk\Basilisk.mdx",1065353216,3,5,1099956224,1094713344,1065353216,0,"","","Dwarf\Male\DwarfMale.mdx",1060226099,1074089951
"\Female\NightElfFemale.mdx","","Creature\BoneGolem\BoneGolem.mdx","Creature\Basilisk\Basilisk.mdx",1065353216,4294967295,4,0,0,0,0,"","",".mdx",1060226099,1074089951
"le.mdx","","Creature\Imp\FireImp.mdx","",1065353216,3,5,0,0,0,0,"","","\Female\DwarfFemale.mdx",1056031795,1069782401
"urge\Male\ScourgeMale.mdx","","Creature\Lord Kezzak\LordKezzak.mdx","eature\Basilisk\Basilisk.mdx",1065353216,3,5,1099956224,1094713344,1065353216,0,"Creature\Basilisk\Basilisk.mdx","asilisk\Basilisk.mdx","mdx",1072961683,1085737533
"e.mdx","asilisk\Basilisk.mdx","Creature\Snowman\SnowMan.mdx","Creature\Basilisk\Basilisk.mdx",1065353216,4294967295,1,0,0,0,0,"","",".mdx",1060226099,1068616385
"rge\Female\ScourgeFemale.mdx","","Creature\voidterror\VoidTerror.mdx","Creature\Basilisk\Basilisk.mdx",1065353216,3,5,1099956224,1094713344,1065353216,0,"","","Elf\Female\NightElfFemale.mdx",1060226099,1074089951
"male.mdx","\Basilisk\Basilisk.mdx","Creature\Manafiend\ManaFiend.mdx","Creature\Basilisk\Basilisk.mdx",1065353216,4294967295,4294967295,0,0,0,0,"","","emale.mdx",1060226099,1074089951
"auren\Male\TaurenMale.mdx","","Creature\DragonFootSoldier\DragonFootSoldier.mdx","Creature\Basilisk\Basilisk.mdx",1065353216,4294967295,1,1099956224,1094713344,1065353216,0,"","Basilisk\Basilisk.mdx","Scourge\Male\ScourgeMale.mdx",1060226099,1074089951
"e.mdx","","Creature\DireWolf\PvPRidingDireWolf.mdx","Creature\Basilisk\Basilisk.mdx",1065353216,1,7,1103101952,1099956224,1065353216,0,"","","Male.mdx",1064886809,1073272062
".mdx","","Creature\FrostSabre\PVPRidingFrostSabre.mdx","Creature\Basilisk\Basilisk.mdx",1065353216,1,7,1103101952,1099956224,1065353216,0,"","","ale.mdx",1062556454,1068616385
"mdx","","Creature\Ram\PVPRidingRam.mdx","Creature\Basilisk\Basilisk.mdx",1065353216,1,6,1099956224,1094713344,1065353216,0,"","","le.mdx",1060226099,1074089951
"dx","","Creature\Kodobeast\KodoBeastPvPT2.mdx","Creature\Basilisk\Basilisk.mdx",1065353216,1,6,1099956224,1094713344,1065353216,0,"","","e.mdx",1060226099,1074089951
"x","","Creature\MechaStrider\PvPMechaStrider.mdx","Creature\Basilisk\Basilisk.mdx",1065353216,3,5,1099956224,1094713344,1065353216,0,"","",".mdx",1060226099,1074089951
"","","Creature\RidingRaptor\PvPRidingRaptor.mdx","Creature\Basilisk\Basilisk.mdx",1065353216,1,5,1103101952,1099956224,1065353216,0,"","","mdx",1060226099,1074089951
"Character\Tauren\Female\TaurenFemale.mdx","","Creature\RidingHorse\RidingHorsePvPT2.mdx","",1065353216,1,6,1099956224,1094713344,1065353216,0,"","","dx",1064420403,1077004993
"en\Female\TaurenFemale.mdx","","Creature\Drakeadon\Drakeadon.mdx","eature\Basilisk\Basilisk.mdx",1065353216,2,5,1099956224,1094713344,1065353216,0,"","","courge\Female\ScourgeFemale.mdx",1060226099,1074089951
"le.mdx","","Creature\Nightmare\Gorgon101.mdx","Creature\Basilisk\Basilisk.mdx",1065353216,3,3,1099956224,1094713344,1065353216,0,"","","eFemale.mdx",1064420403,1077004993
"e.mdx","","Creature\WarHorse\PVPWarHorse.mdx","Creature\Basilisk\Basilisk.mdx",1065353216,1,3,1099956224,1094713344,1065353216,0,"","","Female.mdx",0,0
"ionBird\CarrionBird.mdx","","Creature\Spells\BattleStandard_Alliance.mdx","",1065353216,4294967295,4294967295,1099956224,1094713344,1065353216,0,"","","r\Tauren\Male\TaurenMale.mdx",0,0
"onBird\CarrionBird.mdx","","Creature\Spells\BattleStandard_Horde.mdx","",1065353216,4294967295,4294967295,0,0,0,0,"","","\Tauren\Male\TaurenMale.mdx",0,0
"nBird\CarrionBird.mdx","","Creature\DragonSpawn\DragonSpawnGreater.mdx","reature\Basilisk\Basilisk.mdx",1065353216,1,5,1099956224,1094713344,1065353216,0,"","","Tauren\Male\TaurenMale.mdx",1060226099,1074089951
"mdx","","Creature\RIDINGHORSE\PackMule.mdx","Creature\Basilisk\Basilisk.mdx",1065353216,1,3,0,0,0,0,"","","Male.mdx",1064420403,1077004993
"ydra.mdx","","Creature\OrcMaleKid\OrcMaleKid.mdx","",1065353216,1,4,1099956224,1094713344,1065353216,0,"","","auren\Female\TaurenFemale.mdx",1052538778,1067920130
"rantula\Tarantula.mdx","","Creature\OrcFemaleKid\OrcFemaleKid.mdx","",1065353216,1,1,1099956224,1094713344,1065353216,0,"","","emale.mdx",1052538778,1066980606
"x","","Creature\AncientOfLore\AncientofLore.mdx","ature\Basilisk\Basilisk.mdx",1065353216,3,5,1099956224,1094713344,1065353216,0,"reature\Basilisk\Basilisk.mdx","silisk\Basilisk.mdx","gonWhelp\DragonWhelp.mdx",1060226099,1074089951
"ture\Horse\Horse.mdx","Creature\Basilisk\Basilisk.mdx","Creature\ChineseDragon\ChineseDragon.mdx","",1065353216,1,4294967295,0,0,0,0,"","","arrionBird\CarrionBird.mdx",0,0
"ure\Horse\Horse.mdx","","Creature\Spells\BattleStandard_Frostwolf_A_01.mdx","",1065353216,4294967295,4294967295,0,0,0,0,"","","rrionBird\CarrionBird.mdx",0,0
"re\Horse\Horse.mdx","","Creature\Spells\BattleStandard_Stormpike_A_01.mdx","",1065353216,4294967295,4294967295,1099956224,1094713344,1065353216,0,"","","rionBird\CarrionBird.mdx",0,0
"","","Creature\tigon\TigonMale.mdx","Creature\Basilisk\Basilisk.mdx",1065353216,1,5,1099956224,1094713344,1065353216,0,"","","rd.mdx",1066284351,1074270306
"mdx","asilisk\Basilisk.mdx","Creature\Thunderaan\Thunderaan.mdx","",1065353216,4294967295,4294967295,1099956224,1094713344,1065353216,0,"","silisk\Basilisk.mdx","a\Hydra.mdx",1060226099,1074089951
"Protector\AncientProtector.mdx","","Creature\tigon\TigonFemale.mdx","Creature\Basilisk\Basilisk.mdx",1065353216,1,7,1099956224,1094713344,1065353216,0,"","","\Tarantula\Tarantula.mdx",1066284351,1074270306
"tector.mdx","","Creature\slith\Slith.mdx","Creature\Basilisk\Basilisk.mdx",1065353216,4294967295,4294967295,0,0,0,0,"","",".mdx",1060226099,1074089951
"DoomGuard\DoomGuard.mdx","","Creature\mobat\Mobat.mdx","Creature\Basilisk\Basilisk.mdx",1065353216,1,4294967295,0,0,0,0,"","","reature\Horse\Horse.mdx",1060226099,1074089951
"mdx","","Creature\Dryder\Dryder.mdx","reature\Basilisk\Basilisk.mdx",1065353216,4294967295,4294967295,0,0,0,0,"","","mdx",1060226099,1074089951
"dx","","Creature\Hakkar\Hakkar.mdx","",1065353216,4294967295,4294967295,1099956224,1094713344,1065353216,0,"","","dx",1060226099,1074089951
"x","","Creature\Hakkar\Hakkar.mdx","",1065353216,4294967295,4294967295,0,0,0,0,"","","dx",1060226099,1074089951
"","Creature\Basilisk\Basilisk.mdx","Creature\FelBat\BatRider.mdx","Creature\Basilisk\Basilisk.mdx",1065353216,1,4294967295,1099956224,1094713344,1065353216,0,"","","x",1060226099,1074089951
"Creature\ElementalEarth\ElementalEarth.mdx","","Creature\GnomeRocketCar\GnomeRocketCar.mdx","Creature\Basilisk\Basilisk.mdx",1065353216,3,4294967295,0,0,0,0,"","","",1084361802,1086853218
"reature\ElementalEarth\ElementalEarth.mdx","","Creature\Dragon\Taerar.mdx","eature\Basilisk\Basilisk.mdx",1065353216,1,5,1106247680,1101004800,1077936128,0,"reature\Basilisk\Basilisk.mdx","silisk\Basilisk.mdx","Creature\Boar\Boar.mdx",1060226099,1074089951
"eature\ElementalEarth\ElementalEarth.mdx","","Creature\Dragon\Lethon.mdx","eature\Basilisk\Basilisk.mdx",1065353216,1,5,1106247680,1101004800,1084227584,0,"reature\Basilisk\Basilisk.mdx","silisk\Basilisk.mdx","reature\Boar\Boar.mdx",1060226099,1074089951
"ature\ElementalEarth\ElementalEarth.mdx","","Creature\Murloc\BabyMurloc.mdx","",1065353216,1,5,1088421888,1084227584,1065353216,0,"","","eature\Boar\Boar.mdx",1060226099,1068616385
"ture\ElementalEarth\ElementalEarth.mdx","","Creature\DruidOwlbear\DruidOwlBear.mdx","Creature\Basilisk\Basilisk.mdx",1065353216,4294967295,5,1099956224,1094713344,1065353216,0,"","","ature\Boar\Boar.mdx",1061158912,1075255968
"ure\ElementalEarth\ElementalEarth.mdx","","Creature\DruidOwlbear\DruidOwlBearTauren.mdx","Creature\Basilisk\Basilisk.mdx",1065353216,4294967295,5,1099956224,1094713344,1065353216,0,"","","ture\Boar\Boar.mdx",1061158912,1075255968
"re\ElementalEarth\ElementalEarth.mdx","asilisk\Basilisk.mdx","Creature\SteamTonk\SteamTonk.mdx","",1065353216,3,4294967295,1099956224,1094713344,1065353216,0,"","","ure\Boar\Boar.mdx",1055098982,1055098982
"e\ElementalEarth\ElementalEarth.mdx","","Creature\Murloc\BabyMurloc.mdx","",1065353216,4294967295,5,1099956224,1094713344,1065353216,0,"","","eature\Boar\Boar.mdx",1060226099,1068616385
"ElementalEarth\ElementalEarth.mdx","Creature\Basilisk\Basilisk.mdx","Creature\SilithidWaspBoss\SilithidWaspBoss.mdx","reature\Basilisk\Basilisk.mdx",1065353216,2,4294967295,1099956224,1094713344,1065353216,0,"","","e\Boar\Boar.mdx",0,0
"lementalEarth\ElementalEarth.mdx","","Creature\Horisath\Horisath.mdx","eature\Basilisk\Basilisk.mdx",1065353216,4294967295,1,1099956224,1094713344,1065353216,0,"","","\Boar\Boar.mdx",1060226099,1074089951
"ementalEarth\ElementalEarth.mdx","eature\Basilisk\Basilisk.mdx","Creature\InvisibleMan\InvisibleMan.mdx","Creature\Basilisk\Basilisk.mdx",1065353216,4294967295,4294967295,0,0,0,0,"","","Boar\Boar.mdx",1061625319,1075578929
"Earth\ElementalEarth.mdx","Creature\Basilisk\Basilisk.mdx","Creature\EyeOfKathune\EyeofKathune.mdx","ature\Basilisk\Basilisk.mdx",1065353216,3,4294967295,1099956224,1094713344,1065353216,0,"","silisk\Basilisk.mdx","Boar.mdx",0,0
"th\ElementalEarth.mdx","Creature\Basilisk\Basilisk.mdx","Creature\SilithidTankBoss\SilithidTankBoss.mdx","reature\Basilisk\Basilisk.mdx",1065353216,2,4294967295,1099956224,1094713344,1065353216,0,"","","ar.mdx",0,0
"h\ElementalEarth.mdx","Creature\Basilisk\Basilisk.mdx","Creature\SilithidTankBoss\SilithidTankBoss_Damaged.mdx","reature\Basilisk\Basilisk.mdx",1065353216,2,4294967295,0,0,0,0,"","","r.mdx",0,0
"\ElementalEarth.mdx","Creature\Basilisk\Basilisk.mdx","Creature\SandWorm\SandWorm.mdx","ature\Basilisk\Basilisk.mdx",1065353216,2,4294967295,1099956224,1094713344,1065353216,0,"","",".mdx",0,0
"lementalEarth.mdx","Creature\Basilisk\Basilisk.mdx","Creature\RidingSilithid\RidingSilithid.mdx","Creature\Basilisk\Basilisk.mdx",1065353216,2,4294967295,1099956224,1094713344,1065353216,0,"","","dx",0,0
"ementalEarth.mdx","","Creature\SlimeGiant\GiantSlime.mdx","eature\Basilisk\Basilisk.mdx",1065353216,2,4294967295,1099956224,1094713344,1065353216,0,"","","entaur.mdx",0,0
"mentalEarth.mdx","","Creature\SandReaver\SandReaver.mdx","reature\Basilisk\Basilisk.mdx",1065353216,2,4294967295,1099956224,1094713344,1065353216,0,"","","x",0,0
"entalEarth.mdx","","Creature\TwinEmperor\TwinEmperor.mdx","reature\Basilisk\Basilisk.mdx",1065353216,2,4294967295,0,0,0,0,"","","",0,0
"ntalEarth.mdx","","Creature\BODYOFKATHUNE\BodyofKathune.mdx","ature\Basilisk\Basilisk.mdx",1065353216,4294967295,4294967295,0,0,0,0,"","re\BogBeast\BogBeast.mdx","Creature\AncientProtector\AncientProtector.mdx",0,0
"talEarth.mdx","","Creature\HalfBodyofKathune\HalfBodyofKathune.mdx","ature\Basilisk\Basilisk.mdx",1065353216,4294967295,4294967295,0,0,0,0,"","","reature\AncientProtector\AncientProtector.mdx",0,0
"alEarth.mdx","","Creature\EyeStalkofKathune\EyeStalkofKathune.mdx","reature\Basilisk\Basilisk.mdx",1065353216,3,4294967295,1099956224,1094713344,1065353216,0,"","","Boar.mdx",0,0
"lEarth.mdx","","Creature\ClawofKathune\ClawofKathune.mdx","reature\Basilisk\Basilisk.mdx",1065353216,3,4294967295,1099956224,1094713344,1065353216,0,"","","eature\AncientProtector\AncientProtector.mdx",0,0
"Earth.mdx","","Creature\MouthofKathune01\MouthofKathune01.mdx","reature\Basilisk\Basilisk.mdx",1065353216,3,4294967295,1099956224,1094713344,1065353216,0,"","","ature\AncientProtector\AncientProtector.mdx",0,0
"arth.mdx","","Creature\Shark\Shark.mdx","eature\Basilisk\Basilisk.mdx",1065353216,1,4294967295,1099956224,1094713344,1065353216,0,"","","elp\DragonWhelp.mdx",0,0
"rth.mdx","","Creature\PortalofKathune\PortalofKathune.mdx","eature\Basilisk\Basilisk.mdx",1065353216,4294967295,4294967295,0,0,0,0,"","","ture\AncientProtector\AncientProtector.mdx",0,0
"th.mdx","","Creature\NIAN\Nian.mdx","reature\Basilisk\Basilisk.mdx",1065353216,3,5,1099956224,1094713344,1065353216,0,"Creature\Basilisk\Basilisk.mdx","asilisk\Basilisk.mdx","ure\AncientProtector\AncientProtector.mdx",0,0
"h.mdx","","Creature\ReinDeer\ReinDeer.mdx","Creature\Basilisk\Basilisk.mdx",1065353216,1,6,1099956224,1094713344,1065353216,0,"","","re\AncientProtector\AncientProtector.mdx",0,0
".mdx","","Creature\ReinDeer\ReinDeerMount.mdx","Creature\Basilisk\Basilisk.mdx",1065353216,1,6,1099956224,1094713344,1065353216,0,"","","e\AncientProtector\AncientProtector.mdx",0,0
"mdx","\Basilisk\Basilisk.mdx","Creature\CryptLord\CryptLord.mdx","reature\Basilisk\Basilisk.mdx",1065353216,3,4294967295,1099956224,1094713344,1065353216,0,"","","\AncientProtector\AncientProtector.mdx",0,0
"x","eature\Basilisk\Basilisk.mdx","Creature\KelThuzad\KelThuzad.mdx","eature\Basilisk\Basilisk.mdx",1065353216,4294967295,4294967295,1099956224,1094713344,1065353216,0,"","","ncientProtector\AncientProtector.mdx",0,0
"","Creature\Basilisk\Basilisk.mdx","Creature\Cupid\Cupid.mdx","Creature\Basilisk\Basilisk.mdx",1065353216,1,4294967295,1099956224,1094713344,1065353216,0,"","","cientProtector\AncientProtector.mdx",0,0
"reature\Skeleton\Skeleton.mdx","","Creature\SPELLS\ValentinesDummy.mdx","Creature\Basilisk\Basilisk.mdx",1065353216,4294967295,4294967295,1099956224,1094713344,1065353216,0,"","","ientProtector\AncientProtector.mdx",0,0
"eature\Skeleton\Skeleton.mdx","","Creature\SpiritofRedemption\SpiritOfRedemption.mdx","",1065353216,4294967295,4294967295,1099956224,1094713344,1065353216,0,"","","entProtector\AncientProtector.mdx",0,0
"ature\Skeleton\Skeleton.mdx","","Creature\FrostWurm\FrostWurm.mdx","eature\Basilisk\Basilisk.mdx",1065353216,4294967295,5,1099956224,1094713344,1065353216,0,"","","ntProtector\AncientProtector.mdx",0,0
"ture\Skeleton\Skeleton.mdx","","Creature\FleshGiant\FleshGiant.mdx","eature\Basilisk\Basilisk.mdx",1065353216,2,4,1099956224,1094713344,1065353216,0,"","","tProtector\AncientProtector.mdx",0,0
"ure\Skeleton\Skeleton.mdx","Creature\Basilisk\Basilisk.mdx","Creature\GiantSpider\GiantSpider.mdx","eature\Basilisk\Basilisk.mdx",1065353216,3,4294967295,1099956224,1094713344,1065353216,0,"","","Protector\AncientProtector.mdx",0,0
"re\Skeleton\Skeleton.mdx","","Creature\MadScientist\MadScientist.mdx","Creature\Basilisk\Basilisk.mdx",1065353216,1,4,1099956224,1094713344,1065353216,0,"","","rotector\AncientProtector.mdx",0,0
"e\Skeleton\Skeleton.mdx","","Creature\UndeadBeast\UndeadBeast.mdx","eature\Basilisk\Basilisk.mdx",1065353216,2,5,1099956224,1094713344,1065353216,0,"","","otector\AncientProtector.mdx",0,0
"\Skeleton\Skeleton.mdx","","Creature\FungalMonster\FungalMonster.mdx","eature\Basilisk\Basilisk.mdx",1065353216,3,1,1099956224,1094713344,1065353216,0,"","","tector\AncientProtector.mdx",0,0
"Skeleton\Skeleton.mdx","eature\Basilisk\Basilisk.mdx","Creature\SporeCreature\SporeCreature.mdx","Creature\Basilisk\Basilisk.mdx",1065353216,2,4294967295,1099956224,1094713344,1065353216,0,"","","ector\AncientProtector.mdx",0,0
"eton\Skeleton.mdx","","Creature\QuestObjects\Creature_ScourgeCrystal.mdx","",1065353216,4294967295,4294967295,0,0,0,0,"","","ctor\AncientProtector.mdx",0,0
"ton\Skeleton.mdx","","Creature\QuestObjects\Creature_ScourgeCrystalDamaged.mdx","",1065353216,4294967295,4294967295,0,0,0,0,"","","tor\AncientProtector.mdx",0,0
"on\Skeleton.mdx","","Creature\FleshTitan\FleshTitan.mdx","Creature\Basilisk\Basilisk.mdx",1065353216,1,1,1099956224,1094713344,1065353216,0,"","","or\AncientProtector.mdx",0,0
"n\Skeleton.mdx","","Creature\MOUNTEDDEATHKNIGHT\MountedDeathKnight_Mograine.mdx","Creature\Basilisk\Basilisk.mdx",1065353216,4294967295,4294967295,1099956224,1094713344,1065353216,0,"","","r\AncientProtector.mdx",0,0
"\Skeleton.mdx","","Creature\MOUNTEDDEATHKNIGHT\MountedDeathKnight_Blaumeux.mdx","",1065353216,4294967295,4294967295,0,0,0,0,"","","\AncientProtector.mdx",0,0
"Skeleton.mdx","","Creature\MOUNTEDDEATHKNIGHT\MountedDeathKnight_Zeliek.mdx","",1065353216,4294967295,4294967295,0,0,0,0,"","","AncientProtector.mdx",0,0
"keleton.mdx","","Creature\MOUNTEDDEATHKNIGHT\MountedDeathKnight_Korthazz.mdx","",1065353216,4294967295,4294967295,0,0,0,0,"","","ncientProtector.mdx",0,0
"eleton.mdx","","Creature\Shade\ShadeWhite.mdx","",1065353216,4294967295,4294967295,0,0,0,0,"","","cientProtector.mdx",0,0
"leton.mdx","","Creature\Bear\PolarBearCub.mdx","",1065353216,4294967295,4294967295,1099956224,1094713344,1065353216,0,"","","ientProtector.mdx",0,0
"eton.mdx","","Creature\Cocoon\Cocoon.mdx","Creature\Basilisk\Basilisk.mdx",1065353216,4294967295,4294967295,0,0,0,0,"","","entProtector.mdx",0,0
"ton.mdx","","Creature\Necromancer\Necromancer.mdx","Creature\Basilisk\Basilisk.mdx",1065353216,1,1,1099956224,1094713344,1065353216,0,"","","ntProtector.mdx",0,0
".mdx","","Creature\Pig\Pig.mdx","",1065353216,4294967295,4294967295,1099956224,1094713344,1065353216,0,"","","ature\Centaur\Centaur.mdx",0,0
"mdx","","Creature\Turtle\Turtle.mdx","",1065353216,4294967295,4294967295,1099956224,1094713344,1065353216,0,"","","ure\DragonWhelp\DragonWhelp.mdx",0,0
"","","Creature\WISP\WispRed.mdx","",1065353216,4294967295,4294967295,0,0,0,0,"","","tector.mdx",0,0
"Harvest.mdx","eature\Basilisk\Basilisk.mdx","Creature\InvisibleStalker\InvisibleStalkerNoName.mdx","Creature\Basilisk\Basilisk.mdx",1065353216,3,4,1099956224,1094713344,1065353216,0,"","","cter\Orc\Female\OrcFemale.mdx",0,0
"vestStage2\GolemHarvestStage2.mdx","","Creature\RidingTurtle\RidingTurtle.mdx","Creature\Basilisk\Basilisk.mdx",1065353216,4294967295,6,1099956224,1094713344,1065353216,0,"","","reature\ElementalEarth\ElementalEarth.mdx",0,0
"estStage2\GolemHarvestStage2.mdx","eature\Basilisk\Basilisk.mdx","Creature\GRYPHON\Gryphon.mdx","",1065353216,4294967295,4294967295,1099956224,1094713344,1065353216,0,"","","eature\ElementalEarth\ElementalEarth.mdx",0,0
"ge2\GolemHarvestStage2.mdx","Creature\Basilisk\Basilisk.mdx","Creature\AllianceRider\AllianceRider.mdx","",1065353216,4294967295,4294967295,1099956224,1094713344,1065353216,0,"","","re\ElementalEarth\ElementalEarth.mdx",0,0
"e2\GolemHarvestStage2.mdx","Creature\Basilisk\Basilisk.mdx","Creature\HordeRider\HordeRider.mdx","",1065353216,4294967295,4294967295,1099956224,1094713344,1065353216,0,"","","e\ElementalEarth\ElementalEarth.mdx",0,0
"olemHarvestStage2.mdx","","Creature\Landro\Landro.mdx","",1065353216,4294967295,1,0,0,0,0,"","","ementalEarth\ElementalEarth.mdx",1058828557,1073871847
"mdx","","Creature\Tiger\Tigercub.mdx","",1065353216,4294967295,7,0,0,1048576000,0,"","","entalEarth\ElementalEarth.mdx",0,0
"dx","","Creature\Hippogryph\HippogryphPet.mdx","",1065353216,4294967295,4294967295,0,0,0,0,"","","ntalEarth\ElementalEarth.mdx",1058828557,1073871847
"re\DireWolf\DireWolf.mdx","Creature\Basilisk\Basilisk.mdx","Creature\GRYPHON\Gryphon_Ghost.mdx","",1065353216,4294967295,4294967295,1099956224,1094713344,1065353216,0,"","","rth.mdx",0,0
