# fields=22 strings=0,3,6,7,9,10,12,15,16,18,19,21
"",7,0,"Frost",0,0,"Frost","å†°éœœ",0,"Escarcha","Gelo",4128894,"",0,0,"","",0,"","",4128892,"Swords"
"†°éœœ",7,0,"Fire",0,0,"Feuer","ç«ç„°",0,"Fuego","Fogo",4128894,"",0,0,"","",0,"","",4128892,"enos"
"o",7,0,"Arms",0,0,"Waffen","æ­¦å™¨",0,"Armas","Armas",4128894,"",0,0,"","",0,"","",4128892," de acertar."
"",7,0,"Combat",0,0,"Kampf","æˆ˜æ–—",0,"Combate","Combate",4128894,"",0,0,"","",0,"","",4128892,"increases your chance to hit."
"ç«ç„°",7,0,"Subtlety",0,0,"TÃ¤uschung","æ•é”",0,"Sutileza","SubterfÃºgio",4128894,"",0,0,"","",0,"","",4128892,"es your chance to hit."
"«ç„°",7,0,"Poisons",0,0,"Gifte","æ¯’è¯",0,"Venenos","Venenos",8323198,"",0,0,"","",0,"","",4128892,"Frost"
"„°",6,0,"Swords",0,0,"Schwerter","å•æ‰‹å‰‘",0,"Espadas","Espadas",8323199,"Higher weapon skill increases your chance to hit.",0,0,"Eine erhÃ¶hte Waffenfertigkeit steigert Eure Trefferchance.","æ­¦å™¨æŠ€èƒ½è¶Šé«˜ï¼Œç”¨è¯¥æ­¦å™¨å‡»ä¸­æ•Œäººçš„å‡ ç‡å°±è¶Šé«˜ã€‚",0,"Mayor habilidad con armas aumenta tu probabilidad de golpear.","Maior habilidade com armas aumenta sua probabilidade de acertar.",4128894,"Frost"
"°",6,0,"Axes",0,0,"Ã„xte","å•æ‰‹æ–§",0,"Hachas","Machados",8323199,"Higher weapon skill increases your chance to hit.",0,0,"Eine erhÃ¶hte Waffenfertigkeit steigert Eure Trefferchance.","æ­¦å™¨æŠ€èƒ½è¶Šé«˜ï¼Œç”¨è¯¥æ­¦å™¨å‡»ä¸­æ•Œäººçš„å‡ ç‡å°±è¶Šé«˜ã€‚",0,"Mayor habilidad con armas aumenta tu probabilidad de golpear.","Maior habilidade com armas aumenta sua probabilidade de acertar.",4128894,"Frost"
"",6,0,"Bows",0,0,"Bogen","å¼“",0,"Arcos","Arcos",8323198,"Higher weapon skill increases your chance to hit.",0,0,"Eine erhÃ¶hte Waffenfertigkeit steigert Eure Trefferchance.","æ­¦å™¨æŠ€èƒ½è¶Šé«˜ï¼Œç”¨è¯¥æ­¦å™¨å‡»ä¸­æ•Œäººçš„å‡ ç‡å°±è¶Šé«˜ã€‚",0,"Mayor habilidad con armas aumenta tu probabilidad de golpear.","Maior habilidade com armas aumenta sua probabilidade de acertar.",4128894,"Frost"
"Fuego",6,0,"Guns",0,0,"Schusswaffen","æªæ¢°",0,"Armas de Fuego","Armas de Fogo",8323198,"Higher weapon skill increases your chance to hit.",0,0,"Eine erhÃ¶hte Waffenfertigkeit steigert Eure Trefferchance.","æ­¦å™¨æŠ€èƒ½è¶Šé«˜ï¼Œç”¨è¯¥æ­¦å™¨å‡»ä¸­æ•Œäººçš„å‡ ç‡å°±è¶Šé«˜ã€‚",0,"Mayor habilidad con armas aumenta tu probabilidad de golpear.","Maior habilidade com armas aumenta sua probabilidade de acertar.",4128894,"Frost"
"o",7,0,"Beast Mastery",0,0,"Tierherrschaft","é‡å…½æ§åˆ¶",0,"MaestrÃ­a en Bestias","Mestre das Bestas",4128894,"None",0,0,"","",0,"None","None",4128892,"ur chance to hit."
"",7,0,"Survival",0,0,"Ãœberleben","ç”Ÿå­˜æŠ€èƒ½",0,"Supervivencia","SobrevivÃªncia",4128894,"None",0,0,"","",0,"None","None",4128892," chance to hit."
"go",6,0,"Maces",0,0,"Streitkolben","å•æ‰‹é”¤",0,"Mazas","MaÃ§as",8323199,"Higher weapon skill increases your chance to hit.",0,0,"Eine erhÃ¶hte Waffenfertigkeit steigert Eure Trefferchance.","æ­¦å™¨æŠ€èƒ½è¶Šé«˜ï¼Œç”¨è¯¥æ­¦å™¨å‡»ä¸­æ•Œäººçš„å‡ ç‡å°±è¶Šé«˜ã€‚",0,"Mayor habilidad con armas aumenta tu probabilidad de golpear.","Maior habilidade com armas aumenta sua probabilidade de acertar.",4128894,"Frost"
"o",6,0,"Two-Handed Swords",0,0,"Zweihandschwerter","åŒæ‰‹å‰‘",0,"Espadas de Dos Manos","Espadas de Duas MÃ£os",8323198,"Higher weapon skill increases your chance to hit.",0,0,"Eine erhÃ¶hte Waffenfertigkeit steigert Eure Trefferchance.","æ­¦å™¨æŠ€èƒ½è¶Šé«˜ï¼Œç”¨è¯¥æ­¦å™¨å‡»ä¸­æ•Œäººçš„å‡ ç‡å°±è¶Šé«˜ã€‚",0,"Mayor habilidad con armas aumenta tu probabilidad de golpear.","Maior habilidade com armas aumenta sua probabilidade de acertar.",4128894,"Frost"
"",7,0,"Holy",0,0,"Heilig","ç¥åœ£",0,"Sagrado","Sagrado",4128894,"None",0,0,"","",0,"None","None",4128892,"­¦å™¨"
"mas",7,0,"Shadow Magic",0,0,"Schattenmagie","æš—å½±é­”æ³•",0,"Magia de las Sombras","Magia das Sombras",8323199,"None",0,0,"","",0,"None","None",4128892,"on skill increases your chance to hit."
"æˆ˜æ–—",6,0,"Defense",0,0,"Verteidigung","é˜²å¾¡",0,"Defensa","Defesa",8323198,"Higher defense makes you harder to hit and makes monsters less likely to land a crushing blow.",0,0,"Eine hohe Verteidigungsfertigkeit senkt die Chance des Gegners Euch im Kampf zu treffen und verringert die Wahrscheinlichkeit durch einen kritischen Treffer verletzt zu werden.","é˜²å¾¡è¶Šé«˜ï¼Œä½ å°±è¶Šéš¾ä»¥è¢«å‡»ä¸­ï¼Œæ€ªç‰©ä¹Ÿè¶Šéš¾ä»¥å°†ä½ å‡»å€’ã€‚",0,"Mayor defensa te hace mÃ¡s difÃ­cil de golpear y reduce la probabilidad de que los monstruos asesten un golpe aplastante.","Maior defesa torna vocÃª mais difÃ­cil de ser acertado e reduz a probabilidade de os monstros desferirem um golpe esmagador.",4128894,"Frost"
"æ–—",10,0,"Language: Common",0,0,"Sprache: Gemeinsprache","è¯­è¨€ï¼šé€šç”¨è¯­",0,"Idioma: ComÃºn","LÃ­ngua: Comum",8323198,"None",0,0,"","",0,"None","None",4128892,"Frost"
"",9,0,"Dwarven Racial",0,0,"Zwergenvolk","çŸ®äººç§æ—ç‰¹é•¿",0,"Racial Enana","Racial AnÃ£o",8323199,"None",0,0,"","",0,"None","None",4128892,"Frost"
"",10,0,"Language: Orcish",0,0,"Sprache: Orcisch","è¯­è¨€ï¼šå…½äººè¯­",0,"Idioma: Orc","LÃ­ngua: Orc",8323198,"None",0,0,"","",0,"None","None",4128892,"Frost"
"ubtlety",10,0,"Language: Dwarven",0,0,"Sprache: Zwergisch","è¯­è¨€ï¼šçŸ®äººè¯­",0,"Idioma: Enano","LÃ­ngua: AnÃ£o",8323198,"None",0,0,"","",0,"None","None",4128892,"Frost"
"tlety",10,0,"Language: Darnassian",0,0,"Sprache: Darnassisch","è¯­è¨€ï¼šè¾¾çº³è‹æ–¯è¯­",0,"Idioma: Darnassiano","LÃ­ngua: Darnassiano",8323198,"None",0,0,"","",0,"None","None",4128892,"Frost"
"ety",10,0,"Language: Taurahe",0,0,"Sprache: Taurisch","è¯­è¨€ï¼šç‰›å¤´äººè¯­",0,"Idioma: Taurahe","LÃ­ngua: Taurahe",8323198,"None",0,0,"","",0,"None","None",4128892,"Frost"
"",6,0,"Dual Wield",0,0,"BeidhÃ¤ndigkeit","åŒæ­¦å™¨",0,"Doble EmpuÃ±adura","Empunhar Duas Armas",8323198,"None",0,0,"","",0,"None","None",4128892,"Frost"
"chung",9,0,"Tauren Racial",0,0,"Taurenvolk","ç‰›å¤´äººç§æ—ç‰¹é•¿",0,"Racial Tauren","Racial Tauren",8323198,"None",0,0,"","",0,"None","None",4128892,"Frost"
"hung",9,0,"Orc Racial",0,0,"Orcvolk","å…½äººç§æ—ç‰¹é•¿",0,"Racial de Orco","Racial Orc",8323198,"None",0,0,"","",0,"None","None",4128892,"Frost"
"ung",9,0,"Night Elf Racial",0,0,"Nachtelfenvolk","æš—å¤œç²¾çµç§æ—ç‰¹é•¿",0,"Racial Elfo Nocturno","Racial Elfo Noturno",8323198,"None",0,0,"","",0,"None","None",4128892,"Frost"
"",9,0,"First Aid",0,0,"Erste Hilfe","æ€¥æ•‘",0,"Primeros Auxilios","Primeiros Socorros",8323198,"Higher first aid skill allows you to learn higher level first aid abilities.  First aid abilities can be found on trainers around the world as well as from quests and as drops from monsters.",0,0,"Eine hohe Fertigkeit in Erster Hilfe ermÃ¶glicht es, hÃ¶herstufigere FÃ¤higkeiten der Ersten Hilfe zu benutzen. Diese kÃ¶nnt Ihr bei Lehrern Ã¼berall in der Welt erwerben. Manchmal erhaltet Ihr diese FÃ¤higkeiten auch von toten Gegnern oder als Questbelohnung.","é«˜çº§çš„æ€¥æ•‘æŠ€èƒ½ä½¿ä½ å¯ä»¥å­¦ä¹ é«˜çº§çš„æ€¥æ•‘èƒ½åŠ›ã€‚ä½ å¯ä»¥åœ¨è®­ç»ƒå¸ˆé‚£é‡Œå­¦ä¹ æ–°çš„èƒ½åŠ›ï¼Œä¹Ÿå¯ä»¥é€šè¿‡å®Œæˆä»»åŠ¡æˆ–æ€æ­»æ€ªç‰©è·å¾—æ–°çš„èƒ½åŠ›ã€‚",0,"Mayor habilidad en primeros auxilios te permite aprender habilidades de primeros auxilios de nivel superior. Estas habilidades se pueden encontrar en instructores, misiones y como botÃ­n de monstruos.","Maior habilidade em primeiros socorros permite aprender habilidades de primeiros socorros de nÃ­vel superior. Essas habilidades podem ser encontradas em instrutores, missÃµes e como saque de monstros.",4128894,"Frost"
"”",7,0,"Feral Combat",0,0,"Wilder Kampf","é‡æ€§æˆ˜æ–—",0,"Combate Feral","Combate Selvagem",4128894,"None",0,0,"","",0,"None","None",4128892,"te"
"",6,0,"Staves",0,0,"StÃ¤be","æ³•æ–",0,"Bastones","BÃ¡culos",8323199,"Higher weapon skill increases your chance to hit.",0,0,"Eine erhÃ¶hte Waffenfertigkeit steigert Eure Trefferchance.","æ­¦å™¨æŠ€èƒ½è¶Šé«˜ï¼Œç”¨è¯¥æ­¦å™¨å‡»ä¸­æ•Œäººçš„å‡ ç‡å°±è¶Šé«˜ã€‚",0,"Mayor habilidad con armas aumenta tu probabilidad de golpear.","Maior habilidade com armas aumenta sua probabilidade de acertar.",4128894,"Frost"
"Sutileza",10,0,"Language: Thalassian",0,0,"Sprache: Thalassisch","è¯­è¨€ï¼šè¨æ‹‰æ–¯è¯­",0,"Idioma: Thalassiano","LÃ­ngua: Thalassiano",4128894,"None",0,0,"","",0,"None","None",4128892,"Frost"
"utileza",10,0,"Language: Draconic",0,0,"Sprache: Drachisch","è¯­è¨€ï¼šé¾™è¯­",0,"Idioma: DracÃ³nico","LÃ­ngua: DracÃ´nico",4128894,"None",0,0,"","",0,"None","None",4128892,"Frost"
"tileza",10,0,"Language: Demon Tongue",0,0,"Sprache: DÃ¤monisch","è¯­è¨€ï¼šæ¶é­”è¯­",0,"Idioma: Lengua DemonÃ­aca","LÃ­ngua: DemonÃ­aco",4128894,"None",0,0,"","",0,"None","None",4128892,"Frost"
"ileza",10,0,"Language: Titan",0,0,"Sprache: Titanisch","è¯­è¨€ï¼šæ³°å¦è¯­",0,"Idioma: TitÃ¡n","LÃ­ngua: TitÃ£",4128894,"None",0,0,"","",0,"None","None",4128892,"Frost"
"leza",10,0,"Language: Old Tongue",0,0,"Sprache: Alte Sprache","è¯­è¨€ï¼šå¤ä»£è¯­",0,"Idioma: Lengua Antigua","LÃ­ngua: LÃ­ngua Antiga",4128894,"None",0,0,"","",0,"None","None",4128892,"Frost"
"eza",9,0,"Survival",0,0,"Ãœberlebenskunst","ç”Ÿå­˜æŠ€èƒ½",0,"Supervivencia","SobrevivÃªncia",4128894,"Higher survival skill allows you to learn higher level survival outlines. Survival outlines can be found on trainers around the world as well as from quests and monsters.",0,0,"Mit hÃ¶herer Ãœberlebenskunst kÃ¶nnt Ihr fortgeschrittene LehrplÃ¤ne erlernen. LehrplÃ¤ne fÃ¼r Ãœberlebenskunst findet Ihr bei Lehrern in der ganzen Welt sowie als Belohnung von Quests und bei bestimmten Gegnern.","",0,"Mayor habilidad de supervivencia te permite aprender esquemas de supervivencia de nivel superior. Estos esquemas se encuentran en instructores, misiones y monstruos.","Maior habilidade de sobrevivÃªncia permite aprender esquemas de sobrevivÃªncia de nÃ­vel superior. Esses esquemas sÃ£o encontrados em instrutores, missÃµes e monstros.",4128892,"igher weapon skill increases your chance to hit."
"bterfÃºgio",9,0,"Horse Riding",0,0,"Pferdreiten","éª‘æœ¯ï¼šé©¬",0,"EquitaciÃ³n","EquitaÃ§Ã£o",8323198,"None",0,0,"","",0,"None","None",4128892,"Frost"
"terfÃºgio",9,0,"Wolf Riding",0,0,"Wolfreiten","éª‘æœ¯ï¼šç‹¼",0,"Montar Lobo","Cavalgar Lobo",8323198,"None",0,0,"","",0,"None","None",4128892,"Frost"
"erfÃºgio",9,0,"Tiger Riding",0,0,"Tigerreiten","éª‘æœ¯ï¼šè±¹",0,"Montar Tigre","Cavalgar Tigre",8323198,"None",0,0,"","",0,"None","None",4128892,"Frost"
"fÃºgio",9,0,"Ram Riding",0,0,"Widderreiten","éª‘æœ¯ï¼šç¾Š",0,"Montar Carnero","Cavalgar Carneiro",8323198,"None",0,0,"","",0,"None","None",4128892,"Frost"
"gio",9,0,"Swimming",0,0,"Schwimmen","æ¸¸æ³³",0,"Nadar","NataÃ§Ã£o",8323198,"None",0,0,"","",0,"None","None",4128892,"Frost"
"oisons",6,0,"Two-Handed Maces",0,0,"Zweihandstreitkolben","åŒæ‰‹é”¤",0,"Mazas de Dos Manos","MaÃ§as de Duas MÃ£os",8323198,"Higher weapon skill increases your chance to hit.",0,0,"Eine erhÃ¶hte Waffenfertigkeit steigert Eure Trefferchance.","æ­¦å™¨æŠ€èƒ½è¶Šé«˜ï¼Œç”¨è¯¥æ­¦å™¨å‡»ä¸­æ•Œäººçš„å‡ ç‡å°±è¶Šé«˜ã€‚",0,"Mayor habilidad con armas aumenta tu probabilidad de golpear.","Maior habilidade com armas aumenta sua probabilidade de acertar.",4128894,"Frost"
"sons",6,0,"Unarmed",0,0,"Unbewaffnet","å¾’æ‰‹æˆ˜æ–—",0,"Desarmado","Combate Desarmado",8323199,"Higher skill increases your chance to hit.",0,0,"Eine erhÃ¶hte Fertigkeit steigert Eure Trefferchance.","æ­¤æŠ€èƒ½ç­‰çº§è¶Šé«˜ï¼Œä½ å‡»ä¸­ç›®æ ‡çš„å‡ ç‡è¶Šé«˜ã€‚",0,"Mayor habilidad aumenta tu probabilidad de golpear.","Maior habilidade aumenta sua probabilidade de acertar.",4128894,"Frost"
"ons",7,0,"Marksmanship",0,0,"Treffsicherheit","å°„å‡»",0,"PunterÃ­a","Pontaria",4128894,"None",0,0,"","",0,"None","None",4128892,"ung"
"ns",11,0,"Blacksmithing",0,0,"Schmiedekunst","é”»é€ ",0,"HerrerÃ­a","Ferraria",8323198,"Higher smithing skill allows you to learn higher level smithing plans.  Blacksmithing plans can be found on trainers around the world as well as from quests and monsters.",0,0,"Eine hohe Schmiedefertigkeit ermÃ¶glicht es Euch hÃ¶herstufigere SchmiedeplÃ¤ne zu benutzen. PlÃ¤ne kÃ¶nnt Ihr bei Lehrern Ã¼berall in der Welt erwerben. Tote Gegner hinterlassen manchmal SchmiedeplÃ¤ne oder Ihr erhaltet sie als Questbelohnung.","é«˜çº§çš„é”»é€ æŠ€èƒ½ä½¿ä½ å¯ä»¥å­¦ä¹ é«˜çº§çš„é”»é€ è®¾è®¡å›¾ã€‚ä½ å¯ä»¥åœ¨è®­ç»ƒå¸ˆé‚£é‡Œå­¦ä¹ æ–°çš„è®¾è®¡å›¾ï¼Œä¹Ÿå¯ä»¥é€šè¿‡å®Œæˆä»»åŠ¡æˆ–æ€æ­»æ€ªç‰©è·å¾—æ–°çš„è®¾è®¡å›¾ã€‚",0,"Mayor habilidad en herrerÃ­a te permite aprender planos de herrerÃ­a de nivel superior. Los planos se encuentran en instructores, misiones y monstruos.","Maior habilidade em ferraria permite aprender planos de ferraria de nÃ­vel superior. Os planos sÃ£o encontrados em instrutores, missÃµes e monstros.",4128894,"¦å™¨æŠ€èƒ½è¶Šé«˜ï¼Œç”¨è¯¥æ­¦å™¨å‡»ä¸­æ•Œäººçš„å‡ ç‡å°±è¶Šé«˜ã€‚"
"s",11,0,"Leatherworking",0,0,"Lederverarbeitung","åˆ¶çš®",0,"PeleterÃ­a","Couraria",8323198,"Higher leatherworking skill allows you to learn higher level leatherworking patterns.  Leatherworking patterns can be found on trainers around the world as well as from quests and monsters.",0,0,"Eine hohe Lederverarbeitungsfertigkeit ermÃ¶glicht es Euch hÃ¶herstufigere Schnittmuster zu benutzen. Muster kÃ¶nnt Ihr bei Lehrern Ã¼berall in der Welt erwerben. Tote Gegner hinterlassen manchmal Schnittmuster oder Ihr erhaltet sie als Questbelohnung.","é«˜çº§çš„åˆ¶çš®æŠ€èƒ½ä½¿ä½ å¯ä»¥å­¦ä¹ é«˜çº§çš„åˆ¶çš®å›¾æ ·ã€‚ä½ å¯ä»¥åœ¨è®­ç»ƒå¸ˆé‚£é‡Œå­¦ä¹ æ–°çš„å›¾æ ·ï¼Œä¹Ÿå¯ä»¥é€šè¿‡å®Œæˆä»»åŠ¡æˆ–æ€æ­»æ€ªç‰©è·å¾—æ–°çš„å›¾æ ·ã€‚",0,"Mayor habilidad en peleterÃ­a te permite aprender patrones de peleterÃ­a de nivel superior. Los patrones se encuentran en instructores, misiones y monstruos.","Maior habilidade em curtimento permite aprender padrÃµes de curtimento de nÃ­vel superior. Os padrÃµes sÃ£o encontrados em instrutores, missÃµes e monstros.",4128894,"¶Šé«˜ï¼Œç”¨è¯¥æ­¦å™¨å‡»ä¸­æ•Œäººçš„å‡ ç‡å°±è¶Šé«˜ã€‚"
"e",11,0,"Alchemy",0,0,"Alchimie","ç‚¼é‡‘æœ¯",0,"Alquimia","Alquimia",8323198,"Higher alchemy skill allows you to learn higher level alchemy recipes.  Alchemy recipes can be found on trainers around the world as well as from quests and monsters.",0,0,"Eine hohe Alchimiefertigkeit ermÃ¶glicht es Euch hÃ¶herstufigere Rezepte zu benutzen. Alchimierezepte kÃ¶nnt Ihr bei Lehrern Ã¼berall in der Welt erwerben. Tote Gegner hinterlassen manchmal Rezepte oder Ihr erhaltet sie als Questbelohnung.","é«˜çº§çš„ç‚¼é‡‘æœ¯æŠ€èƒ½ä½¿ä½ å¯ä»¥å­¦ä¹ é«˜çº§çš„ç‚¼é‡‘æœ¯é…æ–¹ã€‚ä½ å¯ä»¥åœ¨è®­ç»ƒå¸ˆé‚£é‡Œå­¦ä¹ æ–°çš„é…æ–¹ï¼Œä¹Ÿå¯ä»¥é€šè¿‡å®Œæˆä»»åŠ¡æˆ–æ€æ­»æ€ªç‰©è·å¾—æ–°çš„é…æ–¹ã€‚",0,"Mayor habilidad en alquimia te permite aprender recetas de alquimia de nivel superior. Las recetas se encuentran en instructores, misiones y monstruos.","Maior habilidade em alquimia permite aprender receitas de alquimia de nÃ­vel superior. As receitas sÃ£o encontradas em instrutores, missÃµes e monstros.",4128894,"Frost"
"",6,0,"Two-Handed Axes",0,0,"ZweihandÃ¤xte","åŒæ‰‹æ–§",0,"Hachas de Dos Manos","Machados de Duas MÃ£os",8323198,"Higher weapon skill increases your chance to hit.",0,0,"Eine erhÃ¶hte Waffenfertigkeit steigert Eure Trefferchance.","æ­¦å™¨æŠ€èƒ½è¶Šé«˜ï¼Œç”¨è¯¥æ­¦å™¨å‡»ä¸­æ•Œäººçš„å‡ ç‡å°±è¶Šé«˜ã€‚",0,"Mayor habilidad con armas aumenta tu probabilidad de golpear.","Maior habilidade com armas aumenta sua probabilidade de acertar.",4128894,"Frost"
"æ¯’è¯",6,0,"Daggers",0,0,"Dolche","åŒ•é¦–",0,"Dagas","Adagas",8323199,"Higher weapon skill increases your chance to hit.",0,0,"Eine erhÃ¶hte Waffenfertigkeit steigert Eure Trefferchance.","æ­¦å™¨æŠ€èƒ½è¶Šé«˜ï¼Œç”¨è¯¥æ­¦å™¨å‡»ä¸­æ•Œäººçš„å‡ ç‡å°±è¶Šé«˜ã€‚",0,"Mayor habilidad con armas aumenta tu probabilidad de golpear.","Maior habilidade com armas aumenta sua probabilidade de acertar.",4128894,"Frost"
"è¯",6,0,"Thrown",0,0,"Wurfwaffen","æŠ•æ·æ­¦å™¨",0,"Arrojadizas","Arremesso",8323198,"Higher weapon skill increases your chance to hit.",0,0,"Eine erhÃ¶hte Waffenfertigkeit steigert Eure Trefferchance.","æ­¦å™¨æŠ€èƒ½è¶Šé«˜ï¼Œç”¨è¯¥æ­¦å™¨å‡»ä¸­æ•Œäººçš„å‡ ç‡å°±è¶Šé«˜ã€‚",0,"Mayor habilidad con armas aumenta tu probabilidad de golpear.","Maior habilidade com armas aumenta sua probabilidade de acertar.",4128894,"Frost"
"nenos",11,0,"Herbalism",0,0,"KrÃ¤uterkunde","è‰è¯å­¦",0,"HerboristerÃ­a","Herborismo",8323198,"Higher herbalism skill allows you to harvest more difficult herbs around the world.  If you cannot harvest a specific herb, then increase your skill by harvesting easier to gather herbs in lower level areas.",0,0,"Eine hohe KrÃ¤uterkunde ermÃ¶glicht es Euch schwierigere KrÃ¤uter zu ernten. Wenn ihr ein bestimmtes Kraut nicht ernten kÃ¶nnt, steigert eure KrÃ¤uterkundefertigkeit, indem Ihr in niedrigstufigeren Gebieten leichtere KrÃ¤uter erntet.","é«˜çº§çš„è‰è¯å­¦æŠ€èƒ½ä½¿ä½ å¯ä»¥é‡‡é›†é«˜çº§çš„è‰è¯ã€‚å¦‚æœä½ ä¸èƒ½é‡‡é›†æŸç§è‰è¯ï¼Œè¯·å…ˆåœ¨è¾ƒä½ç­‰çº§çš„åœ°åŒºé‡‡é›†ä½ç­‰çº§è‰è¯ï¼Œä»¥æ­¤æé«˜ä½ çš„è‰è¯å­¦æŠ€èƒ½ã€‚",0,"Mayor habilidad en herboristerÃ­a te permite recolectar hierbas mÃ¡s difÃ­ciles en el mundo. Si no puedes recolectar una hierba, aumenta tu habilidad recolectando hierbas mÃ¡s fÃ¡ciles en zonas de menor nivel.","Maior habilidade em herborismo permite coletar ervas mais difÃ­ceis no mundo. Se nÃ£o conseguir coletar uma erva, aumente sua habilidade coletando ervas mais fÃ¡ceis em Ã¡reas de nÃ­vel menor.",4128894,"Frost"
"enos",12,0,"GENERIC (DND)",0,0,"ALLGEMEIN (DND)","é€šç”¨ï¼ˆå…æ‰“æ‰°ï¼‰",0,"GENÃ‰RICO (DND)","GENÃ‰RICO (DND)",8323198,"None",0,0,"","",0,"None","None",4128892,"Frost"
"nos",7,0,"Retribution",0,0,"Vergeltung","æƒ©æˆ’",0,"Retribucion","RetribuiÃ§Ã£o",4128894,"None",0,0,"","",0,"None","None",4128892,"Machados"
"os",9,0,"Cooking",0,0,"Kochkunst","çƒ¹é¥ª",0,"Cocina","CulinÃ¡ria",8323198,"Higher cooking skill allows you to learn higher level cooking recipes.  Recipes can be found on trainers around the world as well as from quests and as drops from monsters.",0,0,"Eine hohe Kochfertigkeit ermÃ¶glicht es Euch hÃ¶herstufigere Rezepte zu benutzen. Rezepte kÃ¶nnt Ihr bei Lehrern Ã¼berall in der Welt erwerben. Tote Gegner hinterlassen manchmal Kochrezepte oder Ihr erhaltet sie als Questbelohnung.","é«˜çº§çš„çƒ¹é¥ªæŠ€èƒ½ä½¿ä½ å¯ä»¥å­¦ä¹ é«˜çº§çš„èœè°±ã€‚ä½ å¯ä»¥åœ¨è®­ç»ƒå¸ˆé‚£é‡Œå­¦ä¹ æ–°çš„èœè°±ï¼Œä¹Ÿå¯ä»¥é€šè¿‡å®Œæˆä»»åŠ¡æˆ–æ€æ­»æ€ªç‰©è·å¾—æ–°çš„èœè°±ã€‚",0,"Mayor habilidad en cocina te permite aprender recetas de cocina de nivel superior. Las recetas se encuentran en instructores, misiones y como botÃ­n de monstruos.","Maior habilidade em culinÃ¡ria permite aprender receitas de culinÃ¡ria de nÃ­vel superior. As receitas sÃ£o encontradas em instrutores, missÃµes e como saque de monstros.",4128894,"Frost"
"s",11,0,"Mining",0,0,"Bergbau","é‡‡çŸ¿",0,"MinerÃ­a","MineraÃ§Ã£o",8323198,"Higher mining skill allows you to harvest more difficult minerals nodes around the world.  If you cannot harvest a specific mineral, then increase your skill by mining easier to mine minerals in lower level areas.",0,0,"Eine hohe Bergbaufertigkeit ermÃ¶glicht es Euch schwierigere Erzvorkommen abzubauen. Wenn ihr ein bestimmtes Erzvorkommen nicht abbauen kÃ¶nnt, steigert eure Bergbaufertigkeit, indem Ihr in niedrigstufigeren Gebieten leichtere Erzvorkommen abbaut.","é«˜çº§çš„é‡‡çŸ¿æŠ€èƒ½ä½¿ä½ å¯ä»¥é‡‡é›†é«˜çº§çš„çŸ¿çŸ³ã€‚å¦‚æœä½ ä¸èƒ½é‡‡é›†æŸç§çŸ¿çŸ³ï¼Œè¯·å…ˆåœ¨è¾ƒä½ç­‰çº§çš„åœ°åŒºé‡‡é›†ä½ç­‰çº§çŸ¿çŸ³ï¼Œä»¥æ­¤æé«˜ä½ çš„é‡‡çŸ¿æŠ€èƒ½ã€‚",0,"Mayor habilidad en minerÃ­a te permite recolectar vetas de mineral mÃ¡s difÃ­ciles en el mundo. Si no puedes recolectar un mineral, aumenta tu habilidad extrayendo minerales mÃ¡s fÃ¡ciles en zonas de menor nivel.","Maior habilidade em mineraÃ§Ã£o permite coletar veios de minÃ©rio mais difÃ­ceis no mundo. Se nÃ£o conseguir coletar um minÃ©rio, aumente sua habilidade extraindo minÃ©rios mais fÃ¡ceis em Ã¡reas de nÃ­vel menor.",4128894,"Frost"
"Swords",7,0,"Pet - Imp",0,0,"Tier - Wichtel","å® ç‰© - å°é¬¼",0,"Mascota - Diablillo","Mascote - Diabrete",8323198,"None",0,0,"","",0,"None","None",4128892,"Frost"
"words",7,0,"Pet - Felhunter",0,0,"Tier - TeufelsjÃ¤ger","å® ç‰© - åœ°ç‹±çŒçŠ¬",0,"Mascota - ManÃ¡fago","Mascote - CaÃ§ador Vil",8323198,"None",0,0,"","",0,"None","None",4128892,"Frost"
"hwerter",11,0,"Tailoring",0,0,"Schneiderei","è£ç¼",0,"SastrerÃ­a","Alfaiataria",8323198,"Higher tailoring skill allows you to learn higher level tailoring patterns.  Tailoring patterns can be found on trainers around the world as well as from quests and monsters.",0,0,"Eine hohe Schneiderfertigkeit ermÃ¶glicht es Euch hÃ¶herstufigere Schnittmuster zu benutzen. Muster kÃ¶nnt Ihr bei Lehrern Ã¼berall in der Welt erwerben. Tote Gegner hinterlassen manchmal Schnittmuster oder Ihr erhaltet sie als Questbelohnung.","é«˜çº§çš„è£ç¼æŠ€èƒ½ä½¿ä½ å¯ä»¥å­¦ä¹ é«˜çº§çš„è£ç¼å›¾æ ·ã€‚ä½ å¯ä»¥åœ¨è®­ç»ƒå¸ˆé‚£é‡Œå­¦ä¹ æ–°çš„å›¾æ ·ï¼Œä¹Ÿå¯ä»¥é€šè¿‡å®Œæˆä»»åŠ¡æˆ–æ€æ­»æ€ªç‰©è·å¾—æ–°çš„å›¾æ ·ã€‚",0,"Mayor habilidad en sastrerÃ­a te permite aprender patrones de sastrerÃ­a de nivel superior. Los patrones se encuentran en instructores, misiones y monstruos.","Maior habilidade em alfaiataria permite aprender padrÃµes de alfaiataria de nÃ­vel superior. Os padrÃµes sÃ£o encontrados em instrutores, missÃµes e monstros.",4128894,"Frost"
"er",11,0,"Engineering",0,0,"Ingenieurskunst","å·¥ç¨‹å­¦",0,"IngenierÃ­a","Engenharia",8323198,"Higher engineering skill allows you to learn higher level engineering schematics.  Schematics can be found on trainers around the world as well as from quests and monsters.",0,0,"Eine hohe Ingenieursfertigkeit ermÃ¶glicht es Euch hÃ¶herstufigere BauplÃ¤ne zu benutzen. BauplÃ¤ne kÃ¶nnt Ihr bei Lehrern Ã¼berall in der Welt erwerben. Tote Gegner hinterlassen manchmal BauplÃ¤ne oder Ihr erhaltet sie als Questbelohnung.","é«˜çº§çš„å·¥ç¨‹å­¦æŠ€èƒ½ä½¿ä½ å¯ä»¥å­¦ä¹ é«˜çº§çš„å·¥ç¨‹å­¦å›¾çº¸ã€‚ä½ å¯ä»¥åœ¨è®­ç»ƒå¸ˆé‚£é‡Œå­¦ä¹ æ–°çš„å›¾çº¸ï¼Œä¹Ÿå¯ä»¥é€šè¿‡å®Œæˆä»»åŠ¡æˆ–æ€æ­»æ€ªç‰©è·å¾—æ–°çš„å›¾çº¸ã€‚",0,"Mayor habilidad en ingenierÃ­a te permite aprender esquemas de ingenierÃ­a de nivel superior. Los esquemas se encuentran en instructores, misiones y monstruos.","Maior habilidade em engenharia permite aprender esquemas de engenharia de nÃ­vel superior. Os esquemas sÃ£o encontrados em instrutores, missÃµes e monstros.",4128894,"Frost"
"r",7,0,"Pet - Spider",0,0,"Tier - Spinne","å® ç‰© - èœ˜è››",0,"Mascota - AraÃ±a","Mascote - Aranha",8323198,"None",0,0,"","",0,"None","None",4128892,"Frost"
"",7,0,"Pet - Voidwalker",0,0,"Tier - Leerwandler","å® ç‰© - è™šç©ºè¡Œè€…",0,"Mascota - Abisario","Mascote - EmissÃ¡rio do Caos",8323198,"None",0,0,"","",0,"None","None",4128892,"Frost"
"å•æ‰‹å‰‘",7,0,"Pet - Succubus",0,0,"Tier - Sukkubus","å® ç‰© - é­…é­”",0,"Mascota - SÃºcubo","Mascote - SÃºcubo",8323198,"None",0,0,"","",0,"None","None",4128892,"Frost"
"•æ‰‹å‰‘",7,0,"Pet - Infernal",0,0,"Tier - HÃ¶llenbestie","å® ç‰© - åœ°ç‹±ç«",0,"Mascota - Infernal","Mascote - Infernal",8323198,"None",0,0,"","",0,"None","None",4128892,"Frost"
"•æ‰‹å‰‘",7,0,"Pet - Doomguard",0,0,"Tier - Verdammniswache","å® ç‰© - æœ«æ—¥å®ˆå«",0,"Mascota - Guardia ApocalÃ­ptico","Mascote - Demonarca",8323198,"None",0,0,"","",0,"None","None",4128892,"Frost"
"æ‰‹å‰‘",7,0,"Pet - Wolf",0,0,"Tier - Wolf","å® ç‰© - ç‹¼",0,"Mascota - Lobo","Mascote - Lobo",8323198,"None",0,0,"","",0,"None","None",4128892,"Frost"
"‰‹å‰‘",7,0,"Pet - Cat",0,0,"Tier - Katze","å® ç‰© - è±¹",0,"Mascota - Gato","Mascote - Gato",8323198,"None",0,0,"","",0,"None","None",4128892,"Frost"
"‹å‰‘",7,0,"Pet - Bear",0,0,"Tier - BÃ¤r","å® ç‰© - ç†Š",0,"Mascota - Oso","Mascote - Urso",8323198,"None",0,0,"","",0,"None","None",4128892,"Frost"
"å‰‘",7,0,"Pet - Boar",0,0,"Tier - Eber","å® ç‰© - é‡çŒª",0,"Mascota - JabalÃ­","Mascote - Javali",8323198,"None",0,0,"","",0,"None","None",4128892,"Frost"
"‰‘",7,0,"Pet - Crocilisk",0,0,"Tier - Krokilisk","å® ç‰© - é³„é±¼",0,"Mascota - Bestia: Crocolisco","Mascote - Fera - Crocolisco",8323198,"None",0,0,"","",0,"None","None",4128892,"Frost"
"‘",7,0,"Pet - Carrion Bird",0,0,"Tier - Aasvogel","å® ç‰© - é£Ÿè…é¸Ÿ",0,"Mascota - Ave CarroÃ±era","Mascote - Ave de CarniÃ§a",8323198,"None",0,0,"","",0,"None","None",4128892,"Frost"
"",7,0,"Pet - Crab",0,0,"Tier - Krebs","å® ç‰© - èƒèŸ¹",0,"Mascota - Cangrejo","Mascote - Caranguejo",8323198,"None",0,0,"","",0,"None","None",4128892,"Frost"
"Espadas",7,0,"Pet - Gorilla",0,0,"Tier - Gorilla","å® ç‰© - çŒ©çŒ©",0,"Mascota - BestÃ­a - Gorila","Mascote - Gorila",8323198,"None",0,0,"","",0,"None","None",4128892,"Frost"
"padas",7,0,"Pet - Raptor",0,0,"Tier - Raptor","å® ç‰© - è¿…çŒ›é¾™",0,"Mascota - Raptor","Mascote - Raptor",8323198,"None",0,0,"","",0,"None","None",4128892,"Frost"
"adas",7,0,"Pet - Tallstrider",0,0,"Tier - Weitschreiter","å® ç‰© - é™†è¡Œé¸Ÿ",0,"Mascota - Zancaalta","Mascote - Andarilho Alto",4128894,"None",0,0,"","",0,"None","None",4128892,"Frost"
"as",9,0,"Racial - Undead",0,0,"Volk - Untote","äº¡çµç§æ—ç‰¹é•¿",0,"Racial - No Muerto","Racial - Morto Vivo",8323198,"None",0,0,"","",0,"None","None",4128892,"Frost"
"her weapon skill increases your chance to hit.",6,0,"Crossbows",0,0,"ArmbrÃ¼ste","å¼©",0,"Ballestas","Bestas",8323198,"Higher weapon skill increases your chance to hit.",0,0,"Eine erhÃ¶hte Waffenfertigkeit steigert Eure Trefferchance.","æ­¦å™¨æŠ€èƒ½è¶Šé«˜ï¼Œç”¨è¯¥æ­¦å™¨å‡»ä¸­æ•Œäººçš„å‡ ç‡å°±è¶Šé«˜ã€‚",0,"Mayor habilidad con armas aumenta tu probabilidad de golpear.","Maior habilidade com armas aumenta sua probabilidade de acertar.",4128894,"Frost"
"er weapon skill increases your chance to hit.",6,0,"Spears",0,0,"Speere","é•¿çŸ›",0,"Lanzas","LanÃ§as",8323198,"Higher weapon skill increases your chance to hit.",0,0,"Eine erhÃ¶hte Waffenfertigkeit steigert Eure Trefferchance.","æ­¦å™¨æŠ€èƒ½è¶Šé«˜ï¼Œç”¨è¯¥æ­¦å™¨å‡»ä¸­æ•Œäººçš„å‡ ç‡å°±è¶Šé«˜ã€‚",0,"Mayor habilidad con armas aumenta tu probabilidad de golpear.","Maior habilidade com armas aumenta sua probabilidade de acertar.",4128894,"Frost"
"r weapon skill increases your chance to hit.",6,0,"Wands",0,0,"ZauberstÃ¤be","é­”æ–",0,"Varitas","Varinhas",8323198,"Higher weapon skill increases your chance to hit.",0,0,"Eine erhÃ¶hte Waffenfertigkeit steigert Eure Trefferchance.","æ­¦å™¨æŠ€èƒ½è¶Šé«˜ï¼Œç”¨è¯¥æ­¦å™¨å‡»ä¸­æ•Œäººçš„å‡ ç‡å°±è¶Šé«˜ã€‚",0,"Mayor habilidad con armas aumenta tu probabilidad de golpear.","Maior habilidade com armas aumenta sua probabilidade de acertar.",4128894,"Frost"
" weapon skill increases your chance to hit.",6,0,"Polearms",0,0,"Stangenwaffen","é•¿æŸ„æ­¦å™¨",0,"Armas de Asta","Armas de Haste",8323198,"Higher weapon skill increases your chance to hit.",0,0,"Eine erhÃ¶hte Waffenfertigkeit steigert Eure Trefferchance.","æ­¦å™¨æŠ€èƒ½è¶Šé«˜ï¼Œç”¨è¯¥æ­¦å™¨å‡»ä¸­æ•Œäººçš„å‡ ç‡å°±è¶Šé«˜ã€‚",0,"Mayor habilidad con armas aumenta tu probabilidad de golpear.","Maior habilidade com armas aumenta sua probabilidade de acertar.",4128894,"Frost"
" skill increases your chance to hit.",7,0,"Pet - Scorpid",0,0,"Tier - Skorpid","å® ç‰© - èå­",0,"Mascota - EscÃ³rpido","Mascote - EscorpÃ­deo",4128894,"None",0,0,"","",0,"None","None",4128892,"Frost"
"skill increases your chance to hit.",7,0,"Arcane",0,0,"Arkan","å¥¥æœ¯",0,"Arcano","Arcano",4128894,"None",0,0,"","",0,"None","None",4128892,"hung"
"s your chance to hit.",7,0,"Pet - Turtle",0,0,"Tier - SchildkrÃ¶te","å® ç‰© - æµ·é¾Ÿ",0,"Mascota - Tortuga","Mascote - Tartaruga",8323198,"None",0,0,"","",0,"None","None",4128892,"Frost"
"your chance to hit.",7,0,"Assassination",0,0,"Meucheln","åˆºæ€",0,"Asesinato","Assassinato",8323198,"None",0,0,"","",0,"None","None",4128892," de acertar."
"r chance to hit.",7,0,"Fury",0,0,"Furor","ç‹‚æ€’",0,"Furia","FÃºria",4128894,"None",0,0,"","",0,"None","None",4128892,"os"
" chance to hit.",7,0,"Protection",0,0,"Schutz","é˜²æŠ¤",0,"ProtecciÃ³n","ProteÃ§Ã£o",4128894,"None",0,0,"","",0,"None","None",4128892,"e erhÃ¶hte Waffenfertigkeit steigert Eure Trefferchance."
"nce to hit.",7,0,"Beast Training",0,0,"Bestienausbildung","è®­ç»ƒé‡å…½",0,"Adiestramiento de Bestias","Treinamento de Feras",8323198,"None",0,0,"","",0,"None","None",4128892,"Frost"
" hit.",7,0,"Protection",0,0,"Schutz","é˜²æŠ¤",0,"ProtecciÃ³n","ProteÃ§Ã£o",4128894,"None",0,0,"","",0,"None","None",4128892,"enfertigkeit steigert Eure Trefferchance."
"t.",7,0,"Pet - Generic",0,0,"Tier - Allgemein","å® ç‰© - å¤©èµ‹",0,"Mascota - GenÃ©rica","Mascote - GenÃ©rico",4128894,"None",0,0,"","",0,"None","None",4128892,"Frost"
"fertigkeit steigert Eure Trefferchance.",8,0,"Plate Mail",0,0,"Plattenpanzer","æ¿ç”²",0,"Malla de Placas","Armadura de Placa",8323198,"Allows the wearing of plate armor.",0,0,"Erlaubt das Tragen von PlattenrÃ¼stungen.","ä½¿ä½ å¯ä»¥ç©¿æ¿ç”²ã€‚",0,"Permite usar armaduras de placas.","Permite usar armaduras de placa.",4128894,"Frost"
"Eure Trefferchance.",10,0,"Language: Gnomish",0,0,"Sprache: Gnomisch","è¯­è¨€ï¼šä¾å„’è¯­",0,"Idioma: GnÃ³mico","LÃ­ngua: GnÃ´mico",8323198,"None",0,0,"","",0,"None","None",4128892,"Frost"
"re Trefferchance.",10,0,"Language: Troll",0,0,"Sprache: Trollisch","è¯­è¨€ï¼šå·¨é­”è¯­",0,"Idioma: Troll","LÃ­ngua: Troll",8323198,"None",0,0,"","",0,"None","None",4128892,"Frost"
"æ­¦å™¨æŠ€èƒ½è¶Šé«˜ï¼Œç”¨è¯¥æ­¦å™¨å‡»ä¸­æ•Œäººçš„å‡ ç‡å°±è¶Šé«˜ã€‚",11,0,"Enchanting",0,0,"Verzauberkunst","é™„é­”",0,"Encantamiento","Encantamento",8323198,"Higher enchanting skill allows you to learn more powerful formulae.  Formulae can be found on trainers around the world as well as from quests and monsters.",0,0,"Eine hohe Verzauberungsfertigkeit ermÃ¶glicht es Euch mÃ¤chtigere Formeln zu benutzen. Verzauberungsformeln kÃ¶nnt Ihr bei Lehrern Ã¼berall in der Welt erwerben und auch bei toten Gegnern und beim Questen finden.","é«˜çº§çš„é™„é­”æŠ€èƒ½ä½¿ä½ å¯ä»¥å­¦ä¹ é«˜çº§çš„é™„é­”å…¬å¼ã€‚ä½ å¯ä»¥åœ¨è®­ç»ƒå¸ˆé‚£é‡Œå­¦ä¹ æ–°çš„å…¬å¼ï¼Œä¹Ÿå¯ä»¥é€šè¿‡å®Œæˆä»»åŠ¡æˆ–æ€æ­»æ€ªç‰©è·å¾—æ–°çš„å…¬å¼ã€‚",0,"Mayor habilidad en encantamiento te permite aprender fÃ³rmulas mÃ¡s poderosas. Las fÃ³rmulas se encuentran en instructores, misiones y monstruos.","Maior habilidade em encantamento permite aprender fÃ³rmulas mais poderosas. As fÃ³rmulas sÃ£o encontradas em instrutores, missÃµes e monstros.",4128894,"Frost"
"ç”¨è¯¥æ­¦å™¨å‡»ä¸­æ•Œäººçš„å‡ ç‡å°±è¶Šé«˜ã€‚",7,0,"Demonology",0,0,"DÃ¤monologie","æ¶é­”å­¦è¯†",0,"DemonologÃ­a","Demonologia",4128894,"None",0,0,"","",0,"None","None",4128892,"ampf"
"”¨è¯¥æ­¦å™¨å‡»ä¸­æ•Œäººçš„å‡ ç‡å°±è¶Šé«˜ã€‚",7,0,"Affliction",0,0,"Gebrechen","ç—›è‹¦",0,"AflicciÃ³n","AfliÃ§Ã£o",4128894,"None",0,0,"","",0,"None","None",4128892,""
"¨è¯¥æ­¦å™¨å‡»ä¸­æ•Œäººçš„å‡ ç‡å°±è¶Šé«˜ã€‚",9,0,"Fishing",0,0,"Angeln","é’“é±¼",0,"Pesca","Pesca",8323198,"Higher fishing skill increases your chance of catching fish in bodies of water around the world.  If you are having trouble catching fish in a given area, move to a lower level area or purchase a fishing lure and try again.",0,0,"Eine hohe Angelfertigkeit steigert Eure Chance Fische in einem GewÃ¤sser  zu fangen. Wenn Ihr in einem bestimmten Gebiet Probleme habt Fische zu angeln, versucht es in einem Gebiet mit einer niedrigeren Stufe oder benutzt einen FischkÃ¶der.","é«˜çº§çš„é’“é±¼æŠ€èƒ½ä½¿ä½ å¯ä»¥é’“åˆ°é«˜çº§çš„é±¼ã€‚å¦‚æœä½ åœ¨æŸä¸ªåŒºåŸŸé’“ä¸åˆ°é±¼ï¼Œè¯·åˆ°ä½ç­‰çº§åŒºåŸŸå»é’“é±¼ï¼Œæˆ–è€…è´­ä¹°é±¼é¥µå†æ¥å°è¯•ã€‚",0,"Mayor habilidad en pesca aumenta tu probabilidad de atrapar peces en cuerpos de agua. Si tienes problemas, ve a una zona de menor nivel o compra un seÃ±uelo e intÃ©ntalo de nuevo.","Maior habilidade em pesca aumenta sua probabilidade de pegar peixes em corpos d'Ã¡gua. Se estiver com dificuldades, vÃ¡ para uma Ã¡rea de nÃ­vel menor ou compre uma isca e tente novamente.",4128894,"Frost"
"•Œäººçš„å‡ ç‡å°±è¶Šé«˜ã€‚",7,0,"Enhancement",0,0,"VerstÃ¤rkung","å¢å¼º",0,"Mejora","Aprimoramento",4128894,"None",0,0,"","",0,"None","None",4128892,"cha"
"Œäººçš„å‡ ç‡å°±è¶Šé«˜ã€‚",7,0,"Restoration",0,0,"Wiederherstellung","æ¢å¤",0,"RestauraciÃ³n","RestauraÃ§Ã£o",4128894,"None",0,0,"","",0,"None","None",4128892,""
"äººçš„å‡ ç‡å°±è¶Šé«˜ã€‚",7,0,"Elemental Combat",0,0,"Elementarkampf","å…ƒç´ æˆ˜æ–—",0,"Combate Elemental","Combate Elemental",4128894,"None",0,0,"","",0,"None","None",4128892,"Waffen"
"é«˜ã€‚",11,0,"Skinning",0,0,"KÃ¼rschnerei","å‰¥çš®",0,"Desuello","Esfolamento",4128894,"Higher skinning skill allows you to skin hides from higher level monsters around the world.    Once your skill is above 100, you can divide your skill by 5 to determine the highest level of monster you can skin.",0,0,"Eine hohe KÃ¼rschnerfertigkeit ermÃ¶glicht es Euch hÃ¶herstufigere Monster zu hÃ¤uten. Sobald Euer Fertigkeitswert 100 Ã¼bersteigt ist die maximale Stufe der Monster, die Ihr HÃ¤uten kÃ¶nnt, Euer Fertigkeitswert geteilt durch 5.","é«˜çº§çš„å‰¥çš®æŠ€èƒ½ä½¿ä½ å¯ä»¥ä»é«˜çº§æ€ªç‰©èº«ä¸Šå‰¥å–æ¯›çš®ã€‚å¦‚æœä½ çš„å‰¥çš®æŠ€èƒ½å¤§äº100ï¼Œé‚£ä¹ˆä½ å¯å‰¥çš®çš„æ€ªç‰©çš„æœ€é«˜ç­‰çº§æ˜¯ä½ çš„å‰¥çš®æŠ€èƒ½ç‚¹æ•°é™¤ä»¥5ã€‚",0,"Mayor habilidad en desuello te permite desollar monstruos de mayor nivel. Con habilidad superior a 100, divÃ­dela entre 5 para saber el nivel mÃ¡ximo de monstruo que puedes desollar.","Maior habilidade em esfolamento permite esfolar monstros de nÃ­vel superior. Com habilidade acima de 100, divida por 5 para saber o nÃ­vel mÃ¡ximo de monstros que pode esfolar.",4128894,"Frost"
"ad con armas aumenta tu probabilidad de golpear.",8,0,"Mail",0,0,"Schwere RÃ¼stung","é”ç”²",0,"Malla","Malha",4128894,"Allows the wearing of mail armor.",0,0,"Erlaubt das Tragen von schweren RÃ¼stungen.","ä½¿ä½ å¯ä»¥ç©¿é”ç”²ã€‚",0,"Permite usar armaduras de malla.","Permite usar armaduras de malha.",4128894,"Frost"
"d con armas aumenta tu probabilidad de golpear.",8,0,"Leather",0,0,"Leder","çš®ç”²",0,"Cuero","Couro",4128894,"Allows the wearing of leather armor.",0,0,"Erlaubt das Tragen von LederrÃ¼stungen.","ä½¿ä½ å¯ä»¥ç©¿çš®ç”²ã€‚",0,"Permite usar armaduras de cuero.","Permite usar armaduras de couro.",4128894,"Frost"
" con armas aumenta tu probabilidad de golpear.",8,0,"Cloth",0,0,"Stoff","å¸ƒç”²",0,"PaÃ±o","Tecido",4128894,"Allows the wearing of cloth armor.",0,0,"Erlaubt das Tragen von StoffrÃ¼stungen.","ä½¿ä½ å¯ä»¥ç©¿å¸ƒç”²ã€‚",0,"Permite usar armaduras de tela.","Permite usar armaduras de tecido.",4128894,"Frost"
" tu probabilidad de golpear.",8,0,"Shield",0,0,"Schild","ç›¾ç‰Œ",0,"Escudo","Escudo",4128894,"Allows the use of shields.",0,0,"Erlaubt Euch die Benutzung von Schilden.","å­¦ä¼šä½¿ç”¨ç›¾ç‰Œã€‚",0,"Permite usar escudos.","Permite usar escudos.",4128894,"Frost"
"idade com armas aumenta sua probabilidade de acertar.",6,0,"Fist Weapons",0,0,"Faustwaffen","æ‹³å¥—",0,"Armas de PuÃ±o","Armas de Punho",4128894,"Allows for the use of fist weapons.  Chance to hit is determined by the Unarmed skill.",0,0,"ErmÃ¶glicht Euch die Verwendung von Faustwaffen. Die Trefferchance wird durch die Kampffertigkeit ""Unbewaffnetet"" bestimmt.","å­¦ä¼šä½¿ç”¨æ‹³å¥—ä½œæˆ˜ã€‚å‡»ä¸­æ•Œäººçš„å‡ ç‡å–å†³äºå¾’æ‰‹æˆ˜æ–—èƒ½åŠ›çš„ç†Ÿç»ƒç¨‹åº¦ã€‚",0,"Permite usar armas de puÃ±o. La probabilidad de golpear depende de la habilidad ""Sin armas"".","Permite usar armas de punho. A probabilidade de acerto depende da habilidade ""Sem armas"".",4128894,"Frost"
"„xte",9,0,"Raptor Riding",0,0,"Raptorreiten","éª‘æœ¯ï¼šè¿…çŒ›é¾™",0,"Cabalgar Raptor","Cavalgar Raptor",4128894,"None",0,0,"","",0,"None","None",4128892,"Frost"
"s",9,0,"Mechanostrider Piloting",0,0,"Roboschreiterlenken","éª‘æœ¯ï¼šæœºæ¢°é™†è¡Œé¸Ÿ",0,"Pilotaje de Mecazancudo","Pilotar Mecanostruz",4128894,"None",0,0,"","",0,"None","None",4128892,"Frost"
"",9,0,"Undead Horsemanship",0,0,"Untoten-Reitkunst","éª‘æœ¯ï¼šéª¸éª¨æˆ˜é©¬",0,"Adiestrador de Caballos No-muerto","EquitaÃ§Ã£o de Morto-vivo",4128894,"None",0,0,"","",0,"None","None",4128892,"Frost"
"n",7,0,"Restoration",0,0,"Wiederherstellung","æ¢å¤",0,"RestauraciÃ³n","RestauraÃ§Ã£o",4128894,"None",0,0,"","",0,"None","None",4128892,"ttenmagie"
"",7,0,"Balance",0,0,"Gleichgewicht","å¹³è¡¡",0,"Equilibrio","EquilÃ­brio",4128894,"None",0,0,"","",0,"None","None",4128892,"gher weapon skill increases your chance to hit."
"usswaffen",7,0,"Destruction",0,0,"ZerstÃ¶rung","æ¯ç­",0,"DestrucciÃ³n","DestruiÃ§Ã£o",4128894,"None",0,0,"","",0,"None","None",4128892,""
"sswaffen",7,0,"Holy",0,0,"Heilig","ç¥åœ£",0,"Sagrado","Sagrado",4128894,"None",0,0,"","",0,"None","None",4128892,"­¦å™¨"
"as de Fuego",7,0,"Discipline",0,0,"Disziplin","æˆ’å¾‹",0,"Disciplina","Disciplina",4128894,"None",0,0,"","",0,"None","None",4128892,"trÃ­a en Bestias"
" Fogo",7,0,"Lockpicking",0,0,"Schlossknacken","å¼€é”",0,"Forzar Cerraduras","Arrombamento",4128894,"None",0,0,"","",0,"None","None",4128892,"Frost"
"Tierherrschaft",7,0,"Pet - Bat",0,0,"Tier - Fledermaus","å® ç‰© - è™è ",0,"Mascota - MurciÃ©lago","Mascote - Morcego",4128894,"None",0,0,"","",0,"None","None",4128892,"Frost"
"ierherrschaft",7,0,"Pet - Hyena",0,0,"Tier - HyÃ¤ne","å® ç‰© - åœŸç‹¼",0,"Mascota - Hiena","Mascote - Hiena",4128894,"None",0,0,"","",0,"None","None",4128892,"Frost"
"erherrschaft",7,0,"Pet - Owl",0,0,"Tier - Eule","å® ç‰© - çŒ«å¤´é¹°",0,"Mascota - BÃºho","Mascote - Coruja",4128894,"None",0,0,"","",0,"None","None",4128892,"Frost"
"rherrschaft",7,0,"Pet - Wind Serpent",0,0,"Tier - Windnatter","å® ç‰© - é£è›‡",0,"Mascota - Serpiente de Viento","Mascote - Serpente do Vento",4128894,"None",0,0,"","",0,"None","None",4128892,"Frost"
"½æ§åˆ¶",10,0,"Language: Gutterspeak",0,0,"Sprache: Gossensprache","è¯­è¨€ï¼šäº¡çµè¯­",0,"Idioma: Argot","LÃ­ngua: Gritaria",4128894,"None",0,0,"","",0,"None","None",4128892,"Frost"
"Bestas",9,0,"Kodo Riding",0,0,"Kodoreiten","éª‘æœ¯ï¼šç§‘å¤šå…½",0,"Montar Kodo","Cavalgar Kodo",4128894,"None",0,0,"","",0,"None","None",4128892," Trefferchance."
"",9,0,"Racial - Troll",0,0,"Volk - Trolle","ç§æ—ç‰¹é•¿ - å·¨é­”",0,"Racial - Troll","Racial - Troll",4128894,"None",0,0,"","",0,"None","None",4128892,""
"€èƒ½",9,0,"Racial - Gnome",0,0,"Volk - Gnome","ç§æ—ç‰¹é•¿ - ä¾å„’",0,"Racial - Gnomo","Racial - Gnomo",4128894,"None",0,0,"","",0,"None","None",4128892,""
"èƒ½",9,0,"Racial - Human",0,0,"Volk - Menschen","ç§æ—ç‰¹é•¿ - äººç±»",0,"Racial - Humano","Racial - Humano",4128894,"None",0,0,"","",0,"None","None",4128892,""
"ƒ½",11,0,"Jewelcrafting",0,0,"Juwelenschleifen","ç å®åŠ å·¥ ",0,"JoyerÃ­a","Joalheria",8323198,"Higher jewelcrafting skill allows you to learn higher level jewelcrafting plans. Jewelcrafting plans can be found on trainers around the world as well as from quests and monsters.",0,0,"Mit hÃ¶herer Juwelierskunst kÃ¶nnt Ihr fortgeschrittene JuweliersplÃ¤ne erlernen. JuweliersplÃ¤ne findet Ihr bei Lehrern in der ganzen Welt sowie als Belohnung von Quests und bei bestimmten Gegnern.","é«˜çº§çš„ç å®åŠ å·¥æŠ€èƒ½ä½¿ä½ å¯ä»¥å­¦ä¹ é«˜çº§çš„ç å®åŠ å·¥å›¾é‰´ã€‚ä½ å¯ä»¥åœ¨è®­ç»ƒå¸ˆé‚£é‡Œå­¦ä¹ æ–°çš„å›¾é‰´ï¼Œä¹Ÿå¯ä»¥é€šè¿‡å®Œæˆä»»åŠ¡æˆ–æ€æ­»æ€ªç‰©è·å¾—æ–°çš„å›¾é‰´ã€‚",0,"Mayor habilidad en joyerÃ­a te permite aprender diseÃ±os de joyerÃ­a de nivel superior. Los diseÃ±os se encuentran en instructores, misiones y monstruos.","Maior habilidade em joalheria permite aprender designs de joalheria de nÃ­vel superior. Os designs sÃ£o encontrados em instrutores, missÃµes e monstros.",4128894,"Frost"
"½",9,0,"Racial - Elf",0,0,"Volk - Elfen","ç§æ—-ç²¾çµ",0,"Racial - Elfo","Racial - Elfo",4128894,"",0,0,"","",0,"","",4128892,""
"Supervivencia",4294967295,0,"Pet - Event - Remote Control",0,0,"Tier  - Ereignis Ferngesteuert","å® ç‰©-æ´»åŠ¨-é¥æ§å™¨",0,"Mascota - Evento - Control Remoto","Mascote - Evento - Controle Remoto",4128894,"",0,0,"","",0,"","",4128844,""
"rvivencia",9,0,"Riding",0,0,"Reiten","éª‘æœ¯",0,"Montar","Cavalgando",4128894,"",0,0,"","",0,"","",4128844,"ur chance to hit."
"es",9,0,"Racial - Goblin",0,0,"Volk - Goblins","ç§æ—-åœ°ç²¾ ",0,"Racial - Goblin","Racial - Goblin",4128894,"",0,0,"","",0,"","",4128892,""
"",10,0,"Language: Goblin",0,0,"Sprache: Goblisch","è¯­è¨€ï¼šåœ°ç²¾è¯­ ",0,"Idioma: Goblin","LÃ­ngua: Goblin",8323198,"",0,0,"","",0,"","",4128892,"Frost"
"",7,0,"ZzCompanions",0,0,"ZzCompanions","å°ä¼™ä¼´",0,"ZzCompaÃ±eros","ZzCompanheiros",4128894,"",0,0,"","",0,"","",4128844,""
"Magia das Sombras",7,0,"ZMounts",0,0,"ZMounts","åéª‘",0,"ZMonturas","ZMontarias",4128894,"",0,0,"","",0,"","",4128844,"eidigungsfertigkeit senkt die Chance des Gegners Euch im Kampf zu treffen und verringert die Wahrscheinlichkeit durch einen kritischen Treffer verletzt zu werden."
"agia das Sombras",7,0,"ZzzGlyphs",0,0,"ZzzGlyphs","é“­æ–‡",0,"ZzzzGlifos","ZzzGlifos",4128894,"",0,0,"","",0,"","",4128844,"Racial Tauren"
"gia das Sombras",7,0,"ZzzzToys",0,0,"ZzzzToys","ç©å…·",0,"ZzzzJuguetes","ZzzzBrinquedos",4128894,"",0,0,"","",0,"","",4128844,"nvolk"
"ia das Sombras",7,0,"Pet - Serpent",0,0,"Tier - Schlange","å® ç‰© - è›‡",0,"Mascota - Serpiente","Mascote - Serpente",4128894,"",0,0,"","",0,"","",4128892,"Frost"
"a das Sombras",7,0,"Pet - Fox",0,0,"Tier - Fuchs","å® ç‰© - ç‹ç‹¸",0,"Mascota - Zorro","Mascote - Raposa",4128894,"",0,0,"","",0,"","",4128892,"Frost"
