# fields=2 strings=0,1
"Interface\Icons\Temp","Interface\Icons\Temp"
"e\Icons\Temp","Interface\Icons\Spell_Shadow_BlackPlague"
"\Icons\Temp","Interface\Icons\Spell_Nature_NaturesBlessing"
"Icons\Temp","Interface\Icons\Spell_Fire_Fire"
"cons\Temp","Interface\Icons\Spell_Fire_Fireball"
"ons\Temp","Interface\Icons\Spell_Nature_MagicImmunity"
"ns\Temp","Interface\Icons\Spell_Frost_Frost"
"s\Temp","Interface\Icons\Spell_Frost_Stun"
"\Temp","Interface\Icons\Spell_Fire_FireArmor"
"Temp","Interface\Icons\Spell_Frost_IceShock"
"emp","Interface\Icons\Spell_Fire_FireBolt"
"mp","Interface\Icons\Spell_Nature_LightningShield"
"p","Interface\Icons\Spell_Nature_StrangleVines"
"","Interface\Icons\Spell_Nature_FarSight"
"Interface\Icons\Spell_Shadow_BlackPlague","Interface\Icons\Spell_Shadow_ShadeTrueSight"
"nterface\Icons\Spell_Shadow_BlackPlague","Interface\Icons\Ability_ShockWave"
"terface\Icons\Spell_Shadow_BlackPlague","Interface\Icons\Spell_Nature_Reincarnation"
"erface\Icons\Spell_Shadow_BlackPlague","Interface\Icons\Ability_ThunderBolt"
"rface\Icons\Spell_Shadow_BlackPlague","Interface\Icons\Ability_MeleeDamage"
"face\Icons\Spell_Shadow_BlackPlague","Interface\Icons\Spell_Nature_Slow"
"ace\Icons\Spell_Shadow_BlackPlague","Interface\Icons\Ability_Defend"
"ce\Icons\Spell_Shadow_BlackPlague","Interface\Icons\Ability_Seal"
"e\Icons\Spell_Shadow_BlackPlague","Interface\Icons\Spell_Nature_Invisibilty"
"\Icons\Spell_Shadow_BlackPlague","Interface\Icons\Spell_Fire_Immolation"
"Icons\Spell_Shadow_BlackPlague","Interface\Icons\Spell_Ice_Lament"
"cons\Spell_Shadow_BlackPlague","Interface\Icons\Spell_Fire_SealOfFire"
"ons\Spell_Shadow_BlackPlague","Interface\Icons\Spell_Fire_FlameBlades"
"ns\Spell_Shadow_BlackPlague","Interface\Icons\Spell_Frost_Glacier"
"s\Spell_Shadow_BlackPlague","Interface\Icons\Spell_Frost_ManaRecharge"
"\Spell_Shadow_BlackPlague","Interface\Icons\Spell_Fire_SelfDestruct"
"Spell_Shadow_BlackPlague","Interface\Icons\Spell_Nature_BloodLust"
"pell_Shadow_BlackPlague","Interface\Icons\Spell_Nature_NatureTouchGrow"
"ell_Shadow_BlackPlague","Interface\Icons\Spell_Nature_NatureTouchDecay"
"ll_Shadow_BlackPlague","Interface\Icons\Spell_Nature_DryadDispelMagic"
"l_Shadow_BlackPlague","Interface\Icons\Ability_ThunderClap"
"_Shadow_BlackPlague","Interface\Icons\Ability_Temp"
"Shadow_BlackPlague","Interface\Icons\Spell_Nature_Sleep"
"hadow_BlackPlague","Interface\Icons\Spell_Fire_MeteorStorm"
"adow_BlackPlague","Interface\Icons\Spell_Nature_MoonGlow"
"dow_BlackPlague","Interface\Icons\Spell_Nature_Purge"
"ow_BlackPlague","Interface\Icons\Spell_Shadow_MindSteal"
"w_BlackPlague","Interface\Icons\Ability_EyeOfTheOwl"
"_BlackPlague","Interface\Icons\Ability_BullRush"
"BlackPlague","Interface\Icons\Spell_Holy_InnerFire"
"lackPlague","Interface\Icons\Spell_Holy_Devotion"
"ackPlague","Interface\Icons\Spell_Nature_Thorns"
"ckPlague","Interface\Icons\Spell_Nature_Brilliance"
"kPlague","Interface\Icons\Spell_Shadow_ChillTouch"
"Plague","Interface\Icons\Spell_Frost_FreezingBreath"
"lague","Interface\Icons\Spell_Fire_EnchantWeapon"
"ague","Interface\Icons\Spell_Nature_TimeStop"
"gue","Interface\Icons\Spell_Misc_Food"
"ue","Interface\Icons\Spell_Misc_Drink"
"e","Interface\Icons\Spell_Shadow_RaiseDead"
"","Interface\Icons\Spell_Nature_Lightning"
"Interface\Icons\Spell_Nature_NaturesBlessing","Interface\Icons\Spell_Nature_Strength"
"nterface\Icons\Spell_Nature_NaturesBlessing","Interface\Icons\Spell_Nature_Rejuvenation"
"terface\Icons\Spell_Nature_NaturesBlessing","Interface\Icons\Spell_Nature_NullWard"
"erface\Icons\Spell_Nature_NaturesBlessing","Interface\Icons\Spell_Nature_Earthquake"
"rface\Icons\Spell_Nature_NaturesBlessing","Interface\Icons\Spell_Nature_SpiritWolf"
"face\Icons\Spell_Nature_NaturesBlessing","Interface\Icons\Spell_Nature_CorrosiveBreath"
"ace\Icons\Spell_Nature_NaturesBlessing","Interface\Icons\Ability_Ensnare"
"ce\Icons\Spell_Nature_NaturesBlessing","Interface\Icons\Spell_Holy_HolyBolt"
"e\Icons\Spell_Nature_NaturesBlessing","Interface\Icons\Spell_Shadow_Charm"
"\Icons\Spell_Nature_NaturesBlessing","Interface\Icons\Spell_Nature_GuardianWard"
"Icons\Spell_Nature_NaturesBlessing","Interface\Icons\Spell_Holy_Restoration"
"cons\Spell_Nature_NaturesBlessing","Interface\Icons\Spell_Holy_DispelMagic"
"ons\Spell_Nature_NaturesBlessing","Interface\Icons\Spell_Shadow_SpectralSight"
"ns\Spell_Nature_NaturesBlessing","Interface\Icons\Spell_Shadow_FingerOfDeath"
"s\Spell_Nature_NaturesBlessing","Interface\Icons\Spell_Shadow_MindRot"
"\Spell_Nature_NaturesBlessing","Interface\Icons\Spell_Holy_Invulnerable"
"Spell_Nature_NaturesBlessing","Interface\Icons\Spell_Holy_LayOnHands"
"pell_Nature_NaturesBlessing","Interface\Icons\Spell_Holy_SealOfValor"
"ell_Nature_NaturesBlessing","Interface\Icons\Spell_Holy_DivineIntervention"
"ll_Nature_NaturesBlessing","Interface\Icons\Spell_Nature_Polymorph"
"l_Nature_NaturesBlessing","Interface\Icons\Ability_Whirlwind"
"_Nature_NaturesBlessing","Interface\Icons\Ability_Racial_Avatar"
"Nature_NaturesBlessing","Interface\Icons\Ability_UpgradeMoonGlaive"
"ature_NaturesBlessing","Interface\Icons\Ability_Racial_BloodRage"
"ture_NaturesBlessing","Interface\Icons\Spell_Shadow_Teleport"
"ure_NaturesBlessing","Interface\Icons\Spell_Shadow_DeathCoil"
"re_NaturesBlessing","Interface\Icons\Spell_Shadow_RagingScream"
"e_NaturesBlessing","Interface\Icons\Spell_Shadow_Metamorphosis"
"_NaturesBlessing","Interface\Icons\Spell_Shadow_AuraOfDarkness"
"NaturesBlessing","Interface\Icons\Spell_Shadow_SoulGem"
"aturesBlessing","Interface\Icons\Spell_Shadow_UnholyStrength"
"turesBlessing","Interface\Icons\Spell_Frost_SummonWaterElemental"
"uresBlessing","Interface\Icons\Spell_Shadow_UnholyFrenzy"
"resBlessing","Interface\Icons\Spell_Shadow_Cripple"
"esBlessing","Interface\Icons\Spell_Shadow_PlagueCloud"
"sBlessing","Interface\Icons\Spell_Shadow_Possession"
"Blessing","Interface\Icons\Spell_Shadow_AntiMagicShell"
"lessing","Interface\Icons\Spell_Nature_Tranquility"
"essing","Interface\Icons\Spell_Frost_WindWalkOn"
"ssing","Interface\Icons\Ability_Smash"
"sing","Interface\Icons\Ability_Ambush"
"ing","Interface\Icons\Spell_Holy_Heal"
"ng","Interface\Icons\Ability_SearingArrow"
"g","Interface\Icons\Spell_Nature_MoonKey"
"","Interface\Icons\Ability_Racial_BearForm"
"Interface\Icons\Spell_Fire_Fire","Interface\Icons\Ability_GhoulFrenzy"
"nterface\Icons\Spell_Fire_Fire","Interface\Icons\Spell_Nature_FaerieFire"
"terface\Icons\Spell_Fire_Fire","Interface\Icons\Spell_Nature_SlowPoison"
"erface\Icons\Spell_Fire_Fire","Interface\Icons\Spell_Nature_ForceOfNature"
"rface\Icons\Spell_Fire_Fire","Interface\Icons\Spell_Nature_RavenForm"
"face\Icons\Spell_Fire_Fire","Interface\Icons\Spell_Shadow_Haunting"
"ace\Icons\Spell_Fire_Fire","Interface\Icons\Spell_Shadow_ShadowPact"
"ce\Icons\Spell_Fire_Fire","Interface\Icons\Spell_Nature_Swiftness"
"e\Icons\Spell_Fire_Fire","Interface\Icons\Spell_Shadow_CarrionSwarm"
"\Icons\Spell_Fire_Fire","Interface\Icons\Spell_Nature_WispHeal"
"Icons\Spell_Fire_Fire","Interface\Icons\Spell_Shadow_DeathAndDecay"
"cons\Spell_Fire_Fire","Interface\Icons\Spell_Frost_FrostArmor"
"ons\Spell_Fire_Fire","Interface\Icons\Spell_Totem_WardOfDraining"
"ns\Spell_Fire_Fire","Interface\Icons\Spell_Holy_Resurrection"
"s\Spell_Fire_Fire","Interface\Icons\Spell_Nature_WispSplode"
"\Spell_Fire_Fire","Interface\Icons\Spell_Nature_Regeneration"
"Spell_Fire_Fire","Interface\Icons\Spell_Nature_ResistMagic"
"pell_Fire_Fire","Interface\Icons\Spell_Holy_MagicalSentry"
"ell_Fire_Fire","Interface\Icons\Ability_Marksmanship"
"ll_Fire_Fire","Interface\Icons\Ability_TheBlackArrow"
"l_Fire_Fire","Interface\Icons\Ability_TrueShot"
"_Fire_Fire","Interface\Icons\Ability_WarStomp"
"Fire_Fire","Interface\Icons\Spell_Shadow_RitualOfSacrifice"
"ire_Fire","Interface\Icons\Ability_Racial_ShadowMeld"
"re_Fire","Interface\Icons\Ability_GolemStormBolt"
"e_Fire","Interface\Icons\Spell_Frost_WizardMark"
"_Fire","Interface\Icons\Spell_Shadow_DeathScream"
"Fire","Interface\Icons\Spell_Shadow_EvilEye"
"ire","Interface\Icons\Spell_Fire_Flare"
"re","Interface\Icons\Spell_Shadow_MindBomb"
"e","Interface\Icons\Ability_CriticalStrike"
"","Interface\Icons\Spell_Nature_EnchantArmor"
"Interface\Icons\Spell_Fire_Fireball","Interface\Icons\Spell_Shadow_SealOfKings"
"nterface\Icons\Spell_Fire_Fireball","Interface\Icons\Spell_Nature_CallStorm"
"terface\Icons\Spell_Fire_Fireball","Interface\Icons\Spell_Frost_IceClaw"
"erface\Icons\Spell_Fire_Fireball","Interface\Icons\Spell_Frost_Wisp"
"rface\Icons\Spell_Fire_Fireball","Interface\Icons\Frostbolt_test"
"face\Icons\Spell_Fire_Fireball","Interface\Icons\Spell_Frost_ManaBurn"
"ace\Icons\Spell_Fire_Fireball","Interface\Icons\Ability_Racial_Cannibalize"
"ce\Icons\Spell_Fire_Fireball","Interface\Icons\Spell_Shadow_VampiricAura"
"e\Icons\Spell_Fire_Fireball","Interface\Icons\Ability_GolemThunderClap"
"\Icons\Spell_Fire_Fireball","Interface\Icons\Spell_Nature_Regenerate"
"Icons\Spell_Fire_Fireball","Interface\Icons\Spell_Shadow_UnsummonBuilding"
"cons\Spell_Fire_Fireball","Interface\Icons\Ability_SteelMelee"
"ons\Spell_Fire_Fireball","Interface\Icons\Spell_Shadow_Requiem"
"ns\Spell_Fire_Fireball","Interface\Icons\Spell_Shadow_LifeDrain"
"s\Spell_Fire_Fireball","Interface\Icons\Spell_Shadow_DarkRitual"
"\Spell_Fire_Fireball","Interface\Icons\Spell_Nature_Drowsy"
"Spell_Fire_Fireball","Interface\Icons\Spell_Holy_SearingLight"
"pell_Fire_Fireball","Interface\Icons\Ability_Hibernation"
"ell_Fire_Fireball","Interface\Icons\Spell_Holy_Excorcism"
"ll_Fire_Fireball","Interface\Icons\Spell_Holy_Retribution"
"l_Fire_Fireball","Interface\Icons\Spell_Shadow_CorpseExplode"
"_Fire_Fireball","Interface\Icons\Ability_TownWatch"
"Fire_Fireball","Interface\Icons\Ability_Repair"
"ire_Fireball","Interface\Icons\Ability_PoisonSting"
"re_Fireball","Interface\Icons\Spell_Shadow_Twilight"
"e_Fireball","Interface\Icons\Spell_Nature_ChainLightning"
"_Fireball","Interface\Icons\Ability_Devour"
"Fireball","Interface\Icons\Spell_Holy_Dizzy"
"ireball","Interface\Icons\Spell_Nature_NaturesWrath"
"reball","Interface\Icons\Spell_Shadow_DeathPact"
"eball","Interface\Icons\Spell_Shadow_DarkSummoning"
"ball","Interface\Icons\Ability_Spy"
"all","Interface\Icons\Spell_Ice_MagicDamage"
"ll","Interface\Icons\Spell_Shadow_GatherShadows"
"l","Interface\Icons\Spell_Nature_EarthBind"
"","Interface\Icons\Spell_Shadow_GhostKey"
"Interface\Icons\Spell_Nature_MagicImmunity","Interface\Icons\Spell_Frost_Frostbolt"
"nterface\Icons\Spell_Nature_MagicImmunity","Interface\Icons\Spell_Holy_AshesToAshes"
"terface\Icons\Spell_Nature_MagicImmunity","Interface\Icons\Spell_Shadow_ShadowWard"
"erface\Icons\Spell_Nature_MagicImmunity","Interface\Icons\Ability_Tracking"
"rface\Icons\Spell_Nature_MagicImmunity","Interface\Icons\Spell_Frost_ChainsOfIce"
"face\Icons\Spell_Nature_MagicImmunity","Interface\Icons\Spell_Frost_FrostArmor02"
"ace\Icons\Spell_Nature_MagicImmunity","Interface\Icons\Spell_Frost_ChillingArmor"
"ce\Icons\Spell_Nature_MagicImmunity","Interface\Icons\Spell_Fire_FireBolt02"
"e\Icons\Spell_Nature_MagicImmunity","Interface\Icons\Spell_Fire_Fireball02"
"\Icons\Spell_Nature_MagicImmunity","Interface\Icons\Spell_Fire_FlameBolt"
"Icons\Spell_Nature_MagicImmunity","Interface\Icons\Spell_Frost_FrostBlast"
"cons\Spell_Nature_MagicImmunity","Interface\Icons\Spell_Frost_ChillingBlast"
"ons\Spell_Nature_MagicImmunity","Interface\Icons\Spell_Frost_FrostBolt02"
"ns\Spell_Nature_MagicImmunity","Interface\Icons\Spell_Frost_ChillingBolt"
"s\Spell_Nature_MagicImmunity","Interface\Icons\Spell_Misc_Food_08"
"\Spell_Nature_MagicImmunity","Interface\Icons\Spell_Misc_ConjureManaJewel"
"Spell_Nature_MagicImmunity","Interface\Icons\Spell_Fire_SunKey"
"pell_Nature_MagicImmunity","Interface\Icons\Spell_Frost_FrostNova"
"ell_Nature_MagicImmunity","Interface\Icons\Spell_Nature_NullifyPoison"
"ll_Nature_MagicImmunity","Interface\Icons\Spell_Nature_RemoveCurse"
"l_Nature_MagicImmunity","Interface\Icons\Spell_Nature_RemoveDisease"
"_Nature_MagicImmunity","Interface\Icons\Spell_Nature_ResistNature"
"Nature_MagicImmunity","Interface\Icons\Spell_Nature_SpiritArmor"
"ature_MagicImmunity","Interface\Icons\Spell_Nature_ThunderClap"
"ture_MagicImmunity","Interface\Icons\Spell_Nature_UndyingStrength"
"ure_MagicImmunity","Interface\Icons\Ability_Physical_Taunt"
"re_MagicImmunity","Interface\Icons\Racial_Dwarf_FindTreasure"
"e_MagicImmunity","Interface\Icons\Spell_Holy_HarmUndeadAura"
"_MagicImmunity","Interface\Icons\Spell_Holy_RetributionAura"
"MagicImmunity","Interface\Icons\Spell_Holy_RighteousFury"
"agicImmunity","Interface\Icons\Spell_Holy_RighteousnessAura"
"gicImmunity","Interface\Icons\Spell_Shadow_AntiShadow"
"icImmunity","Interface\Icons\Spell_Shadow_BurningSpirit"
"cImmunity","Interface\Icons\Spell_Shadow_DetectLesserInvisibility"
"Immunity","Interface\Icons\Spell_Shadow_DetectInvisibility"
"mmunity","Interface\Icons\Spell_Shadow_ImpPhaseShift"
"munity","Interface\Icons\Spell_Shadow_ManaBurn"
"unity","Interface\Icons\Spell_Shadow_ShadowBolt"
"nity","Interface\Icons\Spell_Shadow_SummonFelHunter"
"ity","Interface\Icons\Spell_Shadow_SummonImp"
"ty","Interface\Icons\Spell_Shadow_SummonSuccubus"
"y","Interface\Icons\Spell_Shadow_SummonVoidWalker"
"","Interface\Icons\Ability_ImpalingBolt"
"Interface\Icons\Spell_Frost_Frost","Interface\Icons\Ability_PierceDamage"
"nterface\Icons\Spell_Frost_Frost","Interface\Icons\Spell_Nature_Cyclone"
"terface\Icons\Spell_Frost_Frost","Interface\Icons\Spell_Shadow_AnimateDead"
"erface\Icons\Spell_Frost_Frost","Interface\Icons\Spell_Shadow_NightOfTheDead"
"rface\Icons\Spell_Frost_Frost","Interface\Icons\Spell_Orc_Omniscience"
"face\Icons\Spell_Frost_Frost","Spells\Icon\Spell_Fire_Fire"
"ace\Icons\Spell_Frost_Frost","Interface\Icons\Spell_Nature_StarFall"
"ce\Icons\Spell_Frost_Frost","Interface\Icons\INV_Potion_19"
"e\Icons\Spell_Frost_Frost","Interface\Icons\INV_Misc_Bag_11"
"\Icons\Spell_Frost_Frost","Interface\Icons\Spell_Shadow_GrimWard"
"Icons\Spell_Frost_Frost","Interface\Icons\Spell_Nature_MirrorImage"
"cons\Spell_Frost_Frost","Interface\Icons\INV_Boots_03"
"ons\Spell_Frost_Frost","Interface\Icons\INV_Misc_Food_24"
"ns\Spell_Frost_Frost","Interface\Icons\Spell_Holy_Silence"
"s\Spell_Frost_Frost","Interface\Icons\Spell_Shadow_Fumble"
"\Spell_Frost_Frost","Interface\Icons\Spell_Shadow_ShadowWordPain"
"Spell_Frost_Frost","Interface\Icons\Spell_Shadow_ShadowWordDominate"
"pell_Frost_Frost","Interface\Icons\Spell_Holy_RemoveCurse"
"ell_Frost_Frost","Interface\Icons\Spell_Holy_HolySmite"
"ll_Frost_Frost","Interface\Icons\Spell_Holy_BlessingOfStamina"
"l_Frost_Frost","Interface\Icons\Spell_Holy_BlessingOfStrength"
"_Frost_Frost","Interface\Icons\Spell_Holy_BlessingOfAgility"
"Frost_Frost","Interface\Icons\Spell_Holy_GreaterHeal"
"rost_Frost","Interface\Icons\Spell_Holy_FlashHeal"
"ost_Frost","Interface\Icons\Ability_BackStab"
"st_Frost","Interface\Icons\Ability_CheapShot"
"t_Frost","Interface\Icons\Ability_Gouge"
"_Frost","Interface\Icons\Ability_Kick"
"Frost","Interface\Icons\Ability_Poisons"
"rost","Interface\Icons\INV_Potion_12"
"ost","Interface\Icons\Ability_Sap"
"st","Interface\Icons\Ability_Stealth"
"t","Interface\Icons\Ability_Throw"
"","Interface\Icons\Ability_Vanish"
"Interface\Icons\Spell_Frost_Stun","Interface\Icons\Ability_Hunter_AimedShot"
"nterface\Icons\Spell_Frost_Stun","Interface\Icons\Ability_Hunter_BeastSooth"
"terface\Icons\Spell_Frost_Stun","Interface\Icons\Ability_Hunter_BeastTaming"
"erface\Icons\Spell_Frost_Stun","Interface\Icons\Ability_Hunter_CriticalShot"
"rface\Icons\Spell_Frost_Stun","Interface\Icons\Ability_Hunter_SwiftStrike"
"face\Icons\Spell_Frost_Stun","Interface\Icons\INV_Misc_Food_08"
"ace\Icons\Spell_Frost_Stun","Interface\Icons\INV_Misc_Food_12"
"ce\Icons\Spell_Frost_Stun","Interface\Icons\INV_Misc_Food_11"
"e\Icons\Spell_Frost_Stun","Interface\Icons\Ability_Druid_Maul"
"\Icons\Spell_Frost_Stun","Interface\Icons\Ability_Druid_Rake"
"Icons\Spell_Frost_Stun","Interface\Icons\Spell_Nature_AbolishMagic"
"cons\Spell_Frost_Stun","Interface\Icons\Spell_Nature_NullifyDisease"
"ons\Spell_Frost_Stun","Interface\Icons\Spell_Nature_NullifyPoison_02"
"ns\Spell_Frost_Stun","Interface\Icons\Spell_Nature_ProtectionformNature"
"s\Spell_Frost_Stun","Interface\Icons\Ability_Hunter_MendPet"
"\Spell_Frost_Stun","Interface\Icons\INV_Misc_Ale_01"
"Spell_Frost_Stun","Interface\Icons\INV_Weapon_Crossbow_01"
"pell_Frost_Stun","Interface\Icons\INV_Ore_Tin_01"
"ell_Frost_Stun","Interface\Icons\INV_Misc_Birdbeck_02"
"ll_Frost_Stun","Interface\Icons\Spell_Nature_Web"
"l_Frost_Stun","Interface\Icons\INV_Misc_EmptyFlask_01"
"_Frost_Stun","Interface\Icons\INV_Musket_03"
"Frost_Stun","Interface\Icons\INV_Musket_04"
"rost_Stun","Interface\Icons\Ability_Warrior_DefensiveStance"
"ost_Stun","Interface\Icons\Ability_Warrior_Cleave"
"st_Stun","Interface\Icons\Ability_Warrior_Challange"
"t_Stun","Interface\Icons\Ability_Warrior_OffensiveStance"
"_Stun","Interface\Icons\Ability_Warrior_ShieldBash"
"Stun","Interface\Icons\Ability_Warrior_ShieldWall"
"tun","Interface\Icons\Ability_Warrior_WarCry"
"un","Interface\Icons\INV_Misc_Gem_Stone_01"
"n","Interface\Icons\INV_Stone_04"
"","Interface\Icons\Spell_Frost_IceStorm"
"Interface\Icons\Spell_Fire_FireArmor","Interface\Icons\INV_Staff_08"
"nterface\Icons\Spell_Fire_FireArmor","Interface\Icons\INV_Misc_Orb_03"
"terface\Icons\Spell_Fire_FireArmor","Interface\Icons\INV_Ammo_Arrow_02"
"erface\Icons\Spell_Fire_FireArmor","Interface\Icons\INV_Misc_Bowl_01"
"rface\Icons\Spell_Fire_FireArmor","Interface\Icons\INV_ThrowingKnife_03"
"face\Icons\Spell_Fire_FireArmor","Interface\Icons\Spell_Holy_DevotionAura"
"ace\Icons\Spell_Fire_FireArmor","Interface\Icons\Spell_Holy_Excorcism_02"
"ce\Icons\Spell_Fire_FireArmor","Interface\Icons\INV_Misc_Head_Tiger_01"
"e\Icons\Spell_Fire_FireArmor","Interface\Icons\INV_Wand_01"
"\Icons\Spell_Fire_FireArmor","Interface\Icons\INV_Wand_02"
"Icons\Spell_Fire_FireArmor","Interface\Icons\INV_Staff_03"
"cons\Spell_Fire_FireArmor","Interface\Icons\INV_Chest_Plate02"
"ons\Spell_Fire_FireArmor","Interface\Icons\Spell_Holy_FistOfJustice"
"ns\Spell_Fire_FireArmor","Interface\Icons\Spell_Holy_HealingAura"
"s\Spell_Fire_FireArmor","Interface\Icons\Spell_Holy_Purify"
"\Spell_Fire_FireArmor","Interface\Icons\Spell_Holy_SealOfFury"
"Spell_Fire_FireArmor","Interface\Icons\Spell_Holy_SealOfMight"
"pell_Fire_FireArmor","Interface\Icons\Spell_Holy_SealOfProtection"
"ell_Fire_FireArmor","Interface\Icons\Spell_Holy_SealOfRighteousness"
"ll_Fire_FireArmor","Interface\Icons\Spell_Holy_SealOfSalvation"
"l_Fire_FireArmor","Interface\Icons\Spell_Holy_SealOfWisdom"
"_Fire_FireArmor","Interface\Icons\Spell_Holy_SealOfWrath"
"Fire_FireArmor","Interface\Icons\Spell_Holy_SenseUndead"
"ire_FireArmor","Interface\Icons\Spell_Holy_TurnUndead"
"re_FireArmor","Interface\Icons\Spell_Nature_Sentinal"
"e_FireArmor","Interface\Icons\INV_Misc_MonsterFang_01"
"_FireArmor","Interface\Icons\Spell_Nature_UnyeildingStamina"
"FireArmor","Interface\Icons\Spell_Shadow_AbominationExplosion"
"ireArmor","Interface\Icons\INV_Gauntlets_05"
"reArmor","Interface\Icons\INV_Jewelry_Talisman_01"
"eArmor","Interface\Icons\Spell_Holy_PrayerOfHealing"
"Armor","Interface\Icons\Spell_Magic_PolymorphPig"
"rmor","Interface\Icons\Spell_Magic_PolymorphChicken"
"mor","Interface\Icons\INV_Scroll_02"
"or","Interface\Icons\Spell_Lightning_LightningBolt01"
"r","Interface\Icons\Spell_Holy_Renew"
"","Interface\Icons\INV_Mace_12"
"Interface\Icons\Spell_Frost_IceShock","Interface\Icons\INV_Misc_LeatherScrap_08"
"nterface\Icons\Spell_Frost_IceShock","Interface\Icons\INV_Fabric_Silk_02"
"terface\Icons\Spell_Frost_IceShock","Interface\Icons\INV_Misc_Wrench_02"
"erface\Icons\Spell_Frost_IceShock","Interface\Icons\INV_Misc_ArmorKit_17"
"rface\Icons\Spell_Frost_IceShock","Interface\Icons\INV_Potion_14"
"face\Icons\Spell_Frost_IceShock","Interface\Icons\INV_Axe_04"
"ace\Icons\Spell_Frost_IceShock","Interface\Icons\Spell_Holy_HolyProtection"
"ce\Icons\Spell_Frost_IceShock","Interface\Icons\Spell_Holy_NullifyDisease"
"e\Icons\Spell_Frost_IceShock","Interface\Icons\Spell_Magic_LesserInvisibilty"
"\Icons\Spell_Frost_IceShock","Interface\Icons\Spell_Magic_MageArmor"
"Icons\Spell_Frost_IceShock","Interface\Icons\Trade_Engineering"
"cons\Spell_Frost_IceShock","Interface\Icons\Spell_Nature_AgitatingTotem"
"ons\Spell_Frost_IceShock","Interface\Icons\Trade_BlackSmithing"
"ns\Spell_Frost_IceShock","Interface\Icons\Trade_Mining"
"s\Spell_Frost_IceShock","Interface\Icons\Spell_Nature_InvisibilityTotem"
"\Spell_Frost_IceShock","Interface\Icons\Spell_Nature_ManaRegenTotem"
"Spell_Frost_IceShock","Interface\Icons\Trade_Alchemy"
"pell_Frost_IceShock","Interface\Icons\Spell_Nature_SlowingTotem"
"ell_Frost_IceShock","Interface\Icons\Trade_Tailoring"
"ll_Frost_IceShock","Interface\Icons\Trade_BrewPoison"
"l_Frost_IceShock","Interface\Icons\INV_Misc_Key_04"
"_Frost_IceShock","Interface\Icons\INV_Misc_Gem_Sapphire_01"
"Frost_IceShock","Interface\Icons\Trade_Herbalism"
"rost_IceShock","Interface\Icons\Trade_LeatherWorking"
"ost_IceShock","Interface\Icons\INV_Misc_Shell_03"
"st_IceShock","Interface\Icons\INV_Potion_01"
"t_IceShock","Interface\Icons\INV_Misc_Shell_02"
"_IceShock","Interface\Icons\INV_Misc_Dust_02"
"IceShock","Interface\Icons\INV_Misc_Ammo_Gunpowder_02"
"ceShock","Interface\Icons\INV_Orb_Arcanite_01"
"eShock","Interface\Icons\INV_Misc_Gear_01"
"Shock","Interface\Icons\INV_Cask_01"
"hock","Interface\Icons\INV_Misc_Bomb_05"
"ock","Interface\Icons\INV_Misc_StoneTablet_04"
"ck","Interface\Icons\INV_Scroll_05"
"k","Interface\Icons\INV_Misc_Fork&Knife"
"","Interface\Icons\INV_Misc_EmptyFlask_02"
"Interface\Icons\Spell_Fire_FireBolt","Interface\Icons\INV_Flask_02"
"nterface\Icons\Spell_Fire_FireBolt","Interface\Icons\INV_Flask_05"
"terface\Icons\Spell_Fire_FireBolt","Interface\Icons\INV_Wine_01"
"erface\Icons\Spell_Fire_FireBolt","Interface\Icons\INV_Misc_Cape_18"
"rface\Icons\Spell_Fire_FireBolt","Interface\Icons\INV_Weapon_Bow_05"
"face\Icons\Spell_Fire_FireBolt","Interface\Icons\INV_Weapon_Halberd_06"
"ace\Icons\Spell_Fire_FireBolt","Interface\Icons\INV_Axe_09"
"ce\Icons\Spell_Fire_FireBolt","Interface\Icons\INV_Mace_01"
"e\Icons\Spell_Fire_FireBolt","Interface\Icons\INV_Sword_04"
"\Icons\Spell_Fire_FireBolt","Interface\Icons\INV_Sword_06"
"Icons\Spell_Fire_FireBolt","Interface\Icons\INV_Spear_05"
"cons\Spell_Fire_FireBolt","Interface\Icons\INV_Axe_17"
"ons\Spell_Fire_FireBolt","Interface\Icons\INV_Gauntlets_06"
"ns\Spell_Fire_FireBolt","Interface\Icons\INV_Misc_Pipe_01"
"s\Spell_Fire_FireBolt","Interface\Icons\INV_Misc_Food_09"
"lt","Interface\Icons\INV_Weapon_Rifle_01"
"pell_Nature_LightningShield","Interface\Icons\INV_Shield_05"
"gShield","Interface\Icons\INV_Banner_03"
"Shield","Interface\Icons\INV_ThrowingKnife_05"
"hield","Interface\Icons\INV_Mace_04"
"ield","Interface\Icons\INV_Weapon_Bow_02"
"eld","Interface\Icons\INV_Axe_13"
"ld","Interface\Icons\INV_Sword_26"
"d","Interface\Icons\INV_Hammer_03"
"","Interface\Icons\INV_Shield_04"
"Interface\Icons\Spell_Nature_StrangleVines","Interface\Icons\INV_Axe_16"
"nterface\Icons\Spell_Nature_StrangleVines","Interface\Icons\INV_Stone_01"
"terface\Icons\Spell_Nature_StrangleVines","Interface\Icons\INV_Axe_11"
"erface\Icons\Spell_Nature_StrangleVines","Interface\Icons\INV_Chest_Plate01"
"ons\Spell_Nature_StrangleVines","Interface\Icons\Spell_Holy_BlessingOfProtection"
"ns\Spell_Nature_StrangleVines","Interface\Icons\Ability_Hunter_BeastSoothe"
"s\Spell_Nature_StrangleVines","Interface\Icons\Ability_Hunter_BeastCall"
"\Spell_Nature_StrangleVines","Interface\Icons\Ability_Warrior_BattleShout"
"Spell_Nature_StrangleVines","Interface\Icons\Ability_Warrior_Charge"
"pell_Nature_StrangleVines","Interface\Icons\Spell_Nature_AstralRecal"
"ell_Nature_StrangleVines","Interface\Icons\Spell_Nature_AstralRecalGroup"
"ll_Nature_StrangleVines","Interface\Icons\Spell_Shadow_SummonInfernal"
"angleVines","Interface\Icons\Ability_Druid_Bash"
"\Icons\Spell_Nature_FarSight","Interface\Icons\Ability_Druid_CatForm"
"Icons\Spell_Nature_FarSight","Interface\Icons\Ability_Druid_Disembowel"
"cons\Spell_Nature_FarSight","Interface\Icons\Ability_Druid_SupriseAttack"
"ons\Spell_Nature_FarSight","Interface\Icons\Ability_Druid_Swipe"
"ns\Spell_Nature_FarSight","Interface\Icons\Ability_Rogue_Disguise"
"s\Spell_Nature_FarSight","Interface\Icons\Ability_Rogue_Garrote"
"\Spell_Nature_FarSight","Interface\Icons\Ability_Rogue_KidneyShot"
"Spell_Nature_FarSight","Interface\Icons\Ability_Rogue_Rupture"
"pell_Nature_FarSight","Interface\Icons\Spell_Frost_FrostWard"
"ell_Nature_FarSight","Interface\Icons\Spell_Holy_MindVision"
"ll_Nature_FarSight","Interface\Icons\Spell_Holy_Redemption"
"l_Nature_FarSight","Interface\Icons\Spell_Holy_SealOfSacrifice"
"_Nature_FarSight","Interface\Icons\Spell_Magic_FeatherFall"
"FarSight","Interface\Icons\Ability_Rogue_DualWeild"
"arSight","Interface\Icons\Ability_Rogue_Eviscerate"
"rSight","Interface\Icons\Ability_Rogue_SliceDice"
"Sight","Interface\Icons\Ability_Rogue_Sprint"
"ight","Interface\Icons\Ability_Rogue_Trip"
"ght","Interface\Icons\INV_Poison_MindNumbing"
"cons\Spell_Shadow_ShadeTrueSight","Interface\Icons\Ability_DualWield"
"ons\Spell_Shadow_ShadeTrueSight","Interface\Icons\Ability_Hunter_BeastTraining"
"ns\Spell_Shadow_ShadeTrueSight","Interface\Icons\Ability_Hunter_Pathfinding"
"s\Spell_Shadow_ShadeTrueSight","Interface\Icons\Ability_Hunter_Quickshot"
"\Spell_Shadow_ShadeTrueSight","Interface\Icons\Ability_Hunter_RunningShot"
"Spell_Shadow_ShadeTrueSight","Interface\Icons\Ability_Hunter_SniperShot"
"pell_Shadow_ShadeTrueSight","Interface\Icons\Ability_Rogue_Feint"
"ell_Shadow_ShadeTrueSight","Interface\Icons\Spell_Holy_PrayerOfHealing02"
"ll_Shadow_ShadeTrueSight","Interface\Icons\Spell_Shadow_BloodBoil"
"l_Shadow_ShadeTrueSight","Interface\Icons\Spell_Shadow_CurseOfAchimonde"
"_Shadow_ShadeTrueSight","Interface\Icons\Spell_Shadow_CurseOfMannoroth"
"Shadow_ShadeTrueSight","Interface\Icons\Spell_Shadow_CurseOfSargeras"
"hadow_ShadeTrueSight","Interface\Icons\Spell_Shadow_DemonBreath"
"adow_ShadeTrueSight","Interface\Icons\Spell_Shadow_LifeDrain02"
"dow_ShadeTrueSight","Interface\Icons\Spell_Shadow_RainOfFire"
"ow_ShadeTrueSight","Interface\Icons\Spell_Shadow_SiphonMana"
"adeTrueSight","Interface\Icons\Ability_Racial_Ultravision"
"deTrueSight","Interface\Icons\INV_Misc_Orb_04"
"eTrueSight","Interface\Icons\Spell_Holy_AuraOfLight"
"TrueSight","Interface\Icons\INV_Food_Egg_02"
"rueSight","Interface\Icons\INV_Wine_03"
"ueSight","Interface\Icons\Ability_Parry"
"eSight","Interface\Icons\Ability_Warrior_DecisiveStrike"
"Sight","Interface\Icons\Ability_Warrior_Disarm"
"ight","Interface\Icons\Ability_Warrior_InnerRage"
"ght","Interface\Icons\Ability_Warrior_Revenge"
"ht","Interface\Icons\Ability_Warrior_Riposte"
"t","Interface\Icons\Ability_Warrior_SavageBlow"
"","Interface\Icons\Ability_Warrior_Sunder"
"Interface\Icons\Ability_ShockWave","Interface\Icons\Spell_Holy_PowerWordShield"
"Icons\Ability_ShockWave","Interface\Icons\INV_Misc_Fish_05"
"cons\Ability_ShockWave","Interface\Icons\INV_Misc_Fish_06"
"ons\Ability_ShockWave","Interface\Icons\Trade_Engraving"
"ns\Ability_ShockWave","Interface\Icons\INV_Staff_Goldfeathered_01"
"s\Ability_ShockWave","Interface\Icons\Trade_Fishing"
"ave","Interface\Icons\Spell_Shadow_Curse"
"ve","Interface\Icons\INV_Misc_MonsterHead_03"
"e","Interface\Icons\INV_Staff_01"
"","Interface\Icons\INV_Misc_Bone_09"
"Interface\Icons\Spell_Nature_Reincarnation","Interface\Icons\INV_Misc_Bone_06"
"nterface\Icons\Spell_Nature_Reincarnation","Interface\Icons\INV_Misc_Foot_Kodo"
"Spell_Nature_Reincarnation","Interface\Icons\INV_Misc_Fish_03"
"pell_Nature_Reincarnation","Interface\Icons\INV_Misc_Monster_MouseTail"
"nation","Interface\Icons\Spell_Nature_Acid_01"
"ns\Ability_ThunderBolt","Interface\Icons\INV_Gizmo_02"
"s\Ability_ThunderBolt","Interface\Icons\INV_Gizmo_03"
"\Ability_ThunderBolt","Interface\Icons\INV_Gizmo_01"
"lt","Interface\Icons\INV_Misc_Food_18"
"t","Interface\Icons\Ability_ShootWand"
"","Interface\Icons\Spell_Fire_FlameShock"
"Interface\Icons\Ability_MeleeDamage","Interface\Icons\Spell_Fire_FlameTounge"
"nterface\Icons\Ability_MeleeDamage","Interface\Icons\Spell_Fire_SearingTotem"
"terface\Icons\Ability_MeleeDamage","Interface\Icons\Spell_Frost_FrostBrand"
"erface\Icons\Ability_MeleeDamage","Interface\Icons\Spell_Holy_LesserHeal"
"rface\Icons\Ability_MeleeDamage","Interface\Icons\Spell_Holy_LesserHeal02"
"face\Icons\Ability_MeleeDamage","Interface\Icons\Spell_Holy_Heal02"
"ace\Icons\Ability_MeleeDamage","Interface\Icons\Spell_Holy_WordFortitude"
"ce\Icons\Ability_MeleeDamage","Interface\Icons\Spell_Nature_StrengthOfEarthTotem02"
"e\Icons\Ability_MeleeDamage","Interface\Icons\Spell_Nature_EarthShock"
"\Icons\Ability_MeleeDamage","Interface\Icons\Spell_Nature_RockBiter"
"Icons\Ability_MeleeDamage","Interface\Icons\Spell_Nature_StoneClawTotem"
"cons\Ability_MeleeDamage","Interface\Icons\Spell_Nature_StoneSkinTotem"
"ons\Ability_MeleeDamage","Interface\Icons\Spell_Nature_EarthBindTotem"
"ns\Ability_MeleeDamage","Interface\Icons\Spell_Shadow_CurseOfTounges"
"s\Ability_MeleeDamage","Interface\Icons\Spell_Shadow_SacrificialShield"
"\Ability_MeleeDamage","Interface\Icons\Spell_Shadow_SoothingKiss"
"Ability_MeleeDamage","Interface\Icons\Ability_FiegnDead"
"bility_MeleeDamage","Interface\Icons\INV_Misc_Spyglass_01"
"nterface\Icons\Spell_Nature_Slow","Interface\Icons\INV_Boots_02"
"_Nature_Slow","Interface\Icons\INV_Misc_Pelt_Wolf_01"
"ce\Icons\Ability_Defend","Interface\Icons\INV_Gauntlets_04"
"end","Interface\Icons\INV_Misc_Rune_01"
"Ability_Seal","Interface\Icons\INV_Chest_Chain_05"
"ce\Icons\Spell_Nature_Invisibilty","Interface\Icons\Spell_Fire_SoulBurn"
"e_Invisibilty","Interface\Icons\Ability_Mount_BlackPanther"
"ace\Icons\Spell_Fire_Immolation","Interface\Icons\Ability_Rogue_Ambush"
"ce\Icons\Spell_Fire_Immolation","Interface\Icons\Ability_Rogue_FeignDeath"
"e\Icons\Spell_Fire_Immolation","Interface\Icons\INV_Misc_Ammo_Bullet_01"
"_Immolation","Interface\Icons\Spell_Fire_LavaSpawn"
"e\Icons\Spell_Ice_Lament","Interface\Icons\INV_Chest_Leather_09"
"\Icons\Spell_Ice_Lament","Interface\Icons\INV_Chest_Cloth_21"
"ment","Interface\Icons\Ability_Mount_WhiteTiger"
"ent","Interface\Icons\INV_Shield_09"
"\Spell_Fire_SealOfFire","Interface\Icons\INV_Misc_Key_03"
"Spell_Fire_SealOfFire","Interface\Icons\Spell_Fire_Incinerate"
"re","Interface\Icons\Ability_Mount_WhiteDireWolf"
"e","Interface\Icons\Ability_Druid_ChallangingRoar"
"","Interface\Icons\Ability_Druid_Cower"
"Interface\Icons\Spell_Fire_FlameBlades","Interface\Icons\Ability_Druid_Dash"
"nterface\Icons\Spell_Fire_FlameBlades","Interface\Icons\Ability_Druid_DemoralizingRoar"
"terface\Icons\Spell_Fire_FlameBlades","Interface\Icons\Ability_Druid_Enrage"
"erface\Icons\Spell_Fire_FlameBlades","Interface\Icons\Spell_Nature_HealingTouch"
"rface\Icons\Spell_Fire_FlameBlades","Interface\Icons\Spell_Nature_HealingWaveGreater"
"face\Icons\Spell_Fire_FlameBlades","Interface\Icons\Spell_Nature_HealingWaveLesser"
"ace\Icons\Spell_Fire_FlameBlades","Interface\Icons\INV_Ammo_Bullet_02"
"pell_Fire_FlameBlades","Interface\Icons\Spell_Frost_FrostShock"
"s","Interface\Icons\INV_Weapon_Halberd_08"
"","Interface\Icons\INV_Chest_Plate04"
"ell_Frost_Glacier","Interface\Icons\INV_Misc_Food_04"
"terface\Icons\Spell_Frost_ManaRecharge","Interface\Icons\INV_Misc_Gem_Emerald_01"
"erface\Icons\Spell_Frost_ManaRecharge","Interface\Icons\INV_Misc_Gem_Emerald_02"
"rface\Icons\Spell_Frost_ManaRecharge","Interface\Icons\INV_Misc_Gem_Opal_01"
"face\Icons\Spell_Frost_ManaRecharge","Interface\Icons\INV_Misc_Gem_Ruby_01"
"Frost_ManaRecharge","Interface\Icons\INV_Wine_02"
"rost_ManaRecharge","Interface\Icons\INV_Wine_04"
"nterface\Icons\Spell_Fire_SelfDestruct","Interface\Icons\INV_Misc_Head_Undead_01"
"_Fire_SelfDestruct","Interface\Icons\INV_Misc_Milk_02"
"Fire_SelfDestruct","Interface\Icons\INV_Misc_Head_Human_02"
"ire_SelfDestruct","Interface\Icons\INV_Misc_Key_05"
"re_SelfDestruct","Interface\Icons\INV_Misc_Key_06"
"e_SelfDestruct","Interface\Icons\INV_Misc_Key_12"
"_SelfDestruct","Interface\Icons\INV_Misc_Key_14"
"nterface\Icons\Spell_Nature_BloodLust","Interface\Icons\INV_Misc_MonsterClaw_02"
"_Nature_BloodLust","Interface\Icons\INV_Misc_MonsterScales_03"
"Nature_BloodLust","Interface\Icons\Spell_Fire_Volcano"
"terface\Icons\Spell_Nature_NatureTouchGrow","Interface\Icons\INV_Jewelry_Amulet_07"
"Nature_NatureTouchGrow","Interface\Icons\Ability_Mount_RidingHorse"
"ature_NatureTouchGrow","Interface\Icons\Ability_Mount_MountainRam"
"ture_NatureTouchGrow","Interface\Icons\Ability_Mount_BlackDireWolf"
"ure_NatureTouchGrow","Interface\Icons\Ability_Mount_NightmareHorse"
"re_NatureTouchGrow","Interface\Icons\Ability_Mount_Raptor"
"e_NatureTouchGrow","Interface\Icons\Ability_Mount_JungleTiger"
"ow","Interface\Icons\INV_Misc_Ammo_Gunpowder_01"
"w","Interface\Icons\Spell_Fire_WindsofWoe"
"pell_Nature_NatureTouchDecay","Interface\Icons\INV_Misc_Flower_02"
"ell_Nature_NatureTouchDecay","Interface\Icons\INV_Misc_Herb_03"
"uchDecay","Interface\Icons\Spell_Frost_IceShard"
"chDecay","Interface\Icons\INV_Misc_Bandage_08"
"hDecay","Interface\Icons\INV_Hammer_18"
"Decay","Interface\Icons\INV_Wand_08"
"ecay","Interface\Icons\Ability_Mount_MechaStrider"
"cay","Interface\Icons\Ability_Mount_Undeadhorse"
"ay","Interface\Icons\INV_Hammer_24"
"cons\Spell_Nature_DryadDispelMagic","Interface\Icons\INV_Misc_MonsterSpiderCarapace_01"
"yadDispelMagic","Interface\Icons\INV_Ingot_03"
"adDispelMagic","Interface\Icons\INV_Ingot_Steel"
"face\Icons\Ability_ThunderClap","Interface\Icons\INV_Potion_63"
"ace\Icons\Ability_ThunderClap","Interface\Icons\INV_Potion_84"
"ce\Icons\Ability_ThunderClap","Interface\Icons\INV_Potion_91"
"e\Icons\Ability_ThunderClap","Interface\Icons\INV_Potion_93"
"\Icons\Ability_ThunderClap","Interface\Icons\INV_Potion_65"
"Icons\Ability_ThunderClap","Interface\Icons\INV_Potion_86"
"cons\Ability_ThunderClap","Interface\Icons\INV_Potion_33"
"ons\Ability_ThunderClap","Interface\Icons\INV_Potion_58"
"ns\Ability_ThunderClap","Interface\Icons\INV_Potion_44"
"s\Ability_ThunderClap","Interface\Icons\INV_Potion_79"
"\Ability_ThunderClap","Interface\Icons\INV_Drink_09"
"Ability_ThunderClap","Interface\Icons\INV_Potion_15"
"bility_ThunderClap","Interface\Icons\INV_Potion_13"
"ility_ThunderClap","Interface\Icons\INV_Drink_07"
"lity_ThunderClap","Interface\Icons\INV_Potion_08"
"ity_ThunderClap","Interface\Icons\INV_Potion_18"
"ty_ThunderClap","Interface\Icons\INV_Drink_13"
"y_ThunderClap","Interface\Icons\INV_Drink_05"
"_ThunderClap","Interface\Icons\INV_Drink_04"
"ThunderClap","Interface\Icons\INV_Potion_30"
"hunderClap","Interface\Icons\INV_Potion_69"
"\Icons\Ability_Temp","Interface\Icons\INV_Potion_10"
"Icons\Ability_Temp","Interface\Icons\INV_Potion_61"
"Interface\Icons\Spell_Nature_Sleep","Interface\Icons\INV_Potion_04"
"nterface\Icons\Spell_Nature_Sleep","Interface\Icons\INV_Drink_06"
"terface\Icons\Spell_Nature_Sleep","Interface\Icons\INV_Drink_Milk_02"
"erface\Icons\Spell_Nature_Sleep","Interface\Icons\INV_Drink_10"
"rface\Icons\Spell_Nature_Sleep","Interface\Icons\INV_Drink_11"
"face\Icons\Spell_Nature_Sleep","Interface\Icons\INV_Drink_12"
"_Nature_Sleep","Interface\Icons\INV_Misc_Net_01"
"ace\Icons\Spell_Fire_MeteorStorm","Interface\Icons\Spell_Nature_Windfury"
"_MeteorStorm","Interface\Icons\INV_Misc_Horn_03"
"ce\Icons\Spell_Nature_MoonGlow","Interface\Icons\INV_Misc_Food_10"
"e_MoonGlow","Interface\Icons\INV_Ammo_Arrow_01"
"_MoonGlow","Interface\Icons\INV_Axe_05"
"MoonGlow","Interface\Icons\INV_Weapon_Halbard_01"
"oonGlow","Interface\Icons\INV_Mace_02"
"onGlow","Interface\Icons\INV_Sword_20"
"nGlow","Interface\Icons\INV_Sword_27"
"Glow","Interface\Icons\INV_Shield_06"
"low","Interface\Icons\INV_Sword_05"
"ow","Interface\Icons\Spell_Nature_AncestralGuardian"
"w","Interface\Icons\INV_Gizmo_Pipe_04"
"","Interface\Icons\INV_Misc_Food_15"
"Interface\Icons\Spell_Nature_Purge","Interface\Icons\Spell_Shadow_CreepingPlague"
"nterface\Icons\Spell_Nature_Purge","Interface\Icons\INV_Misc_Gem_Opal_03"
"terface\Icons\Spell_Nature_Purge","Interface\Icons\INV_Misc_Gem_Topaz_01"
"erface\Icons\Spell_Nature_Purge","Interface\Icons\INV_Misc_Gem_Crystal_01"
"rface\Icons\Spell_Nature_Purge","Interface\Icons\INV_Misc_Gem_Variety_02"
"face\Icons\Spell_Nature_Purge","Interface\Icons\INV_Axe_03"
"ace\Icons\Spell_Nature_Purge","Interface\Icons\INV_Axe_06"
"ce\Icons\Spell_Nature_Purge","Interface\Icons\Ability_Druid_AquaticForm"
"e\Icons\Spell_Nature_Purge","Interface\Icons\Ability_Druid_TravelForm"
"\Icons\Spell_Nature_Purge","Interface\Icons\Ability_Warrior_PunishingBlow"
"Icons\Spell_Nature_Purge","Interface\Icons\Ability_Rogue_Distract"
"cons\Spell_Nature_Purge","Interface\Icons\Spell_Arcane_PortalDarnassus"
"ons\Spell_Nature_Purge","Interface\Icons\Spell_Arcane_PortalIronForge"
"ns\Spell_Nature_Purge","Interface\Icons\Spell_Arcane_PortalOrgrimmar"
"s\Spell_Nature_Purge","Interface\Icons\Spell_Arcane_PortalStormWind"
"\Spell_Nature_Purge","Interface\Icons\Spell_Arcane_PortalThunderBluff"
"Spell_Nature_Purge","Interface\Icons\Spell_Arcane_PortalUnderCity"
"pell_Nature_Purge","Interface\Icons\Spell_Arcane_StarFire"
"ell_Nature_Purge","Interface\Icons\Spell_Arcane_TeleportDarnassus"
"ll_Nature_Purge","Interface\Icons\Spell_Holy_MindSooth"
"l_Nature_Purge","Interface\Icons\Spell_Shadow_PsychicScream"
"_Nature_Purge","Interface\Icons\Spell_Arcane_TeleportIronForge"
"Nature_Purge","Interface\Icons\Spell_Arcane_TeleportOrgrimmar"
"ature_Purge","Interface\Icons\Spell_Arcane_TeleportStormWind"
"ture_Purge","Interface\Icons\Spell_Arcane_TeleportThunderBluff"
"ure_Purge","Interface\Icons\Spell_Arcane_TeleportUnderCity"
"re_Purge","Interface\Icons\Spell_Shadow_Contagion"
"e_Purge","Interface\Icons\INV_Drink_15"
"_Purge","Interface\Icons\INV_Misc_Herb_16"
"Purge","Interface\Icons\INV_Misc_Wrench_01"
"urge","Interface\Icons\INV_Shield_01"
"rge","Interface\Icons\Spell_Arcane_Blink"
"ge","Interface\Icons\Spell_Shadow_EnslaveDemon"
"e","Interface\Icons\INV_Weapon_ShortBlade_14"
"","Interface\Icons\INV_Staff_10"
"Interface\Icons\Spell_Shadow_MindSteal","Interface\Icons\INV_Staff_11"
"nterface\Icons\Spell_Shadow_MindSteal","Interface\Icons\INV_Weapon_ShortBlade_05"
"terface\Icons\Spell_Shadow_MindSteal","Interface\Icons\INV_ThrowingKnife_01"
"erface\Icons\Spell_Shadow_MindSteal","Interface\Icons\INV_Ammo_FireTar"
"rface\Icons\Spell_Shadow_MindSteal","Interface\Icons\INV_Misc_MonsterScales_12"
"face\Icons\Spell_Shadow_MindSteal","Interface\Icons\INV_Sword_11"
"ace\Icons\Spell_Shadow_MindSteal","Interface\Icons\INV_Misc_Food_50"
"ce\Icons\Spell_Shadow_MindSteal","Interface\Icons\Ability_Mount_PinkTiger"
"e\Icons\Spell_Shadow_MindSteal","Interface\Icons\Ability_Hunter_BeastCall02"
"\Icons\Spell_Shadow_MindSteal","Interface\Icons\INV_Misc_Food_33"
"Icons\Spell_Shadow_MindSteal","Interface\Icons\INV_Drink_03"
"cons\Spell_Shadow_MindSteal","Interface\Icons\INV_Egg_02"
"ons\Spell_Shadow_MindSteal","Interface\Icons\INV_Misc_Gem_Crystal_02"
"ns\Spell_Shadow_MindSteal","Interface\Icons\INV_Misc_Gem_Diamond_02"
"s\Spell_Shadow_MindSteal","Interface\Icons\INV_Misc_Gem_Ruby_02"
"\Spell_Shadow_MindSteal","Interface\Icons\INV_Misc_Gem_Amethyst_01"
"Spell_Shadow_MindSteal","Interface\Icons\INV_Misc_Food_31"
"pell_Shadow_MindSteal","Interface\Icons\INV_Cask_03"
"ell_Shadow_MindSteal","Interface\Icons\INV_Misc_ShadowEgg"
"ll_Shadow_MindSteal","Interface\Icons\INV_Box_PetCarrier_01"
"l_Shadow_MindSteal","Interface\Icons\INV_Staff_30"
"_Shadow_MindSteal","Interface\Icons\INV_Weapon_ShortBlade_10"
"Shadow_MindSteal","Interface\Icons\INV_Misc_MonsterScales_05"
"hadow_MindSteal","Interface\Icons\INV_Axe_01"
"adow_MindSteal","Interface\Icons\INV_Spear_06"
"dow_MindSteal","Interface\Icons\INV_ThrowingKnife_02"
"ow_MindSteal","Interface\Icons\INV_Axe_08"
"w_MindSteal","Interface\Icons\Ability_Hunter_EagleEye"
"_MindSteal","Interface\Icons\Ability_Druid_Ravage"
"MindSteal","Interface\Icons\INV_Misc_MonsterScales_17"
"indSteal","Interface\Icons\INV_Misc_MonsterScales_11"
"ndSteal","Interface\Icons\Ability_Druid_CatFormAttack"
"dSteal","Interface\Icons\INV_Misc_MonsterScales_09"
"Steal","Interface\Icons\INV_Misc_MonsterScales_15"
"teal","Interface\Icons\INV_Misc_MonsterScales_13"
"eal","Interface\Icons\INV_Misc_MonsterScales_07"
"al","Interface\Icons\INV_Ore_Arcanite_01"
"l","Interface\Icons\INV_Belt_18"
"","Interface\Icons\INV_Misc_Slime_01"
"Interface\Icons\Ability_EyeOfTheOwl","Interface\Icons\INV_Egg_04"
"nterface\Icons\Ability_EyeOfTheOwl","Interface\Icons\INV_Egg_05"
"terface\Icons\Ability_EyeOfTheOwl","Interface\Icons\INV_Hammer_09"
"erface\Icons\Ability_EyeOfTheOwl","Interface\Icons\INV_Axe_18"
"rface\Icons\Ability_EyeOfTheOwl","Interface\Icons\INV_Axe_10"
"face\Icons\Ability_EyeOfTheOwl","Interface\Icons\INV_Shoulder_11"
"ace\Icons\Ability_EyeOfTheOwl","Interface\Icons\INV_Misc_Head_Dragon_01"
"ce\Icons\Ability_EyeOfTheOwl","Interface\Icons\Ability_Hunter_AspectOfTheMonkey"
"e\Icons\Ability_EyeOfTheOwl","Interface\Icons\INV_Misc_Horn_01"
"\Icons\Ability_EyeOfTheOwl","Interface\Icons\INV_Shield_20"
"Icons\Ability_EyeOfTheOwl","Interface\Icons\Spell_Shadow_Shadowform"
"cons\Ability_EyeOfTheOwl","Interface\Icons\INV_Misc_Rune_04"
"ons\Ability_EyeOfTheOwl","Interface\Icons\INV_Sword_32"
"ns\Ability_EyeOfTheOwl","Interface\Icons\INV_Jewelry_Talisman_06"
"s\Ability_EyeOfTheOwl","Interface\Icons\INV_Jewelry_Amulet_01"
"\Ability_EyeOfTheOwl","Interface\Icons\INV_Axe_12"
"Ability_EyeOfTheOwl","Interface\Icons\INV_Misc_Pelt_Bear_03"
"bility_EyeOfTheOwl","Interface\Icons\Ability_Hunter_Pet_Bear"
"ility_EyeOfTheOwl","Interface\Icons\INV_Spear_08"
"lity_EyeOfTheOwl","Interface\Icons\INV_Misc_MonsterClaw_04"
"ity_EyeOfTheOwl","Interface\Icons\INV_Misc_MonsterClaw_03"
"ty_EyeOfTheOwl","Interface\Icons\Ability_Hunter_Pet_Cat"
"y_EyeOfTheOwl","Interface\Icons\INV_Misc_Urn_01"
"_EyeOfTheOwl","Interface\Icons\Ability_Hunter_Pet_Hyena"
"EyeOfTheOwl","Interface\Icons\INV_Sword_22"
"yeOfTheOwl","Interface\Icons\INV_Hammer_23"
"eOfTheOwl","Interface\Icons\INV_Misc_Gem_Bloodstone_01"
"OfTheOwl","Interface\Icons\INV_Potion_11"
"fTheOwl","Interface\Icons\INV_Potion_92"
"TheOwl","Interface\Icons\INV_Sword_25"
"heOwl","Interface\Icons\INV_Sword_41"
"eOwl","Interface\Icons\Ability_Hunter_Pet_Wolf"
"Owl","Interface\Icons\INV_Ingot_Eternium"
"wl","Interface\Icons\INV_Misc_Rune_05"
"l","Interface\Icons\INV_Misc_StoneTablet_05"
"","Interface\Icons\Ability_Hunter_Pet_Bat"
"Interface\Icons\Ability_BullRush","Interface\Icons\Ability_Hunter_Pet_Boar"
"nterface\Icons\Ability_BullRush","Interface\Icons\Ability_Hunter_Pet_Vulture"
"terface\Icons\Ability_BullRush","Interface\Icons\Ability_Hunter_Pet_Crab"
"erface\Icons\Ability_BullRush","Interface\Icons\Ability_Hunter_Pet_Crocolisk"
"rface\Icons\Ability_BullRush","Interface\Icons\Ability_Hunter_Pet_Gorilla"
"face\Icons\Ability_BullRush","Interface\Icons\Ability_Hunter_Pet_Owl"
"ace\Icons\Ability_BullRush","Interface\Icons\Ability_Hunter_Pet_Raptor"
"ce\Icons\Ability_BullRush","Interface\Icons\Ability_Hunter_Pet_Scorpid"
"e\Icons\Ability_BullRush","Interface\Icons\Ability_Hunter_Pet_Spider"
"\Icons\Ability_BullRush","Interface\Icons\Ability_Hunter_Pet_TallStrider"
"Icons\Ability_BullRush","Interface\Icons\Ability_Hunter_Pet_Turtle"
"cons\Ability_BullRush","Interface\Icons\Ability_Hunter_Pet_WindSerpent"
"ons\Ability_BullRush","Interface\Icons\Spell_Shadow_ScourgeBuild"
"ns\Ability_BullRush","Interface\Icons\Spell_Shadow_DeadofNight"
"s\Ability_BullRush","Interface\Icons\INV_Misc_Fish_08"
"\Ability_BullRush","Interface\Icons\INV_Stone_14"
"Ability_BullRush","Interface\Icons\INV_Shield_19"
"bility_BullRush","Interface\Icons\INV_Misc_Orb_02"
"ility_BullRush","Interface\Icons\INV_Weapon_Halberd_11"
"lity_BullRush","Interface\Icons\INV_Potion_31"
"ity_BullRush","Interface\Icons\INV_Helmet_45"
"ty_BullRush","Interface\Icons\INV_Helmet_08"
"y_BullRush","Interface\Icons\INV_Stone_13"
"_BullRush","Interface\Icons\INV_Sword_02"
"BullRush","Interface\Icons\INV_Potion_29"
"ullRush","Interface\Icons\INV_Potion_16"
"llRush","Interface\Icons\INV_Potion_40"
"lRush","Interface\Icons\INV_Potion_46"
"Rush","Interface\Icons\INV_Potion_67"
"ush","Interface\Icons\INV_Potion_47"
"sh","Interface\Icons\INV_Jewelry_Talisman_07"
"h","Interface\Icons\INV_Potion_32"
"","Interface\Icons\INV_Misc_Flute_01"
"Interface\Icons\Spell_Holy_InnerFire","Interface\Icons\INV_Misc_Bone_HumanSkull_01"
"nterface\Icons\Spell_Holy_InnerFire","Interface\Icons\INV_Boots_Plate_03"
"terface\Icons\Spell_Holy_InnerFire","Interface\Icons\INV_Gauntlets_19"
"erface\Icons\Spell_Holy_InnerFire","Interface\Icons\Spell_Shadow_CallofBone"
"rface\Icons\Spell_Holy_InnerFire","Interface\Icons\INV_Misc_Head_Tauren_02"
"face\Icons\Spell_Holy_InnerFire","Interface\Icons\INV_Ammo_Bullet_01"
"ace\Icons\Spell_Holy_InnerFire","Interface\Icons\INV_Ammo_Bullet_03"
"ce\Icons\Spell_Holy_InnerFire","Interface\Icons\INV_Misc_MonsterScales_14"
"e\Icons\Spell_Holy_InnerFire","Interface\Icons\INV_Gizmo_08"
"\Icons\Spell_Holy_InnerFire","Interface\Icons\INV_Misc_Bandage_11"
"Icons\Spell_Holy_InnerFire","Interface\Icons\INV_Misc_Bandage_12"
"cons\Spell_Holy_InnerFire","Interface\Icons\INV_Staff_02"
"ons\Spell_Holy_InnerFire","Interface\Icons\INV_Staff_07"
"ns\Spell_Holy_InnerFire","Interface\Icons\INV_Wand_07"
"s\Spell_Holy_InnerFire","Interface\Icons\INV_Battery_01"
"\Spell_Holy_InnerFire","Interface\Icons\INV_Misc_Flower_01"
"Spell_Holy_InnerFire","Interface\Icons\INV_Misc_Food_Wheat_02"
"pell_Holy_InnerFire","Interface\Icons\INV_Axe_02"
"ell_Holy_InnerFire","Interface\Icons\INV_Spear_07"
"ll_Holy_InnerFire","Interface\Icons\Ability_PoisonArrow"
"l_Holy_InnerFire","Interface\Icons\INV_Weapon_Rifle_02"
"_Holy_InnerFire","Interface\Icons\INV_Weapon_Rifle_06"
"Holy_InnerFire","Interface\Icons\INV_Gauntlets_10"
"oly_InnerFire","Interface\Icons\INV_Misc_Food_02"
"ly_InnerFire","Interface\Icons\INV_Hammer_04"
"y_InnerFire","Interface\Icons\INV_Wand_09"
"_InnerFire","Interface\Icons\INV_Crown_01"
"InnerFire","Interface\Icons\INV_Potion_55"
"nnerFire","Interface\Icons\INV_Potion_62"
"nerFire","Interface\Icons\INV_Potion_97"
"erFire","Interface\Icons\INV_Potion_48"
"rFire","Interface\Icons\INV_Potion_26"
"Fire","Interface\Icons\INV_Potion_41"
"ire","Interface\Icons\INV_Misc_Book_07"
"re","Interface\Icons\INV_Enchant_EssenceAstralLarge"
"e","Interface\Icons\INV_Enchant_EssenceAstralSmall"
"","Interface\Icons\INV_Spear_04"
"Interface\Icons\Spell_Holy_Devotion","Interface\Icons\INV_Sword_48"
"nterface\Icons\Spell_Holy_Devotion","Interface\Icons\Spell_Nature_Preservation"
"terface\Icons\Spell_Holy_Devotion","Interface\Icons\INV_ThrowingAxe_03"
"erface\Icons\Spell_Holy_Devotion","Interface\Icons\INV_Misc_Bone_OrcSkull_01"
"rface\Icons\Spell_Holy_Devotion","Interface\Icons\INV_Helmet_23"
"face\Icons\Spell_Holy_Devotion","Interface\Icons\INV_Misc_Pelt_Bear_Ruin_02"
"ace\Icons\Spell_Holy_Devotion","Interface\Icons\INV_Enchant_EssenceEternalLarge"
"ce\Icons\Spell_Holy_Devotion","Interface\Icons\INV_Musket_02"
"e\Icons\Spell_Holy_Devotion","Interface\Icons\INV_Enchant_ShardBrilliantSmall"
"\Icons\Spell_Holy_Devotion","Interface\Icons\INV_Misc_Note_02"
"Icons\Spell_Holy_Devotion","Interface\Icons\INV_Feather_01"
"cons\Spell_Holy_Devotion","Interface\Icons\INV_Misc_MonsterScales_08"
"ons\Spell_Holy_Devotion","Interface\Icons\Spell_Arcane_TeleportMoonglade"
"ns\Spell_Holy_Devotion","Interface\Icons\Racial_Troll_Berserk"
"s\Spell_Holy_Devotion","Interface\Icons\Racial_Orc_BerserkerStrength"
"\Spell_Holy_Devotion","Interface\Icons\INV_Hammer_05"
"Spell_Holy_Devotion","Interface\Icons\INV_Hammer_01"
"pell_Holy_Devotion","Interface\Icons\INV_Ammo_Snowball"
"ell_Holy_Devotion","Interface\Icons\INV_Boots_05"
"ll_Holy_Devotion","Interface\Icons\INV_Gizmo_07"
"l_Holy_Devotion","Interface\Icons\INV_Shield_10"
"_Holy_Devotion","Interface\Icons\Spell_Holy_PrayerOfFortitude"
"Holy_Devotion","Interface\Icons\INV_Potion_03"
"oly_Devotion","Interface\Icons\INV_Misc_Herb_07"
"ly_Devotion","Interface\Icons\INV_Jewelry_Talisman_08"
"y_Devotion","Interface\Icons\Spell_Nature_DiseaseCleansingTotem"
"_Devotion","Interface\Icons\Spell_Frost_FireResistanceTotem"
"Devotion","Interface\Icons\Spell_Nature_NatureResistanceTotem"
"evotion","Interface\Icons\Spell_Nature_TremorTotem"
"votion","Interface\Icons\Spell_Nature_GroundingTotem"
"otion","Interface\Icons\Spell_Fire_FrostResistanceTotem"
"tion","Interface\Icons\Spell_Nature_PoisonCleansingTotem"
"ion","Interface\Icons\Ability_Druid_FerociousBite"
"on","Interface\Icons\Ability_Druid_Mangle.tga"
"n","Interface\Icons\Ability_Mount_Kodo_01"
"","Interface\Icons\Ability_Mount_Kodo_02"
"Interface\Icons\Spell_Nature_Thorns","Interface\Icons\Ability_Mount_Kodo_03"
"nterface\Icons\Spell_Nature_Thorns","Interface\Icons\INV_Misc_Organ_03"
"terface\Icons\Spell_Nature_Thorns","Interface\Icons\INV_Potion_25"
"erface\Icons\Spell_Nature_Thorns","Interface\Icons\INV_Drink_18"
"rface\Icons\Spell_Nature_Thorns","Interface\Icons\INV_Misc_Food_55"
"face\Icons\Spell_Nature_Thorns","Interface\Icons\INV_Crown_02"
"ace\Icons\Spell_Nature_Thorns","Interface\Icons\Spell_Nature_MassTeleport"
"ce\Icons\Spell_Nature_Thorns","Interface\Icons\INV_Banner_02"
"e\Icons\Spell_Nature_Thorns","Interface\Icons\INV_Gizmo_09"
"\Icons\Spell_Nature_Thorns","Interface\Icons\INV_Misc_Gem_Amethyst_02"
"Icons\Spell_Nature_Thorns","Interface\Icons\Spell_Holy_ArcaneIntellect"
"cons\Spell_Nature_Thorns","Interface\Icons\INV_Misc_Birdbeck_01"
"ons\Spell_Nature_Thorns","Interface\Icons\INV_Misc_Bomb_04"
"ns\Spell_Nature_Thorns","Interface\Icons\Ability_Hunter_Harass"
"s\Spell_Nature_Thorns","Interface\Icons\INV_Banner_01"
"\Spell_Nature_Thorns","Interface\Icons\INV_Misc_Head_Dragon_Black"
"Spell_Nature_Thorns","Interface\Icons\INV_Misc_Head_Dragon_Blue"
"pell_Nature_Thorns","Interface\Icons\INV_Misc_Head_Dragon_Bronze"
"ell_Nature_Thorns","Interface\Icons\INV_Misc_Head_Dragon_Green"
"ll_Nature_Thorns","Interface\Icons\INV_BannerPVP_01"
"l_Nature_Thorns","Interface\Icons\INV_BannerPVP_02"
"_Nature_Thorns","Interface\Icons\INV_Misc_ArmorKit_18"
"Nature_Thorns","Interface\Icons\INV_Misc_Organ_06"
"ature_Thorns","Interface\Icons\INV_Enchant_ShardBrilliantLarge"
"ture_Thorns","Interface\Icons\INV_Enchant_EssenceMagicLarge"
"ure_Thorns","Interface\Icons\INV_Enchant_EssenceNetherLarge"
"re_Thorns","Interface\Icons\INV_Gauntlets_03"
"e_Thorns","Interface\Icons\Spell_MageArmor"
"_Thorns","Interface\Icons\Spell_FireResistanceTotem_01"
"Thorns","Interface\Icons\Spell_FrostResistanceTotem_01"
"horns","Interface\Icons\Spell_Holy_ElunesGrace"
"orns","Interface\Icons\Ability_Mount_Dreadsteed"
"rns","Interface\Icons\Ability_Mount_Charger"
"ns","Interface\Icons\INV_Misc_Rune_06"
"s","Interface\Icons\INV_Misc_Gem_Pearl_05"
"","Interface\Icons\Ability_Creature_Poison_03"
"Interface\Icons\Spell_Nature_Brilliance","Interface\Icons\INV_Misc_Eye_01"
"nterface\Icons\Spell_Nature_Brilliance","Interface\Icons\INV_Spear_02"
"terface\Icons\Spell_Nature_Brilliance","Interface\Icons\Ability_Suffocate"
"erface\Icons\Spell_Nature_Brilliance","Interface\Icons\INV_Gauntlets_31"
"rface\Icons\Spell_Nature_Brilliance","Interface\Icons\INV_Fishingpole_02"
"face\Icons\Spell_Nature_Brilliance","Interface\Icons\INV_Misc_Fish_04"
"ace\Icons\Spell_Nature_Brilliance","Interface\Icons\INV_Feather_03"
"ce\Icons\Spell_Nature_Brilliance","Interface\Icons\INV_Jewelry_Necklace_11"
"e\Icons\Spell_Nature_Brilliance","Interface\Icons\INV_Potion_45"
"\Icons\Spell_Nature_Brilliance","Interface\Icons\INV_Potion_17"
"Icons\Spell_Nature_Brilliance","Interface\Icons\INV_Misc_Key_08"
"cons\Spell_Nature_Brilliance","Interface\Icons\INV_Chest_Plate16"
"ons\Spell_Nature_Brilliance","Interface\Icons\INV_Potion_07"
"ns\Spell_Nature_Brilliance","Interface\Icons\INV_Gizmo_GoblinBoomBox_01"
"s\Spell_Nature_Brilliance","Interface\Icons\Ability_Creature_Poison_05"
"\Spell_Nature_Brilliance","Interface\Icons\INV_Misc_Gem_Bloodstone_02"
"Spell_Nature_Brilliance","Interface\Icons\Ability_Creature_Poison_01"
"pell_Nature_Brilliance","Interface\Icons\Ability_Creature_Disease_02"
"ell_Nature_Brilliance","Interface\Icons\INV_ZulGurubTrinket"
"ll_Nature_Brilliance","Interface\Icons\Ability_Creature_Cursed_05"
"l_Nature_Brilliance","Interface\Icons\INV-Sword_53"
"_Nature_Brilliance","Interface\Icons\Ability_Creature_Cursed_04"
"Nature_Brilliance","Interface\Icons\INV_Waepon_Bow_ZulGrub_D_02"
"ature_Brilliance","Interface\Icons\INV_Misc_Food_28"
"ture_Brilliance","Interface\Icons\INV_Misc_Head_Gnome_01"
"ure_Brilliance","Interface\Icons\INV_Misc_Head_Gnome_02"
"re_Brilliance","Interface\Icons\Spell_Nature_CrystalBall"
"e_Brilliance","Interface\Icons\INV_Misc_Food_59"
"_Brilliance","Interface\Icons\INV_Misc_Gem_Amethyst_03"
"Brilliance","Interface\Icons\Spell_Nature_LightningBolt"
"rilliance","Interface\Icons\Ability_Creature_Cursed_03"
"illiance","Interface\Icons\INV_Misc_Head_Murloc_01"
"lliance","Interface\Icons\INV_Misc_MonsterHead_02"
"liance","Interface\Icons\INV_Shield_08"
"iance","Interface\Icons\Spell_Nature_CrystalBall"
"ance","Interface\Icons\INV_Misc_Bomb_02"
"nce","Interface\Icons\INV_Misc_Gem_02"
"ce","Interface\Icons\INV_Misc_Gem_Pearl_04"
"","Interface\Icons\Ability_Creature_Poison_02"
"Interface\Icons\Spell_Shadow_ChillTouch","Interface\Icons\Ability_Creature_Poison_04"
"nterface\Icons\Spell_Shadow_ChillTouch","Interface\Icons\Ability_Creature_Cursed_01"
"terface\Icons\Spell_Shadow_ChillTouch","Interface\Icons\Ability_Creature_Cursed_02"
"erface\Icons\Spell_Shadow_ChillTouch","Interface\Icons\INV_Drink_01"
"rface\Icons\Spell_Shadow_ChillTouch","Interface\Icons\Ability_Creature_Disease_01"
"face\Icons\Spell_Shadow_ChillTouch","Interface\Icons\INV_Misc_MonsterScales_18"
"ace\Icons\Spell_Shadow_ChillTouch","Interface\Icons\Ability_Creature_Cursed_03"
"cons\Spell_Shadow_ChillTouch","Interface\Icons\Spell_Nature_InsectSwarm"
"Spell_Shadow_ChillTouch","Interface\Icons\INV_Misc_QuestionMark"
"pell_Shadow_ChillTouch","Interface\Icons\INV_Misc_Head_Gnome_01"
"ell_Shadow_ChillTouch","Interface\Icons\INV_Misc_Fish_20"
"ll_Shadow_ChillTouch","Interface\Icons\INV_Misc_Fish_21"
"l_Shadow_ChillTouch","Interface\Icons\INV_Drink_08"
"_Shadow_ChillTouch","Interface\Icons\INV_Misc_MonsterTail_03"
"Shadow_ChillTouch","Interface\Icons\INV_Shield_23"
"hadow_ChillTouch","Interface\Icons\INV_Drink_08"
"adow_ChillTouch","Interface\Icons\INV_Misc_PocketWatch_01"
"dow_ChillTouch","Interface\Icons\INV_Drink_02"
"ow_ChillTouch","Interface\Icons\INV_Misc_Gem_02"
"w_ChillTouch","Interface\Icons\INV_Misc_Gem_Topaz_02"
"_ChillTouch","Interface\Icons\INV_Misc_Food_65"
"ChillTouch","Interface\Icons\INV_Food_ChristmasFruitCake_01"
"hillTouch","Interface\Icons\INV_Misc_AhnQirajTrinket_04"
"illTouch","Interface\Icons\INV_Misc_AhnQirajTrinket_02"
"llTouch","Interface\Icons\INV_Misc_Herb_10"
"lTouch","Interface\Icons\INV_Misc_Herb_09"
"Touch","Interface\Icons\INV_Misc_Branch_01"
"ouch","Interface\Icons\Spell_Holy_Power"
"uch","Interface\Icons\Spell_Holy_UnyieldingFaith"
"ch","Interface\Icons\Spell_Holy_PersuitofJustice"
"h","Interface\Icons\Spell_Holy_Vindication"
"","Interface\Icons\Spell_Holy_EyeforanEye"
"Interface\Icons\Spell_Frost_FreezingBreath","Interface\Icons\Spell_Magic_GreaterBlessingofKings"
"nterface\Icons\Spell_Frost_FreezingBreath","Interface\Icons\Spell_Holy_GreaterBlessingofLight"
"terface\Icons\Spell_Frost_FreezingBreath","Interface\Icons\Spell_Holy_GreaterBlessingofKings"
"erface\Icons\Spell_Frost_FreezingBreath","Interface\Icons\Spell_Holy_GreaterBlessingofSalvation"
"rface\Icons\Spell_Frost_FreezingBreath","Interface\Icons\Spell_Holy_GreaterBlessingofSanctuary"
"face\Icons\Spell_Frost_FreezingBreath","Interface\Icons\Spell_Holy_GreaterBlessingofWisdom"
"ace\Icons\Spell_Frost_FreezingBreath","Interface\Icons\INV_Food_ChristmasFruitCake_01"
"ce\Icons\Spell_Frost_FreezingBreath","Interface\Icons\INV_Misc_Food_DimSum"
"e\Icons\Spell_Frost_FreezingBreath","Interface\Icons\INV_Potion_60"
"\Icons\Spell_Frost_FreezingBreath","Interface\Icons\INV_Misc_QirajiCrystal_05"
"Icons\Spell_Frost_FreezingBreath","Interface\Icons\INV_Misc_QirajiCrystal_04"
"cons\Spell_Frost_FreezingBreath","Interface\Icons\INV_Misc_QirajiCrystal_03"
"ons\Spell_Frost_FreezingBreath","Interface\Icons\INV_Misc_QirajiCrystal_02"
"ns\Spell_Frost_FreezingBreath","Interface\Icons\INV_Misc_QirajiCrystal_01"
"s\Spell_Frost_FreezingBreath","Interface\Icons\INV_Weapon_Bow_12"
"\Spell_Frost_FreezingBreath","Interface\Icons\INV_Misc_EngGizmos_03"
"Spell_Frost_FreezingBreath","Interface\Icons\INV_Waepon_Bow_ZulGrub_D_02"
"pell_Frost_FreezingBreath","Interface\Icons\INV_Misc_Food_59"
"ell_Frost_FreezingBreath","Interface\Icons\INV_Helmet_46"
"ll_Frost_FreezingBreath","Interface\Icons\INV_Misc_AhnQirajTrinket_05"
"l_Frost_FreezingBreath","Interface\Icons\Spell_Holy_EyeforanEye"
"_Frost_FreezingBreath","Interface\Icons\Spell_Holy_PersuitofJustice"
"Frost_FreezingBreath","Interface\Icons\Spell_Holy_Vindication"
"rost_FreezingBreath","Interface\Icons\Spell_Holy_UnyieldingFaith"
"ost_FreezingBreath","Interface\Icons\Spell_Holy_Power"
"st_FreezingBreath","Interface\Icons\INV_Misc_AhnQirajTrinket_01"
"t_FreezingBreath","Interface\Icons\INV_Misc_AhnQirajTrinket_06"
"_FreezingBreath","Interface\Icons\INV_QirajIdol_Death"
"FreezingBreath","Interface\Icons\INV_Misc_MissileLargeCluster_White"
"reezingBreath","Interface\Icons\INV_Misc_Gem_Pearl_02"
"ingBreath","Interface\Icons\Mail_GMIcon"
"eath","Interface\Icons\INV_Potion_02"
"ath","Interface\Icons\INV_Potion_72"
"th","Interface\Icons\INV_Misc_Organ_01"
"h","Interface\Icons\INV_Misc_Organ_02"
"terface\Icons\Spell_Fire_EnchantWeapon","Interface\Icons\INV_Staff_26"
"erface\Icons\Spell_Fire_EnchantWeapon","Interface\Icons\INV_ValentinePerfumeBottle"
"rface\Icons\Spell_Fire_EnchantWeapon","Interface\Icons\INV_ValentineCologneBottle"
"face\Icons\Spell_Fire_EnchantWeapon","Interface\Icons\INV_Misc_Dust_04"
"ace\Icons\Spell_Fire_EnchantWeapon","Interface\Icons\INV_ValentinesBoxOfChocolates02"
"ce\Icons\Spell_Fire_EnchantWeapon","Interface\Icons\INV_ValentinesCard01"
"e\Icons\Spell_Fire_EnchantWeapon","Interface\Icons\INV_Potion_21"
"\Icons\Spell_Fire_EnchantWeapon","Interface\Icons\INV_Potion_52"
"Icons\Spell_Fire_EnchantWeapon","Interface\Icons\Spell_BrokenHeart"
"cons\Spell_Fire_EnchantWeapon","Interface\Icons\INV_ValentinesChocolate01"
"ons\Spell_Fire_EnchantWeapon","Interface\Icons\INV_ValentinesChocolate02"
"ns\Spell_Fire_EnchantWeapon","Interface\Icons\INV_ValentinesChocolate03"
"s\Spell_Fire_EnchantWeapon","Interface\Icons\INV_ValentinesChocolate04"
"\Spell_Fire_EnchantWeapon","Interface\Icons\INV_Holiday_Christmas_Present_02"
"Spell_Fire_EnchantWeapon","Interface\Icons\INV_Holiday_Christmas_Present_01"
"pell_Fire_EnchantWeapon","Interface\Icons\INV_Misc_Gift_04"
"ell_Fire_EnchantWeapon","Interface\Icons\INV_Misc_Gift_01"
"ll_Fire_EnchantWeapon","Interface\Icons\INV_Misc_Gift_05"
"l_Fire_EnchantWeapon","Interface\Icons\INV_Misc_Gift_03"
"_Fire_EnchantWeapon","Interface\Icons\INV_Jewelry_Ring_03"
"Fire_EnchantWeapon","Interface\Icons\INV_Misc_Book_11"
"ire_EnchantWeapon","Interface\Icons\INV_Weapon_Rifle_11"
"re_EnchantWeapon","Interface\Icons\INV_Weapon_Rifle_10"
"e_EnchantWeapon","Interface\Icons\Spell_Holy_SearingLightPriest"
"_EnchantWeapon","Interface\Icons\Spell_Holy_PrayerofShadowProtection"
"EnchantWeapon","Interface\Icons\Spell_Holy_PrayerofSpirit"
"nchantWeapon","Interface\Icons\Spell_Holy_HealingFocus"
"chantWeapon","Interface\Icons\Spell_Holy_PowerInfusion"
"hantWeapon","Interface\Icons\Spell_Holy_SpiritualGuidence"
"antWeapon","Interface\Icons\Spell_Holy_HolyNova"
"ntWeapon","Interface\Icons\Spell_Holy_BlessedRecovery"
"tWeapon","Interface\Icons\Spell_Shadow_ImprovedVampiricEmbrace"
"Weapon","Interface\Icons\INV_QirajIdol_Life"
"eapon","Interface\Icons\Spell_Holy_SummonLightwell"
"apon","Interface\Icons\Spell_Holy_DivineSpirit"
"pon","Interface\Icons\Spell_Holy_SpellWarding"
"on","Interface\Icons\INV_Misc_Fish_31"
"Interface\Icons\Spell_Nature_TimeStop","Interface\Icons\INV_Sword_2H_AshbringerCorrupt"
"nterface\Icons\Spell_Nature_TimeStop","Interface\Icons\Spell_ChargeNegative"
"terface\Icons\Spell_Nature_TimeStop","Interface\Icons\Spell_ChargePositive"
"rface\Icons\Spell_Nature_TimeStop","Interface\Icons\INV_Misc_Food_35"
"face\Icons\Spell_Nature_TimeStop","Interface\Icons\INV_Misc_Food_32"
"ce\Icons\Spell_Nature_TimeStop","Interface\Icons\INV_Boots_Cloth_15"
"e\Icons\Spell_Nature_TimeStop","Interface\Icons\INV_Misc_Token_ArgentDawn"
"\Icons\Spell_Nature_TimeStop","Interface\Icons\INV_Trinket_Naxxramas05"
"Icons\Spell_Nature_TimeStop","Interface\Icons\INV_Misc_Token_ArgentDawn2"
"cons\Spell_Nature_TimeStop","Interface\Icons\INV_Misc_Token_ArgentDawn3"
"ons\Spell_Nature_TimeStop","Interface\Icons\INV_Trinket_Naxxramas01"
"ns\Spell_Nature_TimeStop","Interface\Icons\INV_Trinket_Naxxramas03"
"s\Spell_Nature_TimeStop","Interface\Icons\INV_Trinket_Naxxramas06"
"\Spell_Nature_TimeStop","Interface\Icons\INV_Trinket_Naxxramas04"
"ll_Nature_TimeStop","Interface\Icons\INV_Misc_Food_14"
"_Nature_TimeStop","Interface\Icons\INV_Wand_06"
"Nature_TimeStop","Interface\Icons\INV_Battery_02"
"ature_TimeStop","Interface\Icons\INV_Misc_Food_07"
"ture_TimeStop","Interface\Icons\INV_Drink_Waterskin_09"
"ure_TimeStop","Interface\Icons\INV_Misc_Food_19"
"e_TimeStop","Interface\Icons\INV_Misc_Food_73CinnamonRoll"
"_TimeStop","Interface\Icons\Spell_Nature_Polymorph_Cow"
"eStop","Interface\Icons\INV_Helmet_21"
"Stop","Interface\Icons\INV_Relics_IdolofRejuvenation"
"top","Interface\Icons\Spell_Arcane_ArcaneResilience"
"op","Interface\Icons\INV_SummerFest_Symbol_Medium"
"p","Interface\Icons\Spell_Fire_MasterOfElements"
"","Interface\Icons\Spell_Nature_StormReach"
"Interface\Icons\Spell_Misc_Food","Interface\Icons\Ability_Druid_Mangle"
"nterface\Icons\Spell_Misc_Food","Interface\Icons\INV_SummerFest_FireSpirit"
"terface\Icons\Spell_Misc_Food","Interface\Icons\INV_Bracer_09"
"erface\Icons\Spell_Misc_Food","Interface\Icons\INV_Misc_Food_53"
"rface\Icons\Spell_Misc_Food","Interface\Icons\INV_SummerFest_Smorc"
"face\Icons\Spell_Misc_Food","Interface\Icons\Inv_Misc_SummerFest_BrazierOrange"
"ce\Icons\Spell_Misc_Food","Interface\Icons\Spell_Nature_HealingWay"
"e\Icons\Spell_Misc_Food","Interface\Icons\Spell_Fire_ElementalDevastation"
"\Icons\Spell_Misc_Food","Interface\Icons\Spell_Nature_EyeOfTheStorm"
"_Misc_Food","Interface\Icons\INV_Misc_EngGizmos_19"
"face\Icons\Spell_Misc_Drink","Interface\Icons\Ability_Creature_Disease_03"
"ace\Icons\Spell_Misc_Drink","Interface\Icons\Ability_Creature_Poison_06"
"ell_Misc_Drink","Interface\Icons\INV_Weapon_Crossbow_11"
"l_Misc_Drink","Interface\Icons\Spell_Holiday_ToW_SpiceCloud"
"_Misc_Drink","Interface\Icons\INV_Sword_42"
"ons\Spell_Shadow_RaiseDead","Interface\Icons\INV_Boots_Cloth_16"
"ns\Spell_Shadow_RaiseDead","Interface\Icons\INV_Boots_Cloth_02"
"\Spell_Shadow_RaiseDead","Interface\Icons\INV_Musket_01"
"Spell_Shadow_RaiseDead","Interface\Icons\INV_Sword_51"
"pell_Shadow_RaiseDead","Interface\Icons\INV_Sword_17"
"\Icons\Spell_Nature_Lightning","Interface\Icons\INV_Misc_Food_54"
