# fields=66 strings=0,1,2,3,4,5,22,23,40,57,63,65
"","Azeroth","","","","Eastern Kingdoms",0,0,0,0,0,0,0,0,0,0,0,0,0,0,0,16712190,"","",0,0,0,0,0,0,0,0,0,0,0,0,0,0,0,16712190,"",0,0,0,0,0,0,0,0,0,0,0,0,0,0,0,16712190,"roth",1065353216,4294967295,0,0,4294967295,"",0,""
"Azeroth","Kalimdor","","","","Kalimdor",0,0,0,0,0,0,0,0,0,0,0,0,0,0,0,16712190,"","",0,0,0,0,0,0,0,0,0,0,0,0,0,0,0,16712188,"",0,0,0,0,0,0,0,0,0,0,0,0,0,0,0,16712188,"eroth",1065353216,4294967295,0,0,4294967295,"",0,""
"ern Kingdoms","test","","zeroth","","Testing",0,0,0,0,0,0,0,0,0,0,0,0,0,0,0,16712190,"ximity to the naaru's mysterious vessel, Tempest Keep.","",0,0,0,0,0,0,0,0,0,0,0,0,0,0,0,16712188,"",0,0,0,0,0,0,0,0,0,0,0,0,0,0,0,16712188,"",1065353216,4294967295,0,0,4294967295,"",0,""
"","ScottTest","","zeroth","","Scott Test",0,0,0,0,0,0,0,0,0,0,0,0,0,0,0,16712190,"","",0,0,0,0,0,0,0,0,0,0,0,0,0,0,0,16712188,"",0,0,0,0,0,0,0,0,0,0,0,0,0,0,0,16712188,"",1065353216,4294967295,0,0,4294967295,"",0,""
"mdor","PVPZone01","eroth","","Azeroth","Alterac Valley",0,0,0,0,0,0,0,0,0,0,0,0,0,0,0,16712190,"","Hidden within the Alterac Mountains, Alterac Valley is the home of Thrall's own clan of orcs, the Frostwolves.

The Stormpike dwarves have established a foothold in the valley and seek to plumb its depths for riches and links to their ancestral past.

The territorial Frostwolves, unwilling to suffer the dwarven incursion, have rallied an army... an army eager for righteous slaughter.",0,0,0,0,0,0,0,0,0,0,0,0,0,0,0,16712190,"Hidden within the Alterac Mountains, Alterac Valley is the home of Thrall's own clan of orcs, the Frostwolves.

The Stormpike dwarves have established a foothold in the valley and seek to plumb its depths for riches and links to their ancestral past.

The territorial Frostwolves, unwilling to suffer the dwarven incursion, have rallied an army... an army eager for righteous slaughter.",0,0,0,0,0,0,0,0,0,0,0,0,0,0,0,16712190,"hin the Alterac Mountains, Alterac Valley is the home of Thrall's own clan of orcs, the Frostwolves.

The Stormpike dwarves have established a foothold in the valley and seek to plumb its depths for riches and links to their ancestral past.

The territorial Frostwolves, unwilling to suffer the dwarven incursion, have rallied an army... an army eager for righteous slaughter.",1065353216,4294967295,0,0,4294967295,"",0,""
"r","Shadowfang","Azeroth","","","Shadowfang Keep",0,0,0,0,0,0,0,0,0,0,0,0,0,0,0,16712190,"","",0,0,0,0,0,0,0,0,0,0,0,0,0,0,0,16712188,"",0,0,0,0,0,0,0,0,0,0,0,0,0,0,0,16712188,"

The Stormpike dwarves have established a foothold in the valley and seek to plumb its depths for riches and links to their ancestral past.

The territorial Frostwolves, unwilling to suffer the dwarven incursion, have rallied an army... an army eager for righteous slaughter.",1065353216,0,3278306631,1153724992,4294967295,"",0,"astern Kingdoms"
"","StormwindJail","Azeroth","","","Stormwind Stockade",0,0,0,0,0,0,0,0,0,0,0,0,0,0,0,16712190,"lin's Test","",0,0,0,0,0,0,0,0,0,0,0,0,0,0,0,16712188,"",0,0,0,0,0,0,0,0,0,0,0,0,0,0,0,16712188,"ostwolves.

The Stormpike dwarves have established a foothold in the valley and seek to plumb its depths for riches and links to their ancestral past.

The territorial Frostwolves, unwilling to suffer the dwarven incursion, have rallied an army... an army eager for righteous slaughter.",1065353216,0,3322472836,1146355881,4294967295,"",0,"astern Kingdoms"
"test","StormwindPrison","","","","<unused>StormwindPrison",0,0,0,0,0,0,0,0,0,0,0,0,0,0,0,16712190,"lin's Test","",0,0,0,0,0,0,0,0,0,0,0,0,0,0,0,16712188,"",0,0,0,0,0,0,0,0,0,0,0,0,0,0,0,16712188,"ms",1065353216,0,3322472936,1146356517,4294967295,"",0,""
"est","DeadminesInstance","Azeroth","","","Deadmines",0,0,0,0,0,0,0,0,0,0,0,0,0,0,0,16712190,"","",0,0,0,0,0,0,0,0,0,0,0,0,0,0,0,16712188,"",0,0,0,0,0,0,0,0,0,0,0,0,0,0,0,16712188,"ley is the home of Thrall's own clan of orcs, the Frostwolves.

The Stormpike dwarves have established a foothold in the valley and seek to plumb its depths for riches and links to their ancestral past.

The territorial Frostwolves, unwilling to suffer the dwarven incursion, have rallied an army... an army eager for righteous slaughter.",1065353216,0,3324976946,1154622676,4294967295,"",0,"astern Kingdoms"
"st","PVPZone02","","","Azeroth","Azshara Crater",0,0,0,0,0,0,0,0,0,0,0,0,0,0,0,16712190,"","Crush the Alliance!",0,0,0,0,0,0,0,0,0,0,0,0,0,0,0,16712190,"Defend yourself from the onslaught of the Horde!",0,0,0,0,0,0,0,0,0,0,0,0,0,0,0,16712191,"",1065353216,4294967295,0,0,4294967295,"",0,""
"sting","Collin","","zeroth","","Collin's Test",0,0,0,0,0,0,0,0,0,0,0,0,0,0,0,16712190,"","",0,0,0,0,0,0,0,0,0,0,0,0,0,0,0,16712188,"",0,0,0,0,0,0,0,0,0,0,0,0,0,0,0,16712188,"",1065353216,4294967295,0,0,4294967295,"",0,""
"ting","WailingCaverns","Azeroth","","","Wailing Caverns",0,0,0,0,0,0,0,0,0,0,0,0,0,0,0,16712190,"in's Test","",0,0,0,0,0,0,0,0,0,0,0,0,0,0,0,16712188,"",0,0,0,0,0,0,0,0,0,0,0,0,0,0,0,16712188,"ey is the home of Thrall's own clan of orcs, the Frostwolves.

The Stormpike dwarves have established a foothold in the valley and seek to plumb its depths for riches and links to their ancestral past.

The territorial Frostwolves, unwilling to suffer the dwarven incursion, have rallied an army... an army eager for righteous slaughter.",1065353216,1,3292252262,3305771993,4294967295,"",0,"astern Kingdoms"
"ing","Monastery","Azeroth","","","<unused> Monastery",0,0,0,0,0,0,0,0,0,0,0,0,0,0,0,16712190,"","",0,0,0,0,0,0,0,0,0,0,0,0,0,0,0,16712188,"",0,0,0,0,0,0,0,0,0,0,0,0,0,0,0,16712188,"sting",1065353216,0,1161086621,3293237106,4294967295,"",0,"astern Kingdoms"
"","RazorfenKraulInstance","Azeroth","","","Razorfen Kraul",0,0,0,0,0,0,0,0,0,0,0,0,0,0,0,16712190,"","",0,0,0,0,0,0,0,0,0,0,0,0,0,0,0,16712188,"",0,0,0,0,0,0,0,0,0,0,0,0,0,0,0,16712188,"the Frostwolves.

The Stormpike dwarves have established a foothold in the valley and seek to plumb its depths for riches and links to their ancestral past.

The territorial Frostwolves, unwilling to suffer the dwarven incursion, have rallied an army... an army eager for righteous slaughter.",1065353216,1,3314244504,3301934791,4294967295,"",0,"astern Kingdoms"
"ScottTest","Blackfathom","Azeroth","","","Blackfathom Deeps",0,0,0,0,0,0,0,0,0,0,0,0,0,0,0,16712190,"n's Test","",0,0,0,0,0,0,0,0,0,0,0,0,0,0,0,16712188,"",0,0,0,0,0,0,0,0,0,0,0,0,0,0,0,16712188,"twolves.

The Stormpike dwarves have established a foothold in the valley and seek to plumb its depths for riches and links to their ancestral past.

The territorial Frostwolves, unwilling to suffer the dwarven incursion, have rallied an army... an army eager for righteous slaughter.",1065353216,1,1166330103,1144723654,4294967295,"",0,"astern Kingdoms"
"VPZone01","Uldaman","Azeroth","","","Uldaman",0,0,0,0,0,0,0,0,0,0,0,0,0,0,0,16712190,"e","",0,0,0,0,0,0,0,0,0,0,0,0,0,0,0,16712188,"",0,0,0,0,0,0,0,0,0,0,0,0,0,0,0,16712188,"y is the home of Thrall's own clan of orcs, the Frostwolves.

The Stormpike dwarves have established a foothold in the valley and seek to plumb its depths for riches and links to their ancestral past.

The territorial Frostwolves, unwilling to suffer the dwarven incursion, have rallied an army... an army eager for righteous slaughter.",1065353216,0,3317522804,3308826613,4294967295,"",0,"astern Kingdoms"
"ley","GnomeragonInstance","Azeroth","","","Gnomeregan",0,0,0,0,0,0,0,0,0,0,0,0,0,0,0,16712190,"s Test","",0,0,0,0,0,0,0,0,0,0,0,0,0,0,0,16712188,"",0,0,0,0,0,0,0,0,0,0,0,0,0,0,0,16712188,"rostwolves.

The Stormpike dwarves have established a foothold in the valley and seek to plumb its depths for riches and links to their ancestral past.

The territorial Frostwolves, unwilling to suffer the dwarven incursion, have rallied an army... an army eager for righteous slaughter.",1065353216,0,3315684683,1147725394,4294967295,"",0,"astern Kingdoms"
"he Alterac Mountains, Alterac Valley is the home of Thrall's own clan of orcs, the Frostwolves.

The Stormpike dwarves have established a foothold in the valley and seek to plumb its depths for riches and links to their ancestral past.

The territorial Frostwolves, unwilling to suffer the dwarven incursion, have rallied an army... an army eager for righteous slaughter.","SunkenTemple","Azeroth","","","Sunken Temple",0,0,0,0,0,0,0,0,0,0,0,0,0,0,0,16712190,"r","",0,0,0,0,0,0,0,0,0,0,0,0,0,0,0,16712188,"",0,0,0,0,0,0,0,0,0,0,0,0,0,0,0,16712188," Frostwolves.

The Stormpike dwarves have established a foothold in the valley and seek to plumb its depths for riches and links to their ancestral past.

The territorial Frostwolves, unwilling to suffer the dwarven incursion, have rallied an army... an army eager for righteous slaughter.",1065353216,0,3323914346,3313090429,4294967295,"",0,"astern Kingdoms"
", Alterac Valley is the home of Thrall's own clan of orcs, the Frostwolves.

The Stormpike dwarves have established a foothold in the valley and seek to plumb its depths for riches and links to their ancestral past.

The territorial Frostwolves, unwilling to suffer the dwarven incursion, have rallied an army... an army eager for righteous slaughter.","RazorfenDowns","Azeroth","","","Razorfen Downs",0,0,0,0,0,0,0,0,0,0,0,0,0,0,0,16712190,"","",0,0,0,0,0,0,0,0,0,0,0,0,0,0,0,16712188,"",0,0,0,0,0,0,0,0,0,0,0,0,0,0,0,16712188," is the home of Thrall's own clan of orcs, the Frostwolves.

The Stormpike dwarves have established a foothold in the valley and seek to plumb its depths for riches and links to their ancestral past.

The territorial Frostwolves, unwilling to suffer the dwarven incursion, have rallied an army... an army eager for righteous slaughter.",1065353216,1,3314661136,3307109874,4294967295,"",0,"astern Kingdoms"
" own clan of orcs, the Frostwolves.

The Stormpike dwarves have established a foothold in the valley and seek to plumb its depths for riches and links to their ancestral past.

The territorial Frostwolves, unwilling to suffer the dwarven incursion, have rallied an army... an army eager for righteous slaughter.","EmeraldDream","zeroth","","","Emerald Dream",0,0,0,0,0,0,0,0,0,0,0,0,0,0,0,16712190,"","",0,0,0,0,0,0,0,0,0,0,0,0,0,0,0,16712188,"",0,0,0,0,0,0,0,0,0,0,0,0,0,0,0,16712188,"",1065353216,4294967295,0,0,4294967295,"",0,"Testing"
"he Frostwolves.

The Stormpike dwarves have established a foothold in the valley and seek to plumb its depths for riches and links to their ancestral past.

The territorial Frostwolves, unwilling to suffer the dwarven incursion, have rallied an army... an army eager for righteous slaughter.","MonasteryInstances","Azeroth","","","Scarlet Monastery",0,0,0,0,0,0,0,0,0,0,0,0,0,0,0,16712190,"","",0,0,0,0,0,0,0,0,0,0,0,0,0,0,0,16712188,"",0,0,0,0,0,0,0,0,0,0,0,0,0,0,0,16712188,"e Frostwolves.

The Stormpike dwarves have established a foothold in the valley and seek to plumb its depths for riches and links to their ancestral past.

The territorial Frostwolves, unwilling to suffer the dwarven incursion, have rallied an army... an army eager for righteous slaughter.",1065353216,0,1161085892,3293237472,4294967295,"",0,"astern Kingdoms"
"he Stormpike dwarves have established a foothold in the valley and seek to plumb its depths for riches and links to their ancestral past.

The territorial Frostwolves, unwilling to suffer the dwarven incursion, have rallied an army... an army eager for righteous slaughter.","TanarisInstance","Azeroth","","","Zul'Farrak",0,0,0,0,0,0,0,0,0,0,0,0,0,0,0,16712190,"","",0,0,0,0,0,0,0,0,0,0,0,0,0,0,0,16712188,"",0,0,0,0,0,0,0,0,0,0,0,0,0,0,0,16712188,"is the home of Thrall's own clan of orcs, the Frostwolves.

The Stormpike dwarves have established a foothold in the valley and seek to plumb its depths for riches and links to their ancestral past.

The territorial Frostwolves, unwilling to suffer the dwarven incursion, have rallied an army... an army eager for righteous slaughter.",1065353216,1,3319018653,3308565619,4294967295,"",0,"astern Kingdoms"
" have established a foothold in the valley and seek to plumb its depths for riches and links to their ancestral past.

The territorial Frostwolves, unwilling to suffer the dwarven incursion, have rallied an army... an army eager for righteous slaughter.","BlackRockSpire","Azeroth","","","Blackrock Spire",0,0,0,0,0,0,0,0,0,0,0,0,0,0,0,16712190,"h hosts a constant battle between the Horde and the Alliance.

Orcs use their Warsong Mill to cut lumber reaped from Ashenvale, provoking the night elves of Silverwing Hold.

Eager to aid their allies, members of every race in Azeroth rush to the Gulch to lend sword, or spell, to the conflict.","",0,0,0,0,0,0,0,0,0,0,0,0,0,0,0,16712188,"",0,0,0,0,0,0,0,0,0,0,0,0,0,0,0,16712188,"he Frostwolves.

The Stormpike dwarves have established a foothold in the valley and seek to plumb its depths for riches and links to their ancestral past.

The territorial Frostwolves, unwilling to suffer the dwarven incursion, have rallied an army... an army eager for righteous slaughter.",1065353216,0,3320517687,3298435412,4294967295,"",0,"astern Kingdoms"
"have established a foothold in the valley and seek to plumb its depths for riches and links to their ancestral past.

The territorial Frostwolves, unwilling to suffer the dwarven incursion, have rallied an army... an army eager for righteous slaughter.","BlackrockDepths","Azeroth","","","Blackrock Depths",0,0,0,0,0,0,0,0,0,0,0,0,0,0,0,16712190," hosts a constant battle between the Horde and the Alliance.

Orcs use their Warsong Mill to cut lumber reaped from Ashenvale, provoking the night elves of Silverwing Hold.

Eager to aid their allies, members of every race in Azeroth rush to the Gulch to lend sword, or spell, to the conflict.","",0,0,0,0,0,0,0,0,0,0,0,0,0,0,0,16712188,"",0,0,0,0,0,0,0,0,0,0,0,0,0,0,0,16712188,"thin the Alterac Mountains, Alterac Valley is the home of Thrall's own clan of orcs, the Frostwolves.

The Stormpike dwarves have established a foothold in the valley and seek to plumb its depths for riches and links to their ancestral past.

The territorial Frostwolves, unwilling to suffer the dwarven incursion, have rallied an army... an army eager for righteous slaughter.",1065353216,0,3319812290,3295160557,4294967295,"",0,"oth"
"foothold in the valley and seek to plumb its depths for riches and links to their ancestral past.

The territorial Frostwolves, unwilling to suffer the dwarven incursion, have rallied an army... an army eager for righteous slaughter.","OnyxiaLairInstance","zeroth","","","Onyxia's Lair",0,0,0,0,0,0,0,0,0,0,0,0,0,0,0,16712190,"uth.

Meanwhile, the League of Arathor seek to reclaim lost lands for their benefactors in Stormwind.","",0,0,0,0,0,0,0,0,0,0,0,0,0,0,0,16712188,"",0,0,0,0,0,0,0,0,0,0,0,0,0,0,0,16712188,"tt Test",1065353216,1,3314846336,3312092861,4294967295,"",0,"Testing"
"ey and seek to plumb its depths for riches and links to their ancestral past.

The territorial Frostwolves, unwilling to suffer the dwarven incursion, have rallied an army... an army eager for righteous slaughter.","CavernsOfTime","Azeroth","Azeroth","","Opening of the Dark Portal",0,0,0,0,0,0,0,0,0,0,0,0,0,0,0,16712190,"","",0,0,0,0,0,0,0,0,0,0,0,0,0,0,0,16712188,"",0,0,0,0,0,0,0,0,0,0,0,0,0,0,0,16712188,"Stormpike dwarves have established a foothold in the valley and seek to plumb its depths for riches and links to their ancestral past.

The territorial Frostwolves, unwilling to suffer the dwarven incursion, have rallied an army... an army eager for righteous slaughter.",1065353216,1,3322461007,3313699867,4294967295,"Azeroth",0,"oth"
" its depths for riches and links to their ancestral past.

The territorial Frostwolves, unwilling to suffer the dwarven incursion, have rallied an army... an army eager for righteous slaughter.","SchoolofNecromancy","Azeroth","Azeroth","","Scholomance",0,0,0,0,0,0,0,0,0,0,0,0,0,0,0,16712190,"","",0,0,0,0,0,0,0,0,0,0,0,0,0,0,0,16712188,"",0,0,0,0,0,0,0,0,0,0,0,0,0,0,0,16712188,"ithin the Alterac Mountains, Alterac Valley is the home of Thrall's own clan of orcs, the Frostwolves.

The Stormpike dwarves have established a foothold in the valley and seek to plumb its depths for riches and links to their ancestral past.

The territorial Frostwolves, unwilling to suffer the dwarven incursion, have rallied an army... an army eager for righteous slaughter.",1065353216,0,1151293696,3307178246,4294967295,"",0,"oth"
"es and links to their ancestral past.

The territorial Frostwolves, unwilling to suffer the dwarven incursion, have rallied an army... an army eager for righteous slaughter.","Zul'gurub","zeroth","Azeroth","","Zul'Gurub",0,0,0,0,0,0,0,0,0,0,0,0,0,0,0,16712190,"points of war between the humans and the Forsaken in Azeroth.

The Defiler's elite troopers seek to sever the vital connection between the humans and their dwarven allies to the south.

Meanwhile, the League of Arathor seek to reclaim lost lands for their benefactors in Stormwind.","",0,0,0,0,0,0,0,0,0,0,0,0,0,0,0,16712188,"",0,0,0,0,0,0,0,0,0,0,0,0,0,0,0,16712188,"Thrall's own clan of orcs, the Frostwolves.

The Stormpike dwarves have established a foothold in the valley and seek to plumb its depths for riches and links to their ancestral past.

The territorial Frostwolves, unwilling to suffer the dwarven incursion, have rallied an army... an army eager for righteous slaughter.",1065353216,0,3325702205,3298366072,4294967295,"",68400,"gdoms"
"r ancestral past.

The territorial Frostwolves, unwilling to suffer the dwarven incursion, have rallied an army... an army eager for righteous slaughter.","Stratholme","Azeroth","Azeroth","","Stratholme",0,0,0,0,0,0,0,0,0,0,0,0,0,0,0,16712190,"","",0,0,0,0,0,0,0,0,0,0,0,0,0,0,0,16712188,"",0,0,0,0,0,0,0,0,0,0,0,0,0,0,0,16712188,"within the Alterac Mountains, Alterac Valley is the home of Thrall's own clan of orcs, the Frostwolves.

The Stormpike dwarves have established a foothold in the valley and seek to plumb its depths for riches and links to their ancestral past.

The territorial Frostwolves, unwilling to suffer the dwarven incursion, have rallied an army... an army eager for righteous slaughter.",1065353216,0,1163134226,3310561211,4294967295,"",0,"oth"
"
The territorial Frostwolves, unwilling to suffer the dwarven incursion, have rallied an army... an army eager for righteous slaughter.","Mauradon","Azeroth","Azeroth","","Maraudon",0,0,0,0,0,0,0,0,0,0,0,0,0,0,0,16712190,"ction between the humans and their dwarven allies to the south.

Meanwhile, the League of Arathor seek to reclaim lost lands for their benefactors in Stormwind.","",0,0,0,0,0,0,0,0,0,0,0,0,0,0,0,16712188,"",0,0,0,0,0,0,0,0,0,0,0,0,0,0,0,16712188,"terac Valley",1065353216,1,3300070991,1161220004,4294967295,"",0,"astern Kingdoms"
"stwolves, unwilling to suffer the dwarven incursion, have rallied an army... an army eager for righteous slaughter.","DeeprunTram","","Azeroth","","Deeprun Tram",0,0,0,0,0,0,0,0,0,0,0,0,0,0,0,16712190,"wind.","",0,0,0,0,0,0,0,0,0,0,0,0,0,0,0,16712188,"",0,0,0,0,0,0,0,0,0,0,0,0,0,0,0,16712188,"

The Stormpike dwarves have established a foothold in the valley and seek to plumb its depths for riches and links to their ancestral past.

The territorial Frostwolves, unwilling to suffer the dwarven incursion, have rallied an army... an army eager for righteous slaughter.",1065353216,0,3322049765,1140938309,4294967295,"",0,""
"to suffer the dwarven incursion, have rallied an army... an army eager for righteous slaughter.","OrgrimmarInstance","Azeroth","Azeroth","","Ragefire Chasm",0,0,0,0,0,0,0,0,0,0,0,0,0,0,0,16712190,"ctors in Stormwind.

Meanwhile, the Defiler's elite troopers seek to sever the vital connection between the humans and their dwarven allies to the south.","",0,0,0,0,0,0,0,0,0,0,0,0,0,0,0,16712188,"",0,0,0,0,0,0,0,0,0,0,0,0,0,0,0,16712188,"stwolves.

The Stormpike dwarves have established a foothold in the valley and seek to plumb its depths for riches and links to their ancestral past.

The territorial Frostwolves, unwilling to suffer the dwarven incursion, have rallied an army... an army eager for righteous slaughter.",1065353216,1,1155733552,3314170617,4294967295,"",0,"astern Kingdoms"
"n incursion, have rallied an army... an army eager for righteous slaughter.","MoltenCore","zeroth","Azeroth","","Molten Core",0,0,0,0,0,0,0,0,0,0,0,0,0,0,0,16712190,"nt Hyjal","",0,0,0,0,0,0,0,0,0,0,0,0,0,0,0,16712188,"",0,0,0,0,0,0,0,0,0,0,0,0,0,0,0,16712188,"Frostwolves.

The Stormpike dwarves have established a foothold in the valley and seek to plumb its depths for riches and links to their ancestral past.

The territorial Frostwolves, unwilling to suffer the dwarven incursion, have rallied an army... an army eager for righteous slaughter.",1065353216,0,3320493189,3296826967,4294967295,"",0,"Testing"
"llied an army... an army eager for righteous slaughter.","DireMaul","Azeroth","Azeroth","","Dire Maul",0,0,0,0,0,0,0,0,0,0,0,0,0,0,0,16712190," their dwarven allies to the south.","",0,0,0,0,0,0,0,0,0,0,0,0,0,0,0,16712188,"",0,0,0,0,0,0,0,0,0,0,0,0,0,0,0,16712188,"erac Valley",1065353216,1,3312730245,1150107677,4294967295,"",0,"oth"
"army eager for righteous slaughter.","AlliancePVPBarracks","","Azeroth","","Alliance PVP Barracks",0,0,0,0,0,0,0,0,0,0,0,0,0,0,0,16712190,"ing","",0,0,0,0,0,0,0,0,0,0,0,0,0,0,0,16712188,"",0,0,0,0,0,0,0,0,0,0,0,0,0,0,0,16712188," orcs, the Frostwolves.

The Stormpike dwarves have established a foothold in the valley and seek to plumb its depths for riches and links to their ancestral past.

The territorial Frostwolves, unwilling to suffer the dwarven incursion, have rallied an army... an army eager for righteous slaughter.",1065353216,0,0,0,4294967295,"",0,""
"rmy eager for righteous slaughter.","HordePVPBarracks","","Azeroth","","Horde PVP Barracks",0,0,0,0,0,0,0,0,0,0,0,0,0,0,0,16712190,"ping","",0,0,0,0,0,0,0,0,0,0,0,0,0,0,0,16712188,"",0,0,0,0,0,0,0,0,0,0,0,0,0,0,0,16712188,"orcs, the Frostwolves.

The Stormpike dwarves have established a foothold in the valley and seek to plumb its depths for riches and links to their ancestral past.

The territorial Frostwolves, unwilling to suffer the dwarven incursion, have rallied an army... an army eager for righteous slaughter.",1065353216,0,0,0,4294967295,"",0,""
"my eager for righteous slaughter.","development","","n Kingdoms","","Development Land",0,0,0,0,0,0,0,0,0,0,0,0,0,0,0,16712190,"","",0,0,0,0,0,0,0,0,0,0,0,0,0,0,0,16712188,"",0,0,0,0,0,0,0,0,0,0,0,0,0,0,0,16712188,"doms",1065353216,0,0,0,4294967295,"zeroth",0,""
"eous slaughter.","BlackwingLair","zeroth","Azeroth","","Blackwing Lair",0,0,0,0,0,0,0,0,0,0,0,0,0,0,0,16712190,"d","",0,0,0,0,0,0,0,0,0,0,0,0,0,0,0,16712188,"",0,0,0,0,0,0,0,0,0,0,0,0,0,0,0,16712188,"lley is the home of Thrall's own clan of orcs, the Frostwolves.

The Stormpike dwarves have established a foothold in the valley and seek to plumb its depths for riches and links to their ancestral past.

The territorial Frostwolves, unwilling to suffer the dwarven incursion, have rallied an army... an army eager for righteous slaughter.",1065353216,0,3320806221,3298317652,4294967295,"",0,"Testing"
"owfang","PVPZone03","eroth","Azeroth","Azeroth","Warsong Gulch",0,0,0,0,0,0,0,0,0,0,0,0,0,0,0,16712190,"th","A valley bordering Ashenvale Forest and the Barrens, Warsong Gulch hosts a constant battle between the Horde and the Alliance.

Orcs use their Warsong Mill to cut lumber reaped from Ashenvale, provoking the night elves of Silverwing Hold.

Eager to aid their allies, members of every race in Azeroth rush to the Gulch to lend sword, or spell, to the conflict.",0,0,0,0,0,0,0,0,0,0,0,0,0,0,0,16712190,"A valley bordering Ashenvale Forest and the Barrens, Warsong Gulch hosts a constant battle between the Horde and the Alliance.

Orcs use their Warsong Mill to cut lumber reaped from Ashenvale, provoking the night elves of Silverwing Hold.

Eager to aid their allies, members of every race in Azeroth rush to the Gulch to lend sword, or spell, to the conflict.",0,0,0,0,0,0,0,0,0,0,0,0,0,0,0,16712190,"untains, Alterac Valley is the home of Thrall's own clan of orcs, the Frostwolves.

The Stormpike dwarves have established a foothold in the valley and seek to plumb its depths for riches and links to their ancestral past.

The territorial Frostwolves, unwilling to suffer the dwarven incursion, have rallied an army... an army eager for righteous slaughter.",1065353216,0,0,0,4294967295,"",0,""
"ep","AhnQiraj","zeroth","Azeroth","","Ruins of Ahn'Qiraj",0,0,0,0,0,0,0,0,0,0,0,0,0,0,0,16712190,"rena","",0,0,0,0,0,0,0,0,0,0,0,0,0,0,0,16712188,"",0,0,0,0,0,0,0,0,0,0,0,0,0,0,0,16712188,"cs, the Frostwolves.

The Stormpike dwarves have established a foothold in the valley and seek to plumb its depths for riches and links to their ancestral past.

The territorial Frostwolves, unwilling to suffer the dwarven incursion, have rallied an army... an army eager for righteous slaughter.",1065353216,1,3321729975,1153354676,4294967295,"",68400,"gdoms"
"rmwind Stockade","PVPZone04","eroth","Azeroth","Azeroth","Arathi Basin",0,0,0,0,0,0,0,0,0,0,0,0,0,0,0,16712190,"Tombs","The Arathi Basin is one of the main staging points of war between the humans and the Forsaken in Azeroth.

The Defiler's elite troopers seek to sever the vital connection between the humans and their dwarven allies to the south.

Meanwhile, the League of Arathor seek to reclaim lost lands for their benefactors in Stormwind.",0,0,0,0,0,0,0,0,0,0,0,0,0,0,0,16712190,"The Arathi Basin is one of the main staging points of war between the humans and the Forsaken in Azeroth.

The League of Arathor seek to reclaim lost lands for their benefactors in Stormwind.

Meanwhile, the Defiler's elite troopers seek to sever the vital connection between the humans and their dwarven allies to the south.",0,0,0,0,0,0,0,0,0,0,0,0,0,0,0,16712190,"rcs, the Frostwolves.

The Stormpike dwarves have established a foothold in the valley and seek to plumb its depths for riches and links to their ancestral past.

The territorial Frostwolves, unwilling to suffer the dwarven incursion, have rallied an army... an army eager for righteous slaughter.",1067450368,0,0,0,4294967295,"",0,""
"mwind Stockade","Expansion01","","Azeroth","","Outland",0,0,0,0,0,0,0,0,0,0,0,0,0,0,0,16712190,"","",0,0,0,0,0,0,0,0,0,0,0,0,0,0,0,16712188,"",0,0,0,0,0,0,0,0,0,0,0,0,0,0,0,16712188,"olves.

The Stormpike dwarves have established a foothold in the valley and seek to plumb its depths for riches and links to their ancestral past.

The territorial Frostwolves, unwilling to suffer the dwarven incursion, have rallied an army... an army eager for righteous slaughter.",1065353216,0,0,0,4294967295,"Azeroth",0,""
"wind Stockade","AhnQirajTemple","zeroth","","","Ahn'Qiraj Temple",0,0,0,0,0,0,0,0,0,0,0,0,0,0,0,16712190,"Arena","",0,0,0,0,0,0,0,0,0,0,0,0,0,0,0,16712188,"",0,0,0,0,0,0,0,0,0,0,0,0,0,0,0,16712188,"s, the Frostwolves.

The Stormpike dwarves have established a foothold in the valley and seek to plumb its depths for riches and links to their ancestral past.

The territorial Frostwolves, unwilling to suffer the dwarven incursion, have rallied an army... an army eager for righteous slaughter.",1065353216,1,3321724363,1153358117,4294967295,"",0,"Testing"
"ind Stockade","Karazahn","zeroth","Azeroth","","Karazhan",0,0,0,0,0,0,0,0,0,0,0,0,0,0,0,16712190,"e From Durnholde","",0,0,0,0,0,0,0,0,0,0,0,0,0,0,0,16712188,"",0,0,0,0,0,0,0,0,0,0,0,0,0,0,0,16712188,"ves.

The Stormpike dwarves have established a foothold in the valley and seek to plumb its depths for riches and links to their ancestral past.

The territorial Frostwolves, unwilling to suffer the dwarven incursion, have rallied an army... an army eager for righteous slaughter.",1065353216,0,3324877217,3304751639,4294967295,"Azeroth",0,"astern Kingdoms"
"nd Stockade","Stratholme Raid","zeroth","","","Naxxramas",0,0,0,0,0,0,0,0,0,0,0,0,0,0,0,16712190,"pe From Durnholde","",0,0,0,0,0,0,0,0,0,0,0,0,0,0,0,16712188,"",0,0,0,0,0,0,0,0,0,0,0,0,0,0,0,16712188,"wolves.

The Stormpike dwarves have established a foothold in the valley and seek to plumb its depths for riches and links to their ancestral past.

The territorial Frostwolves, unwilling to suffer the dwarven incursion, have rallied an army... an army eager for righteous slaughter.",1065353216,0,0,0,4294967295,"zeroth",0,""
"d Stockade","HyjalPast","zeroth","Azeroth","","The Battle for Mount Hyjal",0,0,0,0,0,0,0,0,0,0,0,0,0,0,0,16712190,"Zone02","",0,0,0,0,0,0,0,0,0,0,0,0,0,0,0,16712188,"",0,0,0,0,0,0,0,0,0,0,0,0,0,0,0,16712188,"Stormpike dwarves have established a foothold in the valley and seek to plumb its depths for riches and links to their ancestral past.

The territorial Frostwolves, unwilling to suffer the dwarven incursion, have rallied an army... an army eager for righteous slaughter.",1065353216,1,3321861136,3313676391,4294967295,"Azeroth",0,""
"kade","HellfireMilitary","Azeroth","Azeroth","","Hellfire Citadel: The Shattered Halls",0,0,0,0,0,0,0,0,0,0,0,0,0,0,0,16712190,"coveted by the blood elves for its rich energy deposits.

The draenei seek to claim it due to its proximity to the naaru's mysterious vessel, Tempest Keep.","",0,0,0,0,0,0,0,0,0,0,0,0,0,0,0,16712188,"",0,0,0,0,0,0,0,0,0,0,0,0,0,0,0,16712188,"lves.

The Stormpike dwarves have established a foothold in the valley and seek to plumb its depths for riches and links to their ancestral past.

The territorial Frostwolves, unwilling to suffer the dwarven incursion, have rallied an army... an army eager for righteous slaughter.",1065353216,530,3281608972,1161791224,4294967295,"Azeroth",0,"oth"
"de","HellfireDemon","Azeroth","Azeroth","","Hellfire Citadel: The Blood Furnace",0,0,0,0,0,0,0,0,0,0,0,0,0,0,0,16712190," coveted by the blood elves for its rich energy deposits.

The draenei seek to claim it due to its proximity to the naaru's mysterious vessel, Tempest Keep.","",0,0,0,0,0,0,0,0,0,0,0,0,0,0,0,16712188,"",0,0,0,0,0,0,0,0,0,0,0,0,0,0,0,16712188,"lves.

The Stormpike dwarves have established a foothold in the valley and seek to plumb its depths for riches and links to their ancestral past.

The territorial Frostwolves, unwilling to suffer the dwarven incursion, have rallied an army... an army eager for righteous slaughter.",1065353216,530,3281237421,1162149858,4294967295,"Azeroth",0,"oth"
"e","HellfireRampart","Azeroth","Azeroth","","Hellfire Citadel: Ramparts",0,0,0,0,0,0,0,0,0,0,0,0,0,0,0,16712190,"erstormBG","",0,0,0,0,0,0,0,0,0,0,0,0,0,0,0,16712188,"",0,0,0,0,0,0,0,0,0,0,0,0,0,0,0,16712188,"lves.

The Stormpike dwarves have established a foothold in the valley and seek to plumb its depths for riches and links to their ancestral past.

The territorial Frostwolves, unwilling to suffer the dwarven incursion, have rallied an army... an army eager for righteous slaughter.",1065353216,530,3283355234,1161805396,4294967295,"Azeroth",0,"oth"
"","HellfireRaid","zeroth","Azeroth","","Magtheridon's Lair",0,0,0,0,0,0,0,0,0,0,0,0,0,0,0,16712190,"'s mysterious vessel, Tempest Keep.","",0,0,0,0,0,0,0,0,0,0,0,0,0,0,0,16712188,"",0,0,0,0,0,0,0,0,0,0,0,0,0,0,0,16712188,"The Stormpike dwarves have established a foothold in the valley and seek to plumb its depths for riches and links to their ancestral past.

The territorial Frostwolves, unwilling to suffer the dwarven incursion, have rallied an army... an army eager for righteous slaughter.",1065353216,530,3282378223,1161964077,4294967295,"Azeroth",0,""
"StormwindPrison","CoilfangPumping","Azeroth","Azeroth","","Coilfang: The Steamvault",0,0,0,0,0,0,0,0,0,0,0,0,0,0,0,16712190,"oveted by the blood elves for its rich energy deposits.

The draenei seek to claim it due to its proximity to the naaru's mysterious vessel, Tempest Keep.","",0,0,0,0,0,0,0,0,0,0,0,0,0,0,0,16712188,"",0,0,0,0,0,0,0,0,0,0,0,0,0,0,0,16712188,"
The Stormpike dwarves have established a foothold in the valley and seek to plumb its depths for riches and links to their ancestral past.

The territorial Frostwolves, unwilling to suffer the dwarven incursion, have rallied an army... an army eager for righteous slaughter.",1065353216,530,1144983045,1171789987,4294967295,"Azeroth",0,"oth"
"tormwindPrison","CoilfangMarsh","Azeroth","Azeroth","","Coilfang: The Underbog",0,0,0,0,0,0,0,0,0,0,0,0,0,0,0,16712190,"veted by the blood elves for its rich energy deposits.

The draenei seek to claim it due to its proximity to the naaru's mysterious vessel, Tempest Keep.","",0,0,0,0,0,0,0,0,0,0,0,0,0,0,0,16712188,"",0,0,0,0,0,0,0,0,0,0,0,0,0,0,0,16712188,"
The Stormpike dwarves have established a foothold in the valley and seek to plumb its depths for riches and links to their ancestral past.

The territorial Frostwolves, unwilling to suffer the dwarven incursion, have rallied an army... an army eager for righteous slaughter.",1065353216,530,1144989749,1171488917,4294967295,"Azeroth",0,"oth"
"ormwindPrison","CoilfangDraenei","Azeroth","Azeroth","","Coilfang: The Slave Pens",0,0,0,0,0,0,0,0,0,0,0,0,0,0,0,16712190,"eted by the blood elves for its rich energy deposits.

The draenei seek to claim it due to its proximity to the naaru's mysterious vessel, Tempest Keep.","",0,0,0,0,0,0,0,0,0,0,0,0,0,0,0,16712188,"",0,0,0,0,0,0,0,0,0,0,0,0,0,0,0,16712188,"
The Stormpike dwarves have established a foothold in the valley and seek to plumb its depths for riches and links to their ancestral past.

The territorial Frostwolves, unwilling to suffer the dwarven incursion, have rallied an army... an army eager for righteous slaughter.",1065353216,530,1144621600,1171987101,4294967295,"Azeroth",0,"oth"
"rmwindPrison","CoilfangRaid","zeroth","Azeroth","","Coilfang: Serpentshrine Cavern",0,0,0,0,0,0,0,0,0,0,0,0,0,0,0,16712190,"e the ravaged landscape of Netherstorm is the island known as the Eye of the Storm.

This battlefield is coveted by the blood elves for its rich energy deposits.

The draenei seek to claim it due to its proximity to the naaru's mysterious vessel, Tempest Keep.","",0,0,0,0,0,0,0,0,0,0,0,0,0,0,0,16712188,"",0,0,0,0,0,0,0,0,0,0,0,0,0,0,0,16712188,"
The Stormpike dwarves have established a foothold in the valley and seek to plumb its depths for riches and links to their ancestral past.

The territorial Frostwolves, unwilling to suffer the dwarven incursion, have rallied an army... an army eager for righteous slaughter.",1065353216,530,1145172564,1171687921,4294967295,"Azeroth",0,""
"windPrison","TempestKeepRaid","zeroth","Azeroth","","Tempest Keep",0,0,0,0,0,0,0,0,0,0,0,0,0,0,0,16712190,"ious vessel, Tempest Keep.","",0,0,0,0,0,0,0,0,0,0,0,0,0,0,0,16712188,"",0,0,0,0,0,0,0,0,0,0,0,0,0,0,0,16712188,"
The Stormpike dwarves have established a foothold in the valley and seek to plumb its depths for riches and links to their ancestral past.

The territorial Frostwolves, unwilling to suffer the dwarven incursion, have rallied an army... an army eager for righteous slaughter.",1065353216,0,0,0,4294967295,"Azeroth",0,""
"ndPrison","TempestKeepArcane","Azeroth","Azeroth","","Tempest Keep: The Arcatraz",0,0,0,0,0,0,0,0,0,0,0,0,0,0,0,16712190,"s vessel, Tempest Keep.","",0,0,0,0,0,0,0,0,0,0,0,0,0,0,0,16712188,"",0,0,0,0,0,0,0,0,0,0,0,0,0,0,0,16712188,"
The Stormpike dwarves have established a foothold in the valley and seek to plumb its depths for riches and links to their ancestral past.

The territorial Frostwolves, unwilling to suffer the dwarven incursion, have rallied an army... an army eager for righteous slaughter.",1065353216,0,0,0,4294967295,"Azeroth",0,"oth"
"dPrison","TempestKeepAtrium","Azeroth","Azeroth","","Tempest Keep: The Botanica",0,0,0,0,0,0,0,0,0,0,0,0,0,0,0,16712190,"us vessel, Tempest Keep.","",0,0,0,0,0,0,0,0,0,0,0,0,0,0,0,16712188,"",0,0,0,0,0,0,0,0,0,0,0,0,0,0,0,16712188,"
The Stormpike dwarves have established a foothold in the valley and seek to plumb its depths for riches and links to their ancestral past.

The territorial Frostwolves, unwilling to suffer the dwarven incursion, have rallied an army... an army eager for righteous slaughter.",1065353216,0,0,0,4294967295,"Azeroth",0,"oth"
"Prison","TempestKeepFactory","Azeroth","Azeroth","","Tempest Keep: The Mechanar",0,0,0,0,0,0,0,0,0,0,0,0,0,0,0,16712190," vessel, Tempest Keep.","",0,0,0,0,0,0,0,0,0,0,0,0,0,0,0,16712188,"",0,0,0,0,0,0,0,0,0,0,0,0,0,0,0,16712188,"
The Stormpike dwarves have established a foothold in the valley and seek to plumb its depths for riches and links to their ancestral past.

The territorial Frostwolves, unwilling to suffer the dwarven incursion, have rallied an army... an army eager for righteous slaughter.",1065353216,0,0,0,4294967295,"Azeroth",0,"oth"
"rison","AuchindounShadow","Azeroth","Azeroth","","Auchindoun: Shadow Labyrinth",0,0,0,0,0,0,0,0,0,0,0,0,0,0,0,16712190,"k to claim it due to its proximity to the naaru's mysterious vessel, Tempest Keep.","",0,0,0,0,0,0,0,0,0,0,0,0,0,0,0,16712188,"",0,0,0,0,0,0,0,0,0,0,0,0,0,0,0,16712188,"es.

The Stormpike dwarves have established a foothold in the valley and seek to plumb its depths for riches and links to their ancestral past.

The territorial Frostwolves, unwilling to suffer the dwarven incursion, have rallied an army... an army eager for righteous slaughter.",1065353216,530,3311635201,1167751501,4294967295,"Azeroth",0,"oth"
"ison","AuchindounDemon","Azeroth","Azeroth","","Auchindoun: Sethekk Halls",0,0,0,0,0,0,0,0,0,0,0,0,0,0,0,16712190,"to claim it due to its proximity to the naaru's mysterious vessel, Tempest Keep.","",0,0,0,0,0,0,0,0,0,0,0,0,0,0,0,16712188,"",0,0,0,0,0,0,0,0,0,0,0,0,0,0,0,16712188,"es.

The Stormpike dwarves have established a foothold in the valley and seek to plumb its depths for riches and links to their ancestral past.

The territorial Frostwolves, unwilling to suffer the dwarven incursion, have rallied an army... an army eager for righteous slaughter.",1065353216,530,3310493133,1167183037,4294967295,"Azeroth",0,"oth"
"son","AuchindounEthereal","Azeroth","Azeroth","","Auchindoun: Mana-Tombs",0,0,0,0,0,0,0,0,0,0,0,0,0,0,0,16712190,"o claim it due to its proximity to the naaru's mysterious vessel, Tempest Keep.","",0,0,0,0,0,0,0,0,0,0,0,0,0,0,0,16712188,"",0,0,0,0,0,0,0,0,0,0,0,0,0,0,0,16712188,"es.

The Stormpike dwarves have established a foothold in the valley and seek to plumb its depths for riches and links to their ancestral past.

The territorial Frostwolves, unwilling to suffer the dwarven incursion, have rallied an army... an army eager for righteous slaughter.",1065353216,530,3309377603,1167750669,4294967295,"Azeroth",0,"oth"
"on","AuchindounDraenei","Azeroth","Azeroth","","Auchindoun: Auchenai Crypts",0,0,0,0,0,0,0,0,0,0,0,0,0,0,0,16712190," to claim it due to its proximity to the naaru's mysterious vessel, Tempest Keep.","",0,0,0,0,0,0,0,0,0,0,0,0,0,0,0,16712188,"",0,0,0,0,0,0,0,0,0,0,0,0,0,0,0,16712188,"es.

The Stormpike dwarves have established a foothold in the valley and seek to plumb its depths for riches and links to their ancestral past.

The territorial Frostwolves, unwilling to suffer the dwarven incursion, have rallied an army... an army eager for righteous slaughter.",1065353216,530,3310499594,1168188324,4294967295,"Azeroth",0,"oth"
"n","PVPZone05","roth","Azeroth","","Nagrand Arena",0,0,0,0,0,0,0,0,0,0,0,0,0,0,0,16712190,"","",0,0,0,0,0,0,0,0,0,0,0,0,0,0,0,16712188,"",0,0,0,0,0,0,0,0,0,0,0,0,0,0,0,16712188,"ke dwarves have established a foothold in the valley and seek to plumb its depths for riches and links to their ancestral past.

The territorial Frostwolves, unwilling to suffer the dwarven incursion, have rallied an army... an army eager for righteous slaughter.",1065353216,0,0,0,4294967295,"",0,""
"","HillsbradPast","Azeroth","Azeroth","","The Escape From Durnholde",0,0,0,0,0,0,0,0,0,0,0,0,0,0,0,16712190,"lley and seek to plumb its depths for riches and links to their ancestral past.

The territorial Frostwolves, unwilling to suffer the dwarven incursion, have rallied an army... an army eager for righteous slaughter.","",0,0,0,0,0,0,0,0,0,0,0,0,0,0,0,16712188,"",0,0,0,0,0,0,0,0,0,0,0,0,0,0,0,16712188,"Stormpike dwarves have established a foothold in the valley and seek to plumb its depths for riches and links to their ancestral past.

The territorial Frostwolves, unwilling to suffer the dwarven incursion, have rallied an army... an army eager for righteous slaughter.",1065353216,1,3322009405,3313358884,4294967295,"Azeroth",0,"oth"
"unused>StormwindPrison","bladesedgearena","roth","Azeroth","","Blade's Edge Arena",0,0,0,0,0,0,0,0,0,0,0,0,0,0,0,16712190,"tlefield is coveted by the blood elves for its rich energy deposits.

The draenei seek to claim it due to its proximity to the naaru's mysterious vessel, Tempest Keep.","",0,0,0,0,0,0,0,0,0,0,0,0,0,0,0,16712188,"",0,0,0,0,0,0,0,0,0,0,0,0,0,0,0,16712188,"ike dwarves have established a foothold in the valley and seek to plumb its depths for riches and links to their ancestral past.

The territorial Frostwolves, unwilling to suffer the dwarven incursion, have rallied an army... an army eager for righteous slaughter.",1065353216,0,0,0,4294967295,"",0,""
"used>StormwindPrison","BlackTemple","zeroth","Azeroth","","Black Temple",0,0,0,0,0,0,0,0,0,0,0,0,0,0,0,16712190,"","",0,0,0,0,0,0,0,0,0,0,0,0,0,0,0,16712188,"",0,0,0,0,0,0,0,0,0,0,0,0,0,0,0,16712188,"rmpike dwarves have established a foothold in the valley and seek to plumb its depths for riches and links to their ancestral past.

The territorial Frostwolves, unwilling to suffer the dwarven incursion, have rallied an army... an army eager for righteous slaughter.",1065353216,530,3311650928,1134470551,4294967295,"Azeroth",0,""
"sed>StormwindPrison","GruulsLair","zeroth","Azeroth","","Gruul's Lair",0,0,0,0,0,0,0,0,0,0,0,0,0,0,0,16712190,"storm is the island known as the Eye of the Storm.

The draenei seek to claim it due to its proximity to the naaru's mysterious vessel, Tempest Keep.

This battlefield is coveted by the blood elves for its rich energy deposits.","",0,0,0,0,0,0,0,0,0,0,0,0,0,0,0,16712188,"",0,0,0,0,0,0,0,0,0,0,0,0,0,0,0,16712188,"tormpike dwarves have established a foothold in the valley and seek to plumb its depths for riches and links to their ancestral past.

The territorial Frostwolves, unwilling to suffer the dwarven incursion, have rallied an army... an army eager for righteous slaughter.",1065353216,530,1163679551,1168163125,4294967295,"Azeroth",0,""
"ed>StormwindPrison","NetherstormBG","eroth","Azeroth","Azeroth","Eye of the Storm",0,0,0,0,0,0,0,0,0,0,0,0,0,0,0,16712190,"","Hovering high above the ravaged landscape of Netherstorm is the island known as the Eye of the Storm.

This battlefield is coveted by the blood elves for its rich energy deposits.

The draenei seek to claim it due to its proximity to the naaru's mysterious vessel, Tempest Keep.",0,0,0,0,0,0,0,0,0,0,0,0,0,0,0,16712190,"Hovering high above the ravaged landscape of Netherstorm is the island known as the Eye of the Storm.

The draenei seek to claim it due to its proximity to the naaru's mysterious vessel, Tempest Keep.

This battlefield is coveted by the blood elves for its rich energy deposits.",0,0,0,0,0,0,0,0,0,0,0,0,0,0,0,16712190,"e Stormpike dwarves have established a foothold in the valley and seek to plumb its depths for riches and links to their ancestral past.

The territorial Frostwolves, unwilling to suffer the dwarven incursion, have rallied an army... an army eager for righteous slaughter.",1065353216,0,0,0,4294967295,"Azeroth",0,""
">StormwindPrison","ZulAman","zeroth","Azeroth","","Zul'Aman",0,0,0,0,0,0,0,0,0,0,0,0,0,0,0,16712190,"","",0,0,0,0,0,0,0,0,0,0,0,0,0,0,0,16712188,"",0,0,0,0,0,0,0,0,0,0,0,0,0,0,0,16712188,"ormpike dwarves have established a foothold in the valley and seek to plumb its depths for riches and links to their ancestral past.

The territorial Frostwolves, unwilling to suffer the dwarven incursion, have rallied an army... an army eager for righteous slaughter.",1065353216,530,1171658795,3321474485,4294967295,"Azeroth",0,"astern Kingdoms"
"ormwindPrison","Northrend","","imdor","","Northrend",0,0,0,0,0,0,0,0,0,0,0,0,0,0,0,16712190,"","",0,0,0,0,0,0,0,0,0,0,0,0,0,0,0,16712188,"",0,0,0,0,0,0,0,0,0,0,0,0,0,0,0,16712188,"mpike dwarves have established a foothold in the valley and seek to plumb its depths for riches and links to their ancestral past.

The territorial Frostwolves, unwilling to suffer the dwarven incursion, have rallied an army... an army eager for righteous slaughter.",1065353216,0,0,0,4294967295,"zeroth",0,""
"rmwindPrison","PVPLordaeron","roth","Azeroth","","Ruins of Lordaeron",0,0,0,0,0,0,0,0,0,0,0,0,0,0,0,16712190,"","",0,0,0,0,0,0,0,0,0,0,0,0,0,0,0,16712188,"",0,0,0,0,0,0,0,0,0,0,0,0,0,0,0,16712188,"pike dwarves have established a foothold in the valley and seek to plumb its depths for riches and links to their ancestral past.

The territorial Frostwolves, unwilling to suffer the dwarven incursion, have rallied an army... an army eager for righteous slaughter.",1065353216,0,0,0,4294967295,"",0,""
"mwindPrison","ExteriorTest","","n Kingdoms","","ExteriorTest",0,0,0,0,0,0,0,0,0,0,0,0,0,0,0,16712190,"","",0,0,0,0,0,0,0,0,0,0,0,0,0,0,0,16712188,"",0,0,0,0,0,0,0,0,0,0,0,0,0,0,0,16712188,"",1065353216,0,0,0,4294967295,"zeroth",0,""
"windPrison","Valgarde70","Azeroth","ern Kingdoms","","Utgarde Keep",0,0,0,0,0,0,0,0,0,0,0,0,0,0,0,16712190,"","",0,0,0,0,0,0,0,0,0,0,0,0,0,0,0,16712188,"",0,0,0,0,0,0,0,0,0,0,0,0,0,0,0,16712188,"e dwarves have established a foothold in the valley and seek to plumb its depths for riches and links to their ancestral past.

The territorial Frostwolves, unwilling to suffer the dwarven incursion, have rallied an army... an army eager for righteous slaughter.",1065353216,571,1150777421,3315082080,4294967295,"zeroth",0,"oth"
"indPrison","UtgardePinnacle","Azeroth","ern Kingdoms","","Utgarde Pinnacle",0,0,0,0,0,0,0,0,0,0,0,0,0,0,0,16712190,"","",0,0,0,0,0,0,0,0,0,0,0,0,0,0,0,16712188,"",0,0,0,0,0,0,0,0,0,0,0,0,0,0,0,16712188," dwarves have established a foothold in the valley and seek to plumb its depths for riches and links to their ancestral past.

The territorial Frostwolves, unwilling to suffer the dwarven incursion, have rallied an army... an army eager for righteous slaughter.",1065353216,571,1150946589,3315066785,4294967295,"zeroth",0,"oth"
"ndPrison","Nexus70","Azeroth","Azeroth","","The Nexus",0,0,0,0,0,0,0,0,0,0,0,0,0,0,0,16712190,"e","",0,0,0,0,0,0,0,0,0,0,0,0,0,0,0,16712188,"",0,0,0,0,0,0,0,0,0,0,0,0,0,0,0,16712188,"ves have established a foothold in the valley and seek to plumb its depths for riches and links to their ancestral past.

The territorial Frostwolves, unwilling to suffer the dwarven incursion, have rallied an army... an army eager for righteous slaughter.",1065353216,571,1165213392,1171934076,4294967295,"zeroth",0,"oth"
"Prison","Nexus80","Azeroth","ern Kingdoms","","The Oculus",0,0,0,0,0,0,0,0,0,0,0,0,0,0,0,16712190,"","",0,0,0,0,0,0,0,0,0,0,0,0,0,0,0,16712188,"",0,0,0,0,0,0,0,0,0,0,0,0,0,0,0,16712188,"es have established a foothold in the valley and seek to plumb its depths for riches and links to their ancestral past.

The territorial Frostwolves, unwilling to suffer the dwarven incursion, have rallied an army... an army eager for righteous slaughter.",1065353216,571,1165074117,1171931013,4294967295,"zeroth",0,"oth"
"ison","SunwellPlateau","zeroth","Azeroth","","The Sunwell",0,0,0,0,0,0,0,0,0,0,0,0,0,0,0,16712190,"","",0,0,0,0,0,0,0,0,0,0,0,0,0,0,0,16712188,"",0,0,0,0,0,0,0,0,0,0,0,0,0,0,0,16712188,"rves have established a foothold in the valley and seek to plumb its depths for riches and links to their ancestral past.

The territorial Frostwolves, unwilling to suffer the dwarven incursion, have rallied an army... an army eager for righteous slaughter.",1065353216,530,1178869517,3318985862,4294967295,"Azeroth",0,""
"on","Transport176244","","Azeroth","","Transport: Rut'theran to Auberdine",0,0,0,0,0,0,0,0,0,0,0,0,0,0,0,16712190,"","",0,0,0,0,0,0,0,0,0,0,0,0,0,0,0,16712188,"",0,0,0,0,0,0,0,0,0,0,0,0,0,0,0,16712188,"",1065353216,0,0,0,4294967295,"",0,""
"","Transport176231","","Azeroth","","Transport: Menethil to Theramore",0,0,0,0,0,0,0,0,0,0,0,0,0,0,0,16712190,"","",0,0,0,0,0,0,0,0,0,0,0,0,0,0,0,16712188,"",0,0,0,0,0,0,0,0,0,0,0,0,0,0,0,16712188,"",1065353216,0,0,0,4294967295,"",0,""
"DeadminesInstance","Sunwell5ManFix","Azeroth","ern Kingdoms","","Magister's Terrace",0,0,0,0,0,0,0,0,0,0,0,0,0,0,0,16712190,"","",0,0,0,0,0,0,0,0,0,0,0,0,0,0,0,16712188,"",0,0,0,0,0,0,0,0,0,0,0,0,0,0,0,16712188,"arves have established a foothold in the valley and seek to plumb its depths for riches and links to their ancestral past.

The territorial Frostwolves, unwilling to suffer the dwarven incursion, have rallied an army... an army eager for righteous slaughter.",1065353216,530,1179207580,3320150210,4294967295,"Azeroth",0,"oth"
"eadminesInstance","Transport181645","","Azeroth","","Transport: Exodar to Auberdine",0,0,0,0,0,0,0,0,0,0,0,0,0,0,0,16712190,"","",0,0,0,0,0,0,0,0,0,0,0,0,0,0,0,16712188,"",0,0,0,0,0,0,0,0,0,0,0,0,0,0,0,16712188,"",1065353216,0,0,0,4294967295,"",0,""
"adminesInstance","Transport177233","","Azeroth","","Transport: Feathermoon Ferry",0,0,0,0,0,0,0,0,0,0,0,0,0,0,0,16712190,"","",0,0,0,0,0,0,0,0,0,0,0,0,0,0,0,16712188,"",0,0,0,0,0,0,0,0,0,0,0,0,0,0,0,16712188,"",1065353216,0,0,0,4294967295,"",0,""
"dminesInstance","Transport176310","","Azeroth","","Transport: Menethil to Auberdine",0,0,0,0,0,0,0,0,0,0,0,0,0,0,0,16712190,"","",0,0,0,0,0,0,0,0,0,0,0,0,0,0,0,16712188,"",0,0,0,0,0,0,0,0,0,0,0,0,0,0,0,16712188,"",1065353216,0,0,0,4294967295,"",0,""
"minesInstance","Transport175080","","Azeroth","","Transport: Orgrimmar to Grom'Gol",0,0,0,0,0,0,0,0,0,0,0,0,0,0,0,16712190,"","",0,0,0,0,0,0,0,0,0,0,0,0,0,0,0,16712188,"",0,0,0,0,0,0,0,0,0,0,0,0,0,0,0,16712188,"",1065353216,0,0,0,4294967295,"",0,""
"inesInstance","Transport176495","","Azeroth","","Transport: Grom'Gol to Undercity",0,0,0,0,0,0,0,0,0,0,0,0,0,0,0,16712190,"","",0,0,0,0,0,0,0,0,0,0,0,0,0,0,0,16712188,"",0,0,0,0,0,0,0,0,0,0,0,0,0,0,0,16712188,"",1065353216,0,0,0,4294967295,"",0,""
"nesInstance","Transport164871","","Azeroth","","Transport: Undercity to Orgrimmar",0,0,0,0,0,0,0,0,0,0,0,0,0,0,0,16712190,"","",0,0,0,0,0,0,0,0,0,0,0,0,0,0,0,16712188,"",0,0,0,0,0,0,0,0,0,0,0,0,0,0,0,16712188,"",1065353216,0,0,0,4294967295,"",0,""
"esInstance","Transport186238","","Azeroth","","Transport: Borean Tundra Test",0,0,0,0,0,0,0,0,0,0,0,0,0,0,0,16712190,"","",0,0,0,0,0,0,0,0,0,0,0,0,0,0,0,16712188,"",0,0,0,0,0,0,0,0,0,0,0,0,0,0,0,16712188,"",1065353216,0,0,0,4294967295,"",0,""
"sInstance","Transport20808","","Azeroth","","Transport: Booty Bay to Ratchet",0,0,0,0,0,0,0,0,0,0,0,0,0,0,0,16712190,"","",0,0,0,0,0,0,0,0,0,0,0,0,0,0,0,16712188,"",0,0,0,0,0,0,0,0,0,0,0,0,0,0,0,16712188,"",1065353216,0,0,0,4294967295,"",0,""
"Instance","Transport187038","","Azeroth","","Transport: Howling Fjord Sister Mercy (Quest)",0,0,0,0,0,0,0,0,0,0,0,0,0,0,0,16712190,"","",0,0,0,0,0,0,0,0,0,0,0,0,0,0,0,16712188,"",0,0,0,0,0,0,0,0,0,0,0,0,0,0,0,16712188,"",1065353216,0,0,0,4294967295,"zeroth",0,""
"nstance","StratholmeCOT","Azeroth","Azeroth","","The Culling of Stratholme",0,0,0,0,0,0,0,0,0,0,0,0,0,0,0,16712190,"","",0,0,0,0,0,0,0,0,0,0,0,0,0,0,0,16712188,"",0,0,0,0,0,0,0,0,0,0,0,0,0,0,0,16712188,"dwarves have established a foothold in the valley and seek to plumb its depths for riches and links to their ancestral past.

The territorial Frostwolves, unwilling to suffer the dwarven incursion, have rallied an army... an army eager for righteous slaughter.",1065353216,1,3322466393,3314240344,4294967295,"zeroth",0,"oth"
"stance","Transport187263","","Azeroth","","Transport: Naglfar",0,0,0,0,0,0,0,0,0,0,0,0,0,0,0,16712190,"","",0,0,0,0,0,0,0,0,0,0,0,0,0,0,0,16712188,"",0,0,0,0,0,0,0,0,0,0,0,0,0,0,0,16712188,"",1065353216,0,0,0,4294967295,"zeroth",0,""
"tance","CraigTest","","n Kingdoms","","Craig Test",0,0,0,0,0,0,0,0,0,0,0,0,0,0,0,16712190,"","",0,0,0,0,0,0,0,0,0,0,0,0,0,0,0,16712188,"",0,0,0,0,0,0,0,0,0,0,0,0,0,0,0,16712188,"",1065353216,0,0,0,4294967295,"",0,""
"ance","Sunwell5Man","Azeroth","Azeroth","","Sunwell Fix (Unused)",0,0,0,0,0,0,0,0,0,0,0,0,0,0,0,16712190,"","",0,0,0,0,0,0,0,0,0,0,0,0,0,0,0,16712188,"",0,0,0,0,0,0,0,0,0,0,0,0,0,0,0,16712188,"roth",1065353216,0,0,0,4294967295,"Azeroth",0,"oth"
"nce","Ulduar70","Azeroth","ern Kingdoms","","Halls of Stone",0,0,0,0,0,0,0,0,0,0,0,0,0,0,0,16712190,"","",0,0,0,0,0,0,0,0,0,0,0,0,0,0,0,16712188,"",0,0,0,0,0,0,0,0,0,0,0,0,0,0,0,16712188,"have established a foothold in the valley and seek to plumb its depths for riches and links to their ancestral past.

The territorial Frostwolves, unwilling to suffer the dwarven incursion, have rallied an army... an army eager for righteous slaughter.",1065353216,571,1175152428,3295785885,4294967295,"zeroth",0,"oth"
"ce","DrakTheronKeep","Azeroth","ern Kingdoms","","Drak'Tharon Keep",0,0,0,0,0,0,0,0,0,0,0,0,0,0,0,16712190,"","",0,0,0,0,0,0,0,0,0,0,0,0,0,0,0,16712188,"",0,0,0,0,0,0,0,0,0,0,0,0,0,0,0,16712188,"s have established a foothold in the valley and seek to plumb its depths for riches and links to their ancestral past.

The territorial Frostwolves, unwilling to suffer the dwarven incursion, have rallied an army... an army eager for righteous slaughter.",1065353216,571,1167406250,3304907154,4294967295,"zeroth",0,"oth"
"e","Azjol_Uppercity","Azeroth","ern Kingdoms","","Azjol-Nerub",0,0,0,0,0,0,0,0,0,0,0,0,0,0,0,16712190,"","",0,0,0,0,0,0,0,0,0,0,0,0,0,0,0,16712188,"",0,0,0,0,0,0,0,0,0,0,0,0,0,0,0,16712188," have established a foothold in the valley and seek to plumb its depths for riches and links to their ancestral past.

The territorial Frostwolves, unwilling to suffer the dwarven incursion, have rallied an army... an army eager for righteous slaughter.",1065353216,571,1164280690,1158132839,4294967295,"zeroth",0,"oth"
"","Ulduar80","Azeroth","ern Kingdoms","","Halls of Lightning",0,0,0,0,0,0,0,0,0,0,0,0,0,0,0,16712190,"","",0,0,0,0,0,0,0,0,0,0,0,0,0,0,0,16712188,"",0,0,0,0,0,0,0,0,0,0,0,0,0,0,0,16712188,"ave established a foothold in the valley and seek to plumb its depths for riches and links to their ancestral past.

The territorial Frostwolves, unwilling to suffer the dwarven incursion, have rallied an army... an army eager for righteous slaughter.",1065353216,571,1175422042,3299694925,4294967295,"zeroth",0,"oth"
"Deadmines","UlduarRaid","zeroth","ern Kingdoms","","Ulduar",0,0,0,0,0,0,0,0,0,0,0,0,0,0,0,16712190,"","",0,0,0,0,0,0,0,0,0,0,0,0,0,0,0,16712188,"",0,0,0,0,0,0,0,0,0,0,0,0,0,0,0,16712190,"ed a foothold in the valley and seek to plumb its depths for riches and links to their ancestral past.

The territorial Frostwolves, unwilling to suffer the dwarven incursion, have rallied an army... an army eager for righteous slaughter.",1065353216,571,1175600508,3297469853,0,"zeroth",0,"oth"
"eadmines","GunDrak","Azeroth","ern Kingdoms","","Gundrak",0,0,0,0,0,0,0,0,0,0,0,0,0,0,0,16712190,"","",0,0,0,0,0,0,0,0,0,0,0,0,0,0,0,16712188,"",0,0,0,0,0,0,0,0,0,0,0,0,0,0,0,16712188,"tablished a foothold in the valley and seek to plumb its depths for riches and links to their ancestral past.

The territorial Frostwolves, unwilling to suffer the dwarven incursion, have rallied an army... an army eager for righteous slaughter.",1065353216,571,1171367385,3314644795,4294967295,"zeroth",0,"oth"
"admines","development_nonweighted","","Kingdoms","","Development Land (non-weighted textures)",0,0,0,0,0,0,0,0,0,0,0,0,0,0,0,16712190,"","",0,0,0,0,0,0,0,0,0,0,0,0,0,0,0,16712188,"",0,0,0,0,0,0,0,0,0,0,0,0,0,0,0,16712188,"doms",1065353216,0,0,0,4294967295,"",0,""
"dmines","QA_DVD","","dor","","QA and DVD",0,0,0,0,0,0,0,0,0,0,0,0,0,0,0,16712190,"","",0,0,0,0,0,0,0,0,0,0,0,0,0,0,0,16712188,"",0,0,0,0,0,0,0,0,0,0,0,0,0,0,0,16712188,"doms",1065353216,0,0,0,4294967295,"zeroth",0,""
"mines","NorthrendBG","eroth","imdor","Azeroth","Strand of the Ancients",0,0,0,0,0,0,0,0,0,0,0,0,0,0,0,16712190,"","To the south of Dragonblight lies the resting place of a legendary Titan artifact, known by the Alliance and Horde to possess critical information regarding the Titans and their methods.

Prepare yourself for battle, for fate cannot determine success upon this Strand of the Ancients.",0,0,0,0,0,0,0,0,0,0,0,0,0,0,0,16712190,"To the south of Dragonblight lies the resting place of a legendary Titan artifact, known by the Alliance and Horde to possess critical information regarding the Titans and their methods.

Prepare yourself for battle, for fate cannot determine success upon this Strand of the Ancients.",0,0,0,0,0,0,0,0,0,0,0,0,0,0,0,16712190,"ablished a foothold in the valley and seek to plumb its depths for riches and links to their ancestral past.

The territorial Frostwolves, unwilling to suffer the dwarven incursion, have rallied an army... an army eager for righteous slaughter.",1065353216,0,0,0,4294967295,"zeroth",0,""
"ines","DalaranPrison","Azeroth","imdor","","Violet Hold",0,0,0,0,0,0,0,0,0,0,0,0,0,0,0,16712190,"","",0,0,0,0,0,0,0,0,0,0,0,0,0,0,0,16712188,"",0,0,0,0,0,0,0,0,0,0,0,0,0,0,0,16712188,"established a foothold in the valley and seek to plumb its depths for riches and links to their ancestral past.

The territorial Frostwolves, unwilling to suffer the dwarven incursion, have rallied an army... an army eager for righteous slaughter.",1065353216,571,1169279979,1140393474,4294967295,"zeroth",0,"oth"
"nes","DeathKnightStart","","imdor","","Ebon Hold",0,0,0,0,0,0,0,0,0,0,0,0,0,0,0,16712190,"","",0,0,0,0,0,0,0,0,0,0,0,0,0,0,0,16712188,"",0,0,0,0,0,0,0,0,0,0,0,0,0,0,0,16712188,"e established a foothold in the valley and seek to plumb its depths for riches and links to their ancestral past.

The territorial Frostwolves, unwilling to suffer the dwarven incursion, have rallied an army... an army eager for righteous slaughter.",1065353216,0,0,0,4294967295,"zeroth",0,""
"es","Transport_Tirisfal _Vengeance_Landing","","Azeroth","","Transport: Tirisfal to Vengeance Landing",0,0,0,0,0,0,0,0,0,0,0,0,0,0,0,16712190,"","",0,0,0,0,0,0,0,0,0,0,0,0,0,0,0,16712188,"",0,0,0,0,0,0,0,0,0,0,0,0,0,0,0,16712188,"",1065353216,0,0,0,4294967295,"",0,""
"","Transport_Menethil_Valgarde","","Azeroth","","Transport: Menethil to Valgarde",0,0,0,0,0,0,0,0,0,0,0,0,0,0,0,16712190,"","",0,0,0,0,0,0,0,0,0,0,0,0,0,0,0,16712188,"",0,0,0,0,0,0,0,0,0,0,0,0,0,0,0,16712188,"",1065353216,0,0,0,4294967295,"",0,""
"PVPZone02","Transport_Orgrimmar_Warsong_Hold","","Azeroth","","Transport: Orgrimmar to Warsong Hold",0,0,0,0,0,0,0,0,0,0,0,0,0,0,0,16712190,"","",0,0,0,0,0,0,0,0,0,0,0,0,0,0,0,16712188,"",0,0,0,0,0,0,0,0,0,0,0,0,0,0,0,16712188,"",1065353216,0,0,0,4294967295,"",0,""
"VPZone02","Transport_Stormwind_Valiance_Keep","","Azeroth","","Transport: Stormwind to Valiance Keep",0,0,0,0,0,0,0,0,0,0,0,0,0,0,0,16712190,"","",0,0,0,0,0,0,0,0,0,0,0,0,0,0,0,16712188,"",0,0,0,0,0,0,0,0,0,0,0,0,0,0,0,16712188,"",1065353216,0,0,0,4294967295,"",0,""
"PZone02","ChamberOfAspectsBlack","zeroth","imdor","","The Obsidian Sanctum",0,0,0,0,0,0,0,0,0,0,0,0,0,0,0,16712190,"","",0,0,0,0,0,0,0,0,0,0,0,0,0,0,0,16712188,"",0,0,0,0,0,0,0,0,0,0,0,0,0,0,0,16712188,"blished a foothold in the valley and seek to plumb its depths for riches and links to their ancestral past.

The territorial Frostwolves, unwilling to suffer the dwarven incursion, have rallied an army... an army eager for righteous slaughter.",1065353216,571,1163321972,1132606302,4294967295,"zeroth",0,""
"Zone02","NexusRaid","zeroth","imdor","","The Eye of Eternity",0,0,0,0,0,0,0,0,0,0,0,0,0,0,0,16712190,"","",0,0,0,0,0,0,0,0,0,0,0,0,0,0,0,16712188,"",0,0,0,0,0,0,0,0,0,0,0,0,0,0,0,16712188,"stablished a foothold in the valley and seek to plumb its depths for riches and links to their ancestral past.

The territorial Frostwolves, unwilling to suffer the dwarven incursion, have rallied an army... an army eager for righteous slaughter.",1065353216,571,1165090740,1171931812,4294967295,"zeroth",0,"oth"
"one02","DalaranArena","roth","imdor","","Dalaran Sewers",0,0,0,0,0,0,0,0,0,0,0,0,0,0,0,16712190,"","",0,0,0,0,0,0,0,0,0,0,0,0,0,0,0,16712188,"",0,0,0,0,0,0,0,0,0,0,0,0,0,0,0,16712188,"shed a foothold in the valley and seek to plumb its depths for riches and links to their ancestral past.

The territorial Frostwolves, unwilling to suffer the dwarven incursion, have rallied an army... an army eager for righteous slaughter.",1065353216,0,0,0,0,"",0,""
"ne02","OrgrimmarArena","roth","imdor","","The Ring of Valor",0,0,0,0,0,0,0,0,0,0,0,0,0,0,0,16712190,"","",0,0,0,0,0,0,0,0,0,0,0,0,0,0,0,16712188,"",0,0,0,0,0,0,0,0,0,0,0,0,0,0,0,16712188,"lished a foothold in the valley and seek to plumb its depths for riches and links to their ancestral past.

The territorial Frostwolves, unwilling to suffer the dwarven incursion, have rallied an army... an army eager for righteous slaughter.",1065353216,0,0,0,720,"",0,""
"e02","Azjol_LowerCity","Azeroth","imdor","","Ahn'kahet: The Old Kingdom",0,0,0,0,0,0,0,0,0,0,0,0,0,0,0,16712190,"","",0,0,0,0,0,0,0,0,0,0,0,0,0,0,0,16712188,"",0,0,0,0,0,0,0,0,0,0,0,0,0,0,0,16712188," established a foothold in the valley and seek to plumb its depths for riches and links to their ancestral past.

The territorial Frostwolves, unwilling to suffer the dwarven incursion, have rallied an army... an army eager for righteous slaughter.",1065353216,571,1164154708,1157497355,4294967295,"zeroth",0,""
"02","Transport_Moa'ki_Unu'pe","","Azeroth","","Transport: Moa'ki to Unu'pe",0,0,0,0,0,0,0,0,0,0,0,0,0,0,0,16712190,"","",0,0,0,0,0,0,0,0,0,0,0,0,0,0,0,16712188,"",0,0,0,0,0,0,0,0,0,0,0,0,0,0,0,16712188,"",1065353216,0,0,0,4294967295,"zeroth",0,""
"2","Transport_Moa'ki_Kamagua","","Azeroth","","Transport: Moa'ki to Kamagua",0,0,0,0,0,0,0,0,0,0,0,0,0,0,0,16712190,"","",0,0,0,0,0,0,0,0,0,0,0,0,0,0,0,16712188,"",0,0,0,0,0,0,0,0,0,0,0,0,0,0,0,16712188,"",1065353216,0,0,0,4294967295,"zeroth",0,""
"","Transport192241","","Azeroth","","Transport: Orgrim's Hammer",0,0,0,0,0,0,0,0,0,0,0,0,0,0,0,16712190,"","",0,0,0,0,0,0,0,0,0,0,0,0,0,0,0,16712188,"",0,0,0,0,0,0,0,0,0,0,0,0,0,0,0,16712188,"",1065353216,0,0,0,4294967295,"zeroth",0,""
"Azshara Crater","Transport192242","","Azeroth","","Transport: The Skybreaker",0,0,0,0,0,0,0,0,0,0,0,0,0,0,0,16712190,"","",0,0,0,0,0,0,0,0,0,0,0,0,0,0,0,16712188,"",0,0,0,0,0,0,0,0,0,0,0,0,0,0,0,16712188,"",1065353216,0,0,0,4294967295,"zeroth",0,""
"zshara Crater","WintergraspRaid","zeroth","tt Test","","Vault of Archavon",0,0,0,0,0,0,0,0,0,0,0,0,0,0,0,16712190,"","",0,0,0,0,0,0,0,0,0,0,0,0,0,0,0,16712188,"",0,0,0,0,0,0,0,0,0,0,0,0,0,0,0,16712188,"hed a foothold in the valley and seek to plumb its depths for riches and links to their ancestral past.

The territorial Frostwolves, unwilling to suffer the dwarven incursion, have rallied an army... an army eager for righteous slaughter.",1065353216,571,1168867583,1160873303,4294967295,"zeroth",0,""
"ra Crater","IsleofConquest","eroth","imdor","Azeroth","Isle of Conquest",0,0,0,0,0,0,0,0,0,0,0,0,0,0,0,16712190,"","The Isle of Conquest is a point of strategic importance for the Alliance and Horde campaigns in Northrend.

Serving as an ideal staging ground for operations in Icecrown, each side is determined to secure control of the island.

With the 7th Legion and the Kor'kron Guard locked in deadly combat, both factions have issued a call to arms in hopes of tipping the scales in their favor and defeating the opposing general.",0,0,0,0,0,0,0,0,0,0,0,0,0,0,0,16712190,"The Isle of Conquest is a point of strategic importance for the Alliance and Horde campaigns in Northrend.

Serving as an ideal staging ground for operations in Icecrown, each side is determined to secure control of the island.

With the 7th Legion and the Kor'kron Guard locked in deadly combat, both factions have issued a call to arms in hopes of tipping the scales in their favor and defeating the opposing general.",0,0,0,0,0,0,0,0,0,0,0,0,0,0,0,16712190,"d a foothold in the valley and seek to plumb its depths for riches and links to their ancestral past.

The territorial Frostwolves, unwilling to suffer the dwarven incursion, have rallied an army... an army eager for righteous slaughter.",1065353216,0,0,0,4294967295,"zeroth",0,""
"Crater","IcecrownCitadel","zeroth","lumb its depths for riches and links to their ancestral past.

The territorial Frostwolves, unwilling to suffer the dwarven incursion, have rallied an army... an army eager for righteous slaughter.","","Icecrown Citadel",0,0,0,0,0,0,0,0,0,0,0,0,0,0,0,16712190,"","",0,0,0,0,0,0,0,0,0,0,0,0,0,0,0,16712188,"",0,0,0,0,0,0,0,0,0,0,0,0,0,0,0,16712188,"oothold in the valley and seek to plumb its depths for riches and links to their ancestral past.

The territorial Frostwolves, unwilling to suffer the dwarven incursion, have rallied an army... an army eager for righteous slaughter.",1065353216,571,1169459040,1157701355,4294967295,"zeroth",0,""
"rater","IcecrownCitadel5Man","Azeroth","imdor","","The Forge of Souls",0,0,0,0,0,0,0,0,0,0,0,0,0,0,0,16712190,"","",0,0,0,0,0,0,0,0,0,0,0,0,0,0,0,16712188,"",0,0,0,0,0,0,0,0,0,0,0,0,0,0,0,16712188,"foothold in the valley and seek to plumb its depths for riches and links to their ancestral past.

The territorial Frostwolves, unwilling to suffer the dwarven incursion, have rallied an army... an army eager for righteous slaughter.",1065353216,571,1169241685,1157264413,4294967295,"zeroth",0,""
"sh the Alliance!","Transport_AllianceAirshipBG","","Azeroth","","Transport: Alliance Airship BG",0,0,0,0,0,0,0,0,0,0,0,0,0,0,0,16712190,"","",0,0,0,0,0,0,0,0,0,0,0,0,0,0,0,16712188,"",0,0,0,0,0,0,0,0,0,0,0,0,0,0,0,16712188,"",1065353216,0,0,0,4294967295,"zeroth",0,""
"h the Alliance!","Transport_HordeAirshipBG","","Azeroth","","Transport: HordeAirshipBG",0,0,0,0,0,0,0,0,0,0,0,0,0,0,0,16712190,"","",0,0,0,0,0,0,0,0,0,0,0,0,0,0,0,16712188,"",0,0,0,0,0,0,0,0,0,0,0,0,0,0,0,16712188,"",1065353216,0,0,0,4294967295,"zeroth",0,""
" Alliance!","Transport_Orgrimmar_to_Thunderbluff","","Azeroth","","Transport: Orgrimmar to Thunder Bluff",0,0,0,0,0,0,0,0,0,0,0,0,0,0,0,16712190,"","",0,0,0,0,0,0,0,0,0,0,0,0,0,0,0,16712188,"",0,0,0,0,0,0,0,0,0,0,0,0,0,0,0,16712188,"",1065353216,0,0,0,4294967295,"zeroth",0,""
"lliance!","ArgentTournamentRaid","zeroth","imdor","","Trial of the Crusader",0,0,0,0,0,0,0,0,0,0,0,0,0,0,0,16712190,"","",0,0,0,0,0,0,0,0,0,0,0,0,0,0,0,16712188,"",0,0,0,0,0,0,0,0,0,0,0,0,0,0,0,16712188," a foothold in the valley and seek to plumb its depths for riches and links to their ancestral past.

The territorial Frostwolves, unwilling to suffer the dwarven incursion, have rallied an army... an army eager for righteous slaughter.",1065353216,571,1174736165,1144522951,4294967295,"zeroth",0,""
"liance!","ArgentTournamentDungeon","Azeroth","imdor","","Trial of the Champion",0,0,0,0,0,0,0,0,0,0,0,0,0,0,0,16712190,"","",0,0,0,0,0,0,0,0,0,0,0,0,0,0,0,16712188,"",0,0,0,0,0,0,0,0,0,0,0,0,0,0,0,16712188,"a foothold in the valley and seek to plumb its depths for riches and links to their ancestral past.

The territorial Frostwolves, unwilling to suffer the dwarven incursion, have rallied an army... an army eager for righteous slaughter.",1065353216,571,1174793661,1145441821,4294967295,"zeroth",0,""
"Defend yourself from the onslaught of the Horde!","QuarryofTears","Azeroth","imdor","","Pit of Saron",0,0,0,0,0,0,0,0,0,0,0,0,0,0,0,16712190,"","",0,0,0,0,0,0,0,0,0,0,0,0,0,0,0,16712188,"",0,0,0,0,0,0,0,0,0,0,0,0,0,0,0,16712188,"thold in the valley and seek to plumb its depths for riches and links to their ancestral past.

The territorial Frostwolves, unwilling to suffer the dwarven incursion, have rallied an army... an army eager for righteous slaughter.",1065353216,571,1169080437,1157318827,4294967295,"zeroth",0,""
"rself from the onslaught of the Horde!","HallsOfReflection","Azeroth","imdor","","Halls of Reflection",0,0,0,0,0,0,0,0,0,0,0,0,0,0,0,16712190,"","",0,0,0,0,0,0,0,0,0,0,0,0,0,0,0,16712188,"",0,0,0,0,0,0,0,0,0,0,0,0,0,0,0,16712188,"hold in the valley and seek to plumb its depths for riches and links to their ancestral past.

The territorial Frostwolves, unwilling to suffer the dwarven incursion, have rallied an army... an army eager for righteous slaughter.",1065353216,571,1169155840,1157015851,4294967295,"zeroth",0,""
"f from the onslaught of the Horde!","Transport197347","","Azeroth","","Transport: The Skybreaker (Icecrown Citadel Raid)",0,0,0,0,0,0,0,0,0,0,0,0,0,0,0,16712190,"","",0,0,0,0,0,0,0,0,0,0,0,0,0,0,0,16712188,"",0,0,0,0,0,0,0,0,0,0,0,0,0,0,0,16712188,"",1065353216,0,0,0,4294967295,"zeroth",0,""
" from the onslaught of the Horde!","Transport197348","","Azeroth","","Transport: Orgrim's Hammer (Icecrown Citadel Raid)",0,0,0,0,0,0,0,0,0,0,0,0,0,0,0,16712190,"","",0,0,0,0,0,0,0,0,0,0,0,0,0,0,0,16712188,"",0,0,0,0,0,0,0,0,0,0,0,0,0,0,0,16712188,"",1065353216,0,0,0,4294967295,"zeroth",0,""
"n","Transport197349","","Azeroth","","Transport: The Skybreaker (IC Dungeon)",0,0,0,0,0,0,0,0,0,0,0,0,0,0,0,16712190,"","",0,0,0,0,0,0,0,0,0,0,0,0,0,0,0,16712188,"",0,0,0,0,0,0,0,0,0,0,0,0,0,0,0,16712188,"",1065353216,0,0,0,4294967295,"zeroth",0,""
"","Transport197350","","Azeroth","","Transport: Orgrim's Hammer (IC Dungeon)",0,0,0,0,0,0,0,0,0,0,0,0,0,0,0,16712190,"","",0,0,0,0,0,0,0,0,0,0,0,0,0,0,0,16712188,"",0,0,0,0,0,0,0,0,0,0,0,0,0,0,0,16712188,"",1065353216,0,0,0,4294967295,"zeroth",0,""
"in's Test","Transport201834","","Azeroth","","Trasnport: The Mighty Wind (Icecrown Citadel Raid)",0,0,0,0,0,0,0,0,0,0,0,0,0,0,0,16712190,"","",0,0,0,0,0,0,0,0,0,0,0,0,0,0,0,16712188,"",0,0,0,0,0,0,0,0,0,0,0,0,0,0,0,16712188,"",1065353216,0,0,0,4294967295,"zeroth",0,""
"Test","Stormwind","","imdor","","Stormwind",0,0,0,0,0,0,0,0,0,0,0,0,0,0,0,16712190,"","",0,0,0,0,0,0,0,0,0,0,0,0,0,0,0,16712188,"",0,0,0,0,0,0,0,0,0,0,0,0,0,0,0,16712188,"",1065353216,0,0,0,4294967295,"",0,""
"est","ChamberofAspectsRed","zeroth","lumb its depths for riches and links to their ancestral past.

The territorial Frostwolves, unwilling to suffer the dwarven incursion, have rallied an army... an army eager for righteous slaughter.","","The Ruby Sanctum",0,0,0,0,0,0,0,0,0,0,0,0,0,0,0,16712190,"","",0,0,0,0,0,0,0,0,0,0,0,0,0,0,0,16712188,"",0,0,0,0,0,0,0,0,0,0,0,0,0,0,0,16712188,"old in the valley and seek to plumb its depths for riches and links to their ancestral past.

The territorial Frostwolves, unwilling to suffer the dwarven incursion, have rallied an army... an army eager for righteous slaughter.",1065353216,0,0,0,4294967295,"zeroth",0,""
