# fields=56 strings=0,2,3,20,37,38,55
"",7,"","Frost",0,0,0,0,0,0,0,0,0,0,0,0,0,0,0,16712190,"",0,0,0,0,0,0,0,0,0,0,0,0,0,0,0,16712188,"ense improves your chance to dodge, parry, and block attacks, makes you harder to hit,  and makes monsters less likely to land a critical strike against you.","",0,0,0,0,0,0,0,0,0,0,0,0,0,0,0,16712172,""
"ire",7,"","Fire",0,0,0,0,0,0,0,0,0,0,0,0,0,0,0,16712190,"",0,0,0,0,0,0,0,0,0,0,0,0,0,0,0,16712188,"r defense improves your chance to dodge, parry, and block attacks, makes you harder to hit,  and makes monsters less likely to land a critical strike against you.","",0,0,0,0,0,0,0,0,0,0,0,0,0,0,0,16712172,""
"btlety",7,"","Arms",0,0,0,0,0,0,0,0,0,0,0,0,0,0,0,16712190,"",0,0,0,0,0,0,0,0,0,0,0,0,0,0,0,16712188,"","",0,0,0,0,0,0,0,0,0,0,0,0,0,0,0,16712172,""
"s",7,"","Combat",0,0,0,0,0,0,0,0,0,0,0,0,0,0,0,16712190,"",0,0,0,0,0,0,0,0,0,0,0,0,0,0,0,16712188,"tacks, makes you harder to hit,  and makes monsters less likely to land a critical strike against you.","",0,0,0,0,0,0,0,0,0,0,0,0,0,0,0,16712172,""
"",7,"","Subtlety",0,0,0,0,0,0,0,0,0,0,0,0,0,0,0,16712190,"",0,0,0,0,0,0,0,0,0,0,0,0,0,0,0,16712188,"makes you harder to hit,  and makes monsters less likely to land a critical strike against you.","",0,0,0,0,0,0,0,0,0,0,0,0,0,0,0,16712172,""
"her weapon skill increases your chance to hit.",6,"","Swords",0,0,0,0,0,0,0,0,0,0,0,0,0,0,0,16712191,"Higher weapon skill increases your chance to hit.",0,0,0,0,0,0,0,0,0,0,0,0,0,0,0,16712190,"Frost","",0,0,0,0,0,0,0,0,0,0,0,0,0,0,0,16712172,""
"er weapon skill increases your chance to hit.",6,"","Axes",0,0,0,0,0,0,0,0,0,0,0,0,0,0,0,16712191,"Higher weapon skill increases your chance to hit.",0,0,0,0,0,0,0,0,0,0,0,0,0,0,0,16712190,"Frost","",0,0,0,0,0,0,0,0,0,0,0,0,0,0,0,16712172,""
"r weapon skill increases your chance to hit.",6,"","Bows",0,0,0,0,0,0,0,0,0,0,0,0,0,0,0,16712190,"Higher weapon skill increases your chance to hit.",0,0,0,0,0,0,0,0,0,0,0,0,0,0,0,16712190,"Frost","",0,0,0,0,0,0,0,0,0,0,0,0,0,0,0,16712172,""
" weapon skill increases your chance to hit.",6,"","Guns",0,0,0,0,0,0,0,0,0,0,0,0,0,0,0,16712190,"Higher weapon skill increases your chance to hit.",0,0,0,0,0,0,0,0,0,0,0,0,0,0,0,16712190,"Frost","",0,0,0,0,0,0,0,0,0,0,0,0,0,0,0,16712172,""
"pon skill increases your chance to hit.",7,"","Beast Mastery",0,0,0,0,0,0,0,0,0,0,0,0,0,0,0,16712190,"",0,0,0,0,0,0,0,0,0,0,0,0,0,0,0,16712188," you harder to hit,  and makes monsters less likely to land a critical strike against you.","",0,0,0,0,0,0,0,0,0,0,0,0,0,0,0,16712172,""
"on skill increases your chance to hit.",7,"","Survival",0,0,0,0,0,0,0,0,0,0,0,0,0,0,0,16712190,"",0,0,0,0,0,0,0,0,0,0,0,0,0,0,0,16712188,"ou harder to hit,  and makes monsters less likely to land a critical strike against you.","",0,0,0,0,0,0,0,0,0,0,0,0,0,0,0,16712172,""
"skill increases your chance to hit.",6,"","Maces",0,0,0,0,0,0,0,0,0,0,0,0,0,0,0,16712191,"Higher weapon skill increases your chance to hit.",0,0,0,0,0,0,0,0,0,0,0,0,0,0,0,16712190,"Frost","",0,0,0,0,0,0,0,0,0,0,0,0,0,0,0,16712172,""
"kill increases your chance to hit.",6,"","Two-Handed Swords",0,0,0,0,0,0,0,0,0,0,0,0,0,0,0,16712190,"Higher weapon skill increases your chance to hit.",0,0,0,0,0,0,0,0,0,0,0,0,0,0,0,16712190,"Frost","",0,0,0,0,0,0,0,0,0,0,0,0,0,0,0,16712172,""
"ill increases your chance to hit.",7,"","Holy",0,0,0,0,0,0,0,0,0,0,0,0,0,0,0,16712190,"",0,0,0,0,0,0,0,0,0,0,0,0,0,0,0,16712188,"your chance to hit.","",0,0,0,0,0,0,0,0,0,0,0,0,0,0,0,16712172,""
"nce to hit.",7,"","Shadow Magic",0,0,0,0,0,0,0,0,0,0,0,0,0,0,0,16712191,"",0,0,0,0,0,0,0,0,0,0,0,0,0,0,0,16712188," block attacks, makes you harder to hit,  and makes monsters less likely to land a critical strike against you.","",0,0,0,0,0,0,0,0,0,0,0,0,0,0,0,16712172,""
"Bows",6,"","Defense",0,0,0,0,0,0,0,0,0,0,0,0,0,0,0,16712190,"Higher defense improves your chance to dodge, parry, and block attacks, makes you harder to hit,  and makes monsters less likely to land a critical strike against you.",0,0,0,0,0,0,0,0,0,0,0,0,0,0,0,16712190,"Frost","",0,0,0,0,0,0,0,0,0,0,0,0,0,0,0,16712172,""
"s",10,"","Language: Common",0,0,0,0,0,0,0,0,0,0,0,0,0,0,0,16712190,"",0,0,0,0,0,0,0,0,0,0,0,0,0,0,0,16712188,"Frost","",0,0,0,0,0,0,0,0,0,0,0,0,0,0,0,16712172,""
"uns",9,"","Dwarven Racial",0,0,0,0,0,0,0,0,0,0,0,0,0,0,0,16712191,"",0,0,0,0,0,0,0,0,0,0,0,0,0,0,0,16712188,"Frost","",0,0,0,0,0,0,0,0,0,0,0,0,0,0,0,16712172,""
"t Mastery",10,"","Language: Orcish",0,0,0,0,0,0,0,0,0,0,0,0,0,0,0,16712190,"",0,0,0,0,0,0,0,0,0,0,0,0,0,0,0,16712188,"Frost","",0,0,0,0,0,0,0,0,0,0,0,0,0,0,0,16712172,""
"Mastery",10,"","Language: Dwarven",0,0,0,0,0,0,0,0,0,0,0,0,0,0,0,16712190,"",0,0,0,0,0,0,0,0,0,0,0,0,0,0,0,16712188,"Frost","",0,0,0,0,0,0,0,0,0,0,0,0,0,0,0,16712172,""
"stery",10,"","Language: Darnassian",0,0,0,0,0,0,0,0,0,0,0,0,0,0,0,16712190,"",0,0,0,0,0,0,0,0,0,0,0,0,0,0,0,16712188,"Frost","",0,0,0,0,0,0,0,0,0,0,0,0,0,0,0,16712172,""
"ery",10,"","Language: Taurahe",0,0,0,0,0,0,0,0,0,0,0,0,0,0,0,16712190,"",0,0,0,0,0,0,0,0,0,0,0,0,0,0,0,16712188,"Frost","",0,0,0,0,0,0,0,0,0,0,0,0,0,0,0,16712172,""
"",6,"","Dual Wield",0,0,0,0,0,0,0,0,0,0,0,0,0,0,0,16712190,"",0,0,0,0,0,0,0,0,0,0,0,0,0,0,0,16712188,"Frost","",0,0,0,0,0,0,0,0,0,0,0,0,0,0,0,16712172,""
"val",9,"","Tauren Racial",0,0,0,0,0,0,0,0,0,0,0,0,0,0,0,16712190,"",0,0,0,0,0,0,0,0,0,0,0,0,0,0,0,16712188,"Frost","",0,0,0,0,0,0,0,0,0,0,0,0,0,0,0,16712172,""
"al",9,"","Orc Racial",0,0,0,0,0,0,0,0,0,0,0,0,0,0,0,16712190,"",0,0,0,0,0,0,0,0,0,0,0,0,0,0,0,16712188,"Frost","",0,0,0,0,0,0,0,0,0,0,0,0,0,0,0,16712172,""
"l",9,"","Night Elf Racial",0,0,0,0,0,0,0,0,0,0,0,0,0,0,0,16712190,"",0,0,0,0,0,0,0,0,0,0,0,0,0,0,0,16712188,"Frost","",0,0,0,0,0,0,0,0,0,0,0,0,0,0,0,16712172,""
"aces",9,"","First Aid",0,0,0,0,0,0,0,0,0,0,0,0,0,0,0,16712190,"Higher first aid skill allows you to learn higher level first aid abilities.  First aid abilities can be found on trainers around the world as well as from quests and as drops from monsters.",0,0,0,0,0,0,0,0,0,0,0,0,0,0,0,16712190,"","",0,0,0,0,0,0,0,0,0,0,0,0,0,0,0,16712172,"Frost"
"Two-Handed Swords",7,"","Feral Combat",0,0,0,0,0,0,0,0,0,0,0,0,0,0,0,16712190,"",0,0,0,0,0,0,0,0,0,0,0,0,0,0,0,16712188,"ast Mastery","",0,0,0,0,0,0,0,0,0,0,0,0,0,0,0,16712172,""
"o-Handed Swords",6,"","Staves",0,0,0,0,0,0,0,0,0,0,0,0,0,0,0,16712191,"Higher weapon skill increases your chance to hit.",0,0,0,0,0,0,0,0,0,0,0,0,0,0,0,16712190,"Frost","",0,0,0,0,0,0,0,0,0,0,0,0,0,0,0,16712172,""
"-Handed Swords",10,"","Language: Thalassian",0,0,0,0,0,0,0,0,0,0,0,0,0,0,0,16712190,"",0,0,0,0,0,0,0,0,0,0,0,0,0,0,0,16712188,"Frost","",0,0,0,0,0,0,0,0,0,0,0,0,0,0,0,16712172,""
"Handed Swords",10,"","Language: Draconic",0,0,0,0,0,0,0,0,0,0,0,0,0,0,0,16712190,"",0,0,0,0,0,0,0,0,0,0,0,0,0,0,0,16712188,"Frost","",0,0,0,0,0,0,0,0,0,0,0,0,0,0,0,16712172,""
"anded Swords",10,"","Language: Demon Tongue",0,0,0,0,0,0,0,0,0,0,0,0,0,0,0,16712190,"",0,0,0,0,0,0,0,0,0,0,0,0,0,0,0,16712188,"Frost","",0,0,0,0,0,0,0,0,0,0,0,0,0,0,0,16712172,""
"nded Swords",10,"","Language: Titan",0,0,0,0,0,0,0,0,0,0,0,0,0,0,0,16712190,"",0,0,0,0,0,0,0,0,0,0,0,0,0,0,0,16712188,"Frost","",0,0,0,0,0,0,0,0,0,0,0,0,0,0,0,16712172,""
"ded Swords",10,"","Language: Old Tongue",0,0,0,0,0,0,0,0,0,0,0,0,0,0,0,16712190,"",0,0,0,0,0,0,0,0,0,0,0,0,0,0,0,16712188,"Frost","",0,0,0,0,0,0,0,0,0,0,0,0,0,0,0,16712172,""
"ed Swords",9,"","Survival",0,0,0,0,0,0,0,0,0,0,0,0,0,0,0,16712190,"",0,0,0,0,0,0,0,0,0,0,0,0,0,0,0,16712188,"Frost","",0,0,0,0,0,0,0,0,0,0,0,0,0,0,0,16712172,""
"rds",9,"","Horse Riding",0,0,0,0,0,0,0,0,0,0,0,0,0,0,0,16712190,"",0,0,0,0,0,0,0,0,0,0,0,0,0,0,0,16712188,"Frost","",0,0,0,0,0,0,0,0,0,0,0,0,0,0,0,16712172,""
"ds",9,"","Wolf Riding",0,0,0,0,0,0,0,0,0,0,0,0,0,0,0,16712190,"",0,0,0,0,0,0,0,0,0,0,0,0,0,0,0,16712188,"Frost","",0,0,0,0,0,0,0,0,0,0,0,0,0,0,0,16712172,""
"s",9,"","Tiger Riding",0,0,0,0,0,0,0,0,0,0,0,0,0,0,0,16712190,"",0,0,0,0,0,0,0,0,0,0,0,0,0,0,0,16712188,"Frost","",0,0,0,0,0,0,0,0,0,0,0,0,0,0,0,16712172,""
"Holy",9,"","Ram Riding",0,0,0,0,0,0,0,0,0,0,0,0,0,0,0,16712190,"",0,0,0,0,0,0,0,0,0,0,0,0,0,0,0,16712188,"Frost","",0,0,0,0,0,0,0,0,0,0,0,0,0,0,0,16712172,""
"y",9,"","Swimming",0,0,0,0,0,0,0,0,0,0,0,0,0,0,0,16712190,"",0,0,0,0,0,0,0,0,0,0,0,0,0,0,0,16712188,"Frost","",0,0,0,0,0,0,0,0,0,0,0,0,0,0,0,16712172,""
"dow Magic",6,"","Two-Handed Maces",0,0,0,0,0,0,0,0,0,0,0,0,0,0,0,16712190,"Higher weapon skill increases your chance to hit.",0,0,0,0,0,0,0,0,0,0,0,0,0,0,0,16712190,"Frost","",0,0,0,0,0,0,0,0,0,0,0,0,0,0,0,16712172,""
"w Magic",6,"","Unarmed",0,0,0,0,0,0,0,0,0,0,0,0,0,0,0,16712191,"Higher skill increases your chance to hit.",0,0,0,0,0,0,0,0,0,0,0,0,0,0,0,16712190,"Frost","",0,0,0,0,0,0,0,0,0,0,0,0,0,0,0,16712172,""
" Magic",7,"","Marksmanship",0,0,0,0,0,0,0,0,0,0,0,0,0,0,0,16712190,"",0,0,0,0,0,0,0,0,0,0,0,0,0,0,0,16712188,"l","",0,0,0,0,0,0,0,0,0,0,0,0,0,0,0,16712172,""
"Magic",11,"","Blacksmithing",0,0,0,0,0,0,0,0,0,0,0,0,0,0,0,16712190,"Higher smithing skill allows you to learn higher level smithing plans.  Blacksmithing plans can be found on trainers around the world as well as from quests and monsters.",0,0,0,0,0,0,0,0,0,0,0,0,0,0,0,16712190,"ainst you.","Modify",0,0,0,0,0,0,0,0,0,0,0,0,0,0,0,16712190,"Frost"
"agic",11,"","Leatherworking",0,0,0,0,0,0,0,0,0,0,0,0,0,0,0,16712190,"Higher leatherworking skill allows you to learn higher level leatherworking patterns.  Leatherworking patterns can be found on trainers around the world as well as from quests and monsters.",0,0,0,0,0,0,0,0,0,0,0,0,0,0,0,16712190,"Language: Common","Emboss",0,0,0,0,0,0,0,0,0,0,0,0,0,0,0,16712190,"Frost"
"efense",11,"","Alchemy",0,0,0,0,0,0,0,0,0,0,0,0,0,0,0,16712190,"Higher alchemy skill allows you to learn higher level alchemy recipes.  Alchemy recipes can be found on trainers around the world as well as from quests and monsters.",0,0,0,0,0,0,0,0,0,0,0,0,0,0,0,16712190,"t you.","Refill",0,0,0,0,0,0,0,0,0,0,0,0,0,0,0,16712190,"Frost"
"fense",6,"","Two-Handed Axes",0,0,0,0,0,0,0,0,0,0,0,0,0,0,0,16712190,"Higher weapon skill increases your chance to hit.",0,0,0,0,0,0,0,0,0,0,0,0,0,0,0,16712190,"Frost","",0,0,0,0,0,0,0,0,0,0,0,0,0,0,0,16712172,""
"ense",6,"","Daggers",0,0,0,0,0,0,0,0,0,0,0,0,0,0,0,16712191,"Higher weapon skill increases your chance to hit.",0,0,0,0,0,0,0,0,0,0,0,0,0,0,0,16712190,"Frost","",0,0,0,0,0,0,0,0,0,0,0,0,0,0,0,16712172,""
"e",6,"","Thrown",0,0,0,0,0,0,0,0,0,0,0,0,0,0,0,16712190,"Higher weapon skill increases your chance to hit.",0,0,0,0,0,0,0,0,0,0,0,0,0,0,0,16712190,"Frost","",0,0,0,0,0,0,0,0,0,0,0,0,0,0,0,16712172,""
"er defense improves your chance to dodge, parry, and block attacks, makes you harder to hit,  and makes monsters less likely to land a critical strike against you.",11,"","Herbalism",0,0,0,0,0,0,0,0,0,0,0,0,0,0,0,16712190,"Higher herbalism skill allows you to harvest more difficult herbs around the world.  If you cannot harvest a specific herb, then increase your skill by harvesting easier to gather herbs in lower level areas.",0,0,0,0,0,0,0,0,0,0,0,0,0,0,0,16712190,"","",0,0,0,0,0,0,0,0,0,0,0,0,0,0,0,16712172,""
"r defense improves your chance to dodge, parry, and block attacks, makes you harder to hit,  and makes monsters less likely to land a critical strike against you.",12,"","GENERIC (DND)",0,0,0,0,0,0,0,0,0,0,0,0,0,0,0,16712190,"",0,0,0,0,0,0,0,0,0,0,0,0,0,0,0,16712188,"Frost","",0,0,0,0,0,0,0,0,0,0,0,0,0,0,0,16712172,""
" defense improves your chance to dodge, parry, and block attacks, makes you harder to hit,  and makes monsters less likely to land a critical strike against you.",7,"","Retribution",0,0,0,0,0,0,0,0,0,0,0,0,0,0,0,16712190,"",0,0,0,0,0,0,0,0,0,0,0,0,0,0,0,16712188,"rn higher level first aid abilities.  First aid abilities can be found on trainers around the world as well as from quests and as drops from monsters.","",0,0,0,0,0,0,0,0,0,0,0,0,0,0,0,16712172,""
"defense improves your chance to dodge, parry, and block attacks, makes you harder to hit,  and makes monsters less likely to land a critical strike against you.",9,"","Cooking",0,0,0,0,0,0,0,0,0,0,0,0,0,0,0,16712190,"Higher cooking skill allows you to learn higher level cooking recipes.  Recipes can be found on trainers around the world as well as from quests and as drops from monsters.",0,0,0,0,0,0,0,0,0,0,0,0,0,0,0,16712190,"n be found on trainers around the world as well as from quests and monsters.","",0,0,0,0,0,0,0,0,0,0,0,0,0,0,0,16712172,"Frost"
"efense improves your chance to dodge, parry, and block attacks, makes you harder to hit,  and makes monsters less likely to land a critical strike against you.",11,"","Mining",0,0,0,0,0,0,0,0,0,0,0,0,0,0,0,16712190,"Higher mining skill allows you to harvest more difficult minerals nodes around the world.  If you cannot harvest a specific mineral, then increase your skill by mining easier to mine minerals in lower level areas.",0,0,0,0,0,0,0,0,0,0,0,0,0,0,0,16712190,"quests and monsters.","",0,0,0,0,0,0,0,0,0,0,0,0,0,0,0,16712172,""
"ense improves your chance to dodge, parry, and block attacks, makes you harder to hit,  and makes monsters less likely to land a critical strike against you.",7,"","Pet - Imp",0,0,0,0,0,0,0,0,0,0,0,0,0,0,0,16712190,"",0,0,0,0,0,0,0,0,0,0,0,0,0,0,0,16712188,"Frost","",0,0,0,0,0,0,0,0,0,0,0,0,0,0,0,16712172,""
"nse improves your chance to dodge, parry, and block attacks, makes you harder to hit,  and makes monsters less likely to land a critical strike against you.",7,"","Pet - Felhunter",0,0,0,0,0,0,0,0,0,0,0,0,0,0,0,16712190,"",0,0,0,0,0,0,0,0,0,0,0,0,0,0,0,16712188,"Frost","",0,0,0,0,0,0,0,0,0,0,0,0,0,0,0,16712172,""
"oves your chance to dodge, parry, and block attacks, makes you harder to hit,  and makes monsters less likely to land a critical strike against you.",11,"","Tailoring",0,0,0,0,0,0,0,0,0,0,0,0,0,0,0,16712190,"Higher tailoring skill allows you to learn higher level tailoring patterns.  Tailoring patterns can be found on trainers around the world as well as from quests and monsters.",0,0,0,0,0,0,0,0,0,0,0,0,0,0,0,16712190,"you.","Embroider",0,0,0,0,0,0,0,0,0,0,0,0,0,0,0,16712190,"Frost"
"your chance to dodge, parry, and block attacks, makes you harder to hit,  and makes monsters less likely to land a critical strike against you.",11,"","Engineering",0,0,0,0,0,0,0,0,0,0,0,0,0,0,0,16712190,"Higher engineering skill allows you to learn higher level engineering schematics.  Schematics can be found on trainers around the world as well as from quests and monsters.",0,0,0,0,0,0,0,0,0,0,0,0,0,0,0,16712190,"against you.","Tinker",0,0,0,0,0,0,0,0,0,0,0,0,0,0,0,16712190,"Frost"
"our chance to dodge, parry, and block attacks, makes you harder to hit,  and makes monsters less likely to land a critical strike against you.",7,"","Pet - Spider",0,0,0,0,0,0,0,0,0,0,0,0,0,0,0,16712190,"",0,0,0,0,0,0,0,0,0,0,0,0,0,0,0,16712188,"Frost","",0,0,0,0,0,0,0,0,0,0,0,0,0,0,0,16712172,""
"ur chance to dodge, parry, and block attacks, makes you harder to hit,  and makes monsters less likely to land a critical strike against you.",7,"","Pet - Voidwalker",0,0,0,0,0,0,0,0,0,0,0,0,0,0,0,16712190,"",0,0,0,0,0,0,0,0,0,0,0,0,0,0,0,16712188,"Frost","",0,0,0,0,0,0,0,0,0,0,0,0,0,0,0,16712172,""
"r chance to dodge, parry, and block attacks, makes you harder to hit,  and makes monsters less likely to land a critical strike against you.",7,"","Pet - Succubus",0,0,0,0,0,0,0,0,0,0,0,0,0,0,0,16712190,"",0,0,0,0,0,0,0,0,0,0,0,0,0,0,0,16712188,"Frost","",0,0,0,0,0,0,0,0,0,0,0,0,0,0,0,16712172,""
" chance to dodge, parry, and block attacks, makes you harder to hit,  and makes monsters less likely to land a critical strike against you.",7,"","Pet - Infernal",0,0,0,0,0,0,0,0,0,0,0,0,0,0,0,16712190,"",0,0,0,0,0,0,0,0,0,0,0,0,0,0,0,16712188,"Frost","",0,0,0,0,0,0,0,0,0,0,0,0,0,0,0,16712172,""
"chance to dodge, parry, and block attacks, makes you harder to hit,  and makes monsters less likely to land a critical strike against you.",7,"","Pet - Doomguard",0,0,0,0,0,0,0,0,0,0,0,0,0,0,0,16712190,"",0,0,0,0,0,0,0,0,0,0,0,0,0,0,0,16712188,"Frost","",0,0,0,0,0,0,0,0,0,0,0,0,0,0,0,16712172,""
"hance to dodge, parry, and block attacks, makes you harder to hit,  and makes monsters less likely to land a critical strike against you.",7,"","Pet - Wolf",0,0,0,0,0,0,0,0,0,0,0,0,0,0,0,16712190,"",0,0,0,0,0,0,0,0,0,0,0,0,0,0,0,16712188,"Frost","",0,0,0,0,0,0,0,0,0,0,0,0,0,0,0,16712172,""
"ance to dodge, parry, and block attacks, makes you harder to hit,  and makes monsters less likely to land a critical strike against you.",7,"","Pet - Cat",0,0,0,0,0,0,0,0,0,0,0,0,0,0,0,16712190,"",0,0,0,0,0,0,0,0,0,0,0,0,0,0,0,16712188,"Frost","",0,0,0,0,0,0,0,0,0,0,0,0,0,0,0,16712172,""
"nce to dodge, parry, and block attacks, makes you harder to hit,  and makes monsters less likely to land a critical strike against you.",7,"","Pet - Bear",0,0,0,0,0,0,0,0,0,0,0,0,0,0,0,16712190,"",0,0,0,0,0,0,0,0,0,0,0,0,0,0,0,16712188,"Frost","",0,0,0,0,0,0,0,0,0,0,0,0,0,0,0,16712172,""
"ce to dodge, parry, and block attacks, makes you harder to hit,  and makes monsters less likely to land a critical strike against you.",7,"","Pet - Boar",0,0,0,0,0,0,0,0,0,0,0,0,0,0,0,16712190,"",0,0,0,0,0,0,0,0,0,0,0,0,0,0,0,16712188,"Frost","",0,0,0,0,0,0,0,0,0,0,0,0,0,0,0,16712172,""
"e to dodge, parry, and block attacks, makes you harder to hit,  and makes monsters less likely to land a critical strike against you.",7,"","Pet - Crocolisk",0,0,0,0,0,0,0,0,0,0,0,0,0,0,0,16712190,"",0,0,0,0,0,0,0,0,0,0,0,0,0,0,0,16712188,"Frost","",0,0,0,0,0,0,0,0,0,0,0,0,0,0,0,16712172,""
" to dodge, parry, and block attacks, makes you harder to hit,  and makes monsters less likely to land a critical strike against you.",7,"","Pet - Carrion Bird",0,0,0,0,0,0,0,0,0,0,0,0,0,0,0,16712190,"",0,0,0,0,0,0,0,0,0,0,0,0,0,0,0,16712188,"Frost","",0,0,0,0,0,0,0,0,0,0,0,0,0,0,0,16712172,""
"to dodge, parry, and block attacks, makes you harder to hit,  and makes monsters less likely to land a critical strike against you.",7,"","Pet - Crab",0,0,0,0,0,0,0,0,0,0,0,0,0,0,0,16712190,"",0,0,0,0,0,0,0,0,0,0,0,0,0,0,0,16712188,"Frost","",0,0,0,0,0,0,0,0,0,0,0,0,0,0,0,16712172,""
"o dodge, parry, and block attacks, makes you harder to hit,  and makes monsters less likely to land a critical strike against you.",7,"","Pet - Gorilla",0,0,0,0,0,0,0,0,0,0,0,0,0,0,0,16712190,"",0,0,0,0,0,0,0,0,0,0,0,0,0,0,0,16712188,"Frost","",0,0,0,0,0,0,0,0,0,0,0,0,0,0,0,16712172,""
"dodge, parry, and block attacks, makes you harder to hit,  and makes monsters less likely to land a critical strike against you.",7,"","Pet - Raptor",0,0,0,0,0,0,0,0,0,0,0,0,0,0,0,16712190,"",0,0,0,0,0,0,0,0,0,0,0,0,0,0,0,16712188,"Frost","",0,0,0,0,0,0,0,0,0,0,0,0,0,0,0,16712172,""
"odge, parry, and block attacks, makes you harder to hit,  and makes monsters less likely to land a critical strike against you.",7,"","Pet - Tallstrider",0,0,0,0,0,0,0,0,0,0,0,0,0,0,0,16712190,"",0,0,0,0,0,0,0,0,0,0,0,0,0,0,0,16712188,"Frost","",0,0,0,0,0,0,0,0,0,0,0,0,0,0,0,16712172,""
"ge, parry, and block attacks, makes you harder to hit,  and makes monsters less likely to land a critical strike against you.",9,"","Racial - Undead",0,0,0,0,0,0,0,0,0,0,0,0,0,0,0,16712190,"",0,0,0,0,0,0,0,0,0,0,0,0,0,0,0,16712188,"Frost","",0,0,0,0,0,0,0,0,0,0,0,0,0,0,0,16712172,""
"rry, and block attacks, makes you harder to hit,  and makes monsters less likely to land a critical strike against you.",6,"","Crossbows",0,0,0,0,0,0,0,0,0,0,0,0,0,0,0,16712190,"Higher weapon skill increases your chance to hit.",0,0,0,0,0,0,0,0,0,0,0,0,0,0,0,16712190,"Frost","",0,0,0,0,0,0,0,0,0,0,0,0,0,0,0,16712172,""
"y, and block attacks, makes you harder to hit,  and makes monsters less likely to land a critical strike against you.",6,"","Wands",0,0,0,0,0,0,0,0,0,0,0,0,0,0,0,16712190,"Higher weapon skill increases your chance to hit.",0,0,0,0,0,0,0,0,0,0,0,0,0,0,0,16712190,"Frost","",0,0,0,0,0,0,0,0,0,0,0,0,0,0,0,16712172,""
", and block attacks, makes you harder to hit,  and makes monsters less likely to land a critical strike against you.",6,"","Polearms",0,0,0,0,0,0,0,0,0,0,0,0,0,0,0,16712190,"Higher weapon skill increases your chance to hit.",0,0,0,0,0,0,0,0,0,0,0,0,0,0,0,16712190,"Frost","",0,0,0,0,0,0,0,0,0,0,0,0,0,0,0,16712172,""
"lock attacks, makes you harder to hit,  and makes monsters less likely to land a critical strike against you.",7,"","Pet - Scorpid",0,0,0,0,0,0,0,0,0,0,0,0,0,0,0,16712190,"",0,0,0,0,0,0,0,0,0,0,0,0,0,0,0,16712188,"Frost","",0,0,0,0,0,0,0,0,0,0,0,0,0,0,0,16712172,""
"ock attacks, makes you harder to hit,  and makes monsters less likely to land a critical strike against you.",7,"","Arcane",0,0,0,0,0,0,0,0,0,0,0,0,0,0,0,16712190,"",0,0,0,0,0,0,0,0,0,0,0,0,0,0,0,16712188,"al","",0,0,0,0,0,0,0,0,0,0,0,0,0,0,0,16712172,""
"akes you harder to hit,  and makes monsters less likely to land a critical strike against you.",7,"","Pet - Turtle",0,0,0,0,0,0,0,0,0,0,0,0,0,0,0,16712190,"",0,0,0,0,0,0,0,0,0,0,0,0,0,0,0,16712188,"Frost","",0,0,0,0,0,0,0,0,0,0,0,0,0,0,0,16712172,""
"es you harder to hit,  and makes monsters less likely to land a critical strike against you.",7,"","Assassination",0,0,0,0,0,0,0,0,0,0,0,0,0,0,0,16712190,"",0,0,0,0,0,0,0,0,0,0,0,0,0,0,0,16712188,"","",0,0,0,0,0,0,0,0,0,0,0,0,0,0,0,16712172,""
"you harder to hit,  and makes monsters less likely to land a critical strike against you.",7,"","Fury",0,0,0,0,0,0,0,0,0,0,0,0,0,0,0,16712190,"",0,0,0,0,0,0,0,0,0,0,0,0,0,0,0,16712188,"her level first aid abilities.  First aid abilities can be found on trainers around the world as well as from quests and as drops from monsters.","",0,0,0,0,0,0,0,0,0,0,0,0,0,0,0,16712172,""
"ou harder to hit,  and makes monsters less likely to land a critical strike against you.",7,"","Protection",0,0,0,0,0,0,0,0,0,0,0,0,0,0,0,16712190,"",0,0,0,0,0,0,0,0,0,0,0,0,0,0,0,16712188,"and makes monsters less likely to land a critical strike against you.","",0,0,0,0,0,0,0,0,0,0,0,0,0,0,0,16712172,""
"to hit,  and makes monsters less likely to land a critical strike against you.",7,"","Protection",0,0,0,0,0,0,0,0,0,0,0,0,0,0,0,16712190,"",0,0,0,0,0,0,0,0,0,0,0,0,0,0,0,16712188,"ers less likely to land a critical strike against you.","",0,0,0,0,0,0,0,0,0,0,0,0,0,0,0,16712172,""
"hit,  and makes monsters less likely to land a critical strike against you.",7,"","Pet - Generic Hunter",0,0,0,0,0,0,0,0,0,0,0,0,0,0,0,16712190,"",0,0,0,0,0,0,0,0,0,0,0,0,0,0,0,16712188,"Frost","",0,0,0,0,0,0,0,0,0,0,0,0,0,0,0,16712172,""
"s less likely to land a critical strike against you.",8,"","Plate Mail",0,0,0,0,0,0,0,0,0,0,0,0,0,0,0,16712190,"Allows the wearing of plate armor.",0,0,0,0,0,0,0,0,0,0,0,0,0,0,0,16712190,"Frost","",0,0,0,0,0,0,0,0,0,0,0,0,0,0,0,16712172,""
"d a critical strike against you.",10,"","Language: Gnomish",0,0,0,0,0,0,0,0,0,0,0,0,0,0,0,16712190,"",0,0,0,0,0,0,0,0,0,0,0,0,0,0,0,16712188,"Frost","",0,0,0,0,0,0,0,0,0,0,0,0,0,0,0,16712172,""
"a critical strike against you.",10,"","Language: Troll",0,0,0,0,0,0,0,0,0,0,0,0,0,0,0,16712190,"",0,0,0,0,0,0,0,0,0,0,0,0,0,0,0,16712188,"Frost","",0,0,0,0,0,0,0,0,0,0,0,0,0,0,0,16712172,""
"against you.",11,"","Enchanting",0,0,0,0,0,0,0,0,0,0,0,0,0,0,0,16712190,"Higher enchanting skill allows you to learn more powerful formulae.  Formulae can be found on trainers around the world as well as from quests and monsters.",0,0,0,0,0,0,0,0,0,0,0,0,0,0,0,16712190,"id abilities.  First aid abilities can be found on trainers around the world as well as from quests and as drops from monsters.","Enchant",0,0,0,0,0,0,0,0,0,0,0,0,0,0,0,16712190,"Frost"
": Common",7,"","Demonology",0,0,0,0,0,0,0,0,0,0,0,0,0,0,0,16712190,"",0,0,0,0,0,0,0,0,0,0,0,0,0,0,0,16712188,"Axes","",0,0,0,0,0,0,0,0,0,0,0,0,0,0,0,16712172,""
" Common",7,"","Affliction",0,0,0,0,0,0,0,0,0,0,0,0,0,0,0,16712190,"",0,0,0,0,0,0,0,0,0,0,0,0,0,0,0,16712188,".","",0,0,0,0,0,0,0,0,0,0,0,0,0,0,0,16712172,""
"Common",9,"","Fishing",0,0,0,0,0,0,0,0,0,0,0,0,0,0,0,16712190,"Higher fishing skill increases your chance of catching fish in bodies of water around the world.  If you are having trouble catching fish in a given area, move to a lower level area or purchase a fishing lure and try again.",0,0,0,0,0,0,0,0,0,0,0,0,0,0,0,16712190," abilities.  First aid abilities can be found on trainers around the world as well as from quests and as drops from monsters.","",0,0,0,0,0,0,0,0,0,0,0,0,0,0,0,16712172,""
"cial",7,"","Enhancement",0,0,0,0,0,0,0,0,0,0,0,0,0,0,0,16712190,"",0,0,0,0,0,0,0,0,0,0,0,0,0,0,0,16712188,"mbat","",0,0,0,0,0,0,0,0,0,0,0,0,0,0,0,16712172,""
"ial",7,"","Restoration",0,0,0,0,0,0,0,0,0,0,0,0,0,0,0,16712190,"",0,0,0,0,0,0,0,0,0,0,0,0,0,0,0,16712188,"rms","",0,0,0,0,0,0,0,0,0,0,0,0,0,0,0,16712172,""
"al",7,"","Elemental Combat",0,0,0,0,0,0,0,0,0,0,0,0,0,0,0,16712190,"",0,0,0,0,0,0,0,0,0,0,0,0,0,0,0,16712188,"creases your chance to hit.","",0,0,0,0,0,0,0,0,0,0,0,0,0,0,0,16712172,""
"h",11,"","Skinning",0,0,0,0,0,0,0,0,0,0,0,0,0,0,0,16712190,"Higher skinning skill allows you to skin hides from higher level monsters around the world.    Once your skill is above 100, you can divide your skill by 5 to determine the highest level of monster you can skin.",0,0,0,0,0,0,0,0,0,0,0,0,0,0,0,16712190,"Frost","",0,0,0,0,0,0,0,0,0,0,0,0,0,0,0,16712172,""
"Language: Darnassian",8,"","Mail",0,0,0,0,0,0,0,0,0,0,0,0,0,0,0,16712190,"Allows the wearing of mail armor.",0,0,0,0,0,0,0,0,0,0,0,0,0,0,0,16712190,"Frost","",0,0,0,0,0,0,0,0,0,0,0,0,0,0,0,16712172,""
"anguage: Darnassian",8,"","Leather",0,0,0,0,0,0,0,0,0,0,0,0,0,0,0,16712190,"Allows the wearing of leather armor.",0,0,0,0,0,0,0,0,0,0,0,0,0,0,0,16712190,"Frost","",0,0,0,0,0,0,0,0,0,0,0,0,0,0,0,16712172,""
"nguage: Darnassian",8,"","Cloth",0,0,0,0,0,0,0,0,0,0,0,0,0,0,0,16712190,"Allows the wearing of cloth armor.",0,0,0,0,0,0,0,0,0,0,0,0,0,0,0,16712190,"Frost","",0,0,0,0,0,0,0,0,0,0,0,0,0,0,0,16712172,""
"",8,"","Shield",0,0,0,0,0,0,0,0,0,0,0,0,0,0,0,16712190,"Allows the use of shields.",0,0,0,0,0,0,0,0,0,0,0,0,0,0,0,16712190,"Frost","",0,0,0,0,0,0,0,0,0,0,0,0,0,0,0,16712172,""
"ial",6,"","Fist Weapons",0,0,0,0,0,0,0,0,0,0,0,0,0,0,0,16712190,"Allows for the use of fist weapons.  Chance to hit is determined by the Unarmed skill.",0,0,0,0,0,0,0,0,0,0,0,0,0,0,0,16712190,"Frost","",0,0,0,0,0,0,0,0,0,0,0,0,0,0,0,16712172,""
"kill allows you to learn higher level first aid abilities.  First aid abilities can be found on trainers around the world as well as from quests and as drops from monsters.",9,"","Raptor Riding",0,0,0,0,0,0,0,0,0,0,0,0,0,0,0,16712190,"",0,0,0,0,0,0,0,0,0,0,0,0,0,0,0,16712188,"Frost","",0,0,0,0,0,0,0,0,0,0,0,0,0,0,0,16712172,""
"earn higher level first aid abilities.  First aid abilities can be found on trainers around the world as well as from quests and as drops from monsters.",9,"","Mechanostrider Piloting",0,0,0,0,0,0,0,0,0,0,0,0,0,0,0,16712190,"",0,0,0,0,0,0,0,0,0,0,0,0,0,0,0,16712188,"Frost","",0,0,0,0,0,0,0,0,0,0,0,0,0,0,0,16712172,""
"arn higher level first aid abilities.  First aid abilities can be found on trainers around the world as well as from quests and as drops from monsters.",9,"","Undead Horsemanship",0,0,0,0,0,0,0,0,0,0,0,0,0,0,0,16712190,"",0,0,0,0,0,0,0,0,0,0,0,0,0,0,0,16712188,"Frost","",0,0,0,0,0,0,0,0,0,0,0,0,0,0,0,16712172,""
"rst aid abilities.  First aid abilities can be found on trainers around the world as well as from quests and as drops from monsters.",7,"","Restoration",0,0,0,0,0,0,0,0,0,0,0,0,0,0,0,16712190,"",0,0,0,0,0,0,0,0,0,0,0,0,0,0,0,16712188,"ip","",0,0,0,0,0,0,0,0,0,0,0,0,0,0,0,16712172,""
"st aid abilities.  First aid abilities can be found on trainers around the world as well as from quests and as drops from monsters.",7,"","Balance",0,0,0,0,0,0,0,0,0,0,0,0,0,0,0,16712190,"",0,0,0,0,0,0,0,0,0,0,0,0,0,0,0,16712188,"arry, and block attacks, makes you harder to hit,  and makes monsters less likely to land a critical strike against you.","",0,0,0,0,0,0,0,0,0,0,0,0,0,0,0,16712172,""
"First aid abilities can be found on trainers around the world as well as from quests and as drops from monsters.",7,"","Destruction",0,0,0,0,0,0,0,0,0,0,0,0,0,0,0,16712190,"",0,0,0,0,0,0,0,0,0,0,0,0,0,0,0,16712188,"u to learn higher level first aid abilities.  First aid abilities can be found on trainers around the world as well as from quests and as drops from monsters.","",0,0,0,0,0,0,0,0,0,0,0,0,0,0,0,16712172,""
"irst aid abilities can be found on trainers around the world as well as from quests and as drops from monsters.",7,"","Holy",0,0,0,0,0,0,0,0,0,0,0,0,0,0,0,16712190,"",0,0,0,0,0,0,0,0,0,0,0,0,0,0,0,16712188,"your chance to hit.","",0,0,0,0,0,0,0,0,0,0,0,0,0,0,0,16712172,""
"can be found on trainers around the world as well as from quests and as drops from monsters.",7,"","Discipline",0,0,0,0,0,0,0,0,0,0,0,0,0,0,0,16712190,"",0,0,0,0,0,0,0,0,0,0,0,0,0,0,0,16712188,"drops from monsters.","",0,0,0,0,0,0,0,0,0,0,0,0,0,0,0,16712172,""
"ners around the world as well as from quests and as drops from monsters.",7,"","Lockpicking",0,0,0,0,0,0,0,0,0,0,0,0,0,0,0,16712190,"",0,0,0,0,0,0,0,0,0,0,0,0,0,0,0,16712188,"Frost","",0,0,0,0,0,0,0,0,0,0,0,0,0,0,0,16712172,""
"d as well as from quests and as drops from monsters.",7,"","Pet - Bat",0,0,0,0,0,0,0,0,0,0,0,0,0,0,0,16712190,"",0,0,0,0,0,0,0,0,0,0,0,0,0,0,0,16712188,"Frost","",0,0,0,0,0,0,0,0,0,0,0,0,0,0,0,16712172,""
" as well as from quests and as drops from monsters.",7,"","Pet - Hyena",0,0,0,0,0,0,0,0,0,0,0,0,0,0,0,16712190,"",0,0,0,0,0,0,0,0,0,0,0,0,0,0,0,16712188,"Frost","",0,0,0,0,0,0,0,0,0,0,0,0,0,0,0,16712172,""
"as well as from quests and as drops from monsters.",7,"","Pet - Bird of Prey",0,0,0,0,0,0,0,0,0,0,0,0,0,0,0,16712190,"",0,0,0,0,0,0,0,0,0,0,0,0,0,0,0,16712188,"Frost","",0,0,0,0,0,0,0,0,0,0,0,0,0,0,0,16712172,""
"s well as from quests and as drops from monsters.",7,"","Pet - Wind Serpent",0,0,0,0,0,0,0,0,0,0,0,0,0,0,0,16712190,"",0,0,0,0,0,0,0,0,0,0,0,0,0,0,0,16712188,"Frost","",0,0,0,0,0,0,0,0,0,0,0,0,0,0,0,16712172,""
"ests and as drops from monsters.",10,"","Language: Gutterspeak",0,0,0,0,0,0,0,0,0,0,0,0,0,0,0,16712190,"",0,0,0,0,0,0,0,0,0,0,0,0,0,0,0,16712188,"Frost","",0,0,0,0,0,0,0,0,0,0,0,0,0,0,0,16712172,""
"ombat",9,"","Kodo Riding",0,0,0,0,0,0,0,0,0,0,0,0,0,0,0,16712190,"",0,0,0,0,0,0,0,0,0,0,0,0,0,0,0,16712188,"critical strike against you.","",0,0,0,0,0,0,0,0,0,0,0,0,0,0,0,16712172,""
"e: Thalassian",9,"","Racial - Troll",0,0,0,0,0,0,0,0,0,0,0,0,0,0,0,16712190,"",0,0,0,0,0,0,0,0,0,0,0,0,0,0,0,16712188,"","",0,0,0,0,0,0,0,0,0,0,0,0,0,0,0,16712172,""
"ge: Draconic",9,"","Racial - Gnome",0,0,0,0,0,0,0,0,0,0,0,0,0,0,0,16712190,"",0,0,0,0,0,0,0,0,0,0,0,0,0,0,0,16712188,"","",0,0,0,0,0,0,0,0,0,0,0,0,0,0,0,16712172,""
"e: Draconic",9,"","Racial - Human",0,0,0,0,0,0,0,0,0,0,0,0,0,0,0,16712190,"",0,0,0,0,0,0,0,0,0,0,0,0,0,0,0,16712188,"","",0,0,0,0,0,0,0,0,0,0,0,0,0,0,0,16712172,""
": Draconic",11,"","Jewelcrafting",0,0,0,0,0,0,0,0,0,0,0,0,0,0,0,16712190,"Higher jewelcrafting skill allows you to learn higher level jewelcrafting plans.  Jewelcrafting plans can be found on trainers around the world as well as from quests and monsters.",0,0,0,0,0,0,0,0,0,0,0,0,0,0,0,16712190,"her herbs in lower level areas.","Modify",0,0,0,0,0,0,0,0,0,0,0,0,0,0,0,16712190,"Frost"
" Draconic",9,"","Blood Elf Racial",0,0,0,0,0,0,0,0,0,0,0,0,0,0,0,16712190,"",0,0,0,0,0,0,0,0,0,0,0,0,0,0,0,16712172,"","",0,0,0,0,0,0,0,0,0,0,0,0,0,0,0,16712172,""
"raconic",4294967295,"","Pet - Event - Remote Control",0,0,0,0,0,0,0,0,0,0,0,0,0,0,0,16712190,"",0,0,0,0,0,0,0,0,0,0,0,0,0,0,0,16712172,"","",0,0,0,0,0,0,0,0,0,0,0,0,0,0,0,16712172,""
"aconic",10,"","Language: Draenei",0,0,0,0,0,0,0,0,0,0,0,0,0,0,0,16712190,"",0,0,0,0,0,0,0,0,0,0,0,0,0,0,0,16712172,"","",0,0,0,0,0,0,0,0,0,0,0,0,0,0,0,16712172,""
"conic",9,"","Draenei Racial",0,0,0,0,0,0,0,0,0,0,0,0,0,0,0,16712190,"",0,0,0,0,0,0,0,0,0,0,0,0,0,0,0,16712172,"","",0,0,0,0,0,0,0,0,0,0,0,0,0,0,0,16712172,""
"onic",7,"","Pet - Felguard",0,0,0,0,0,0,0,0,0,0,0,0,0,0,0,16712190,"",0,0,0,0,0,0,0,0,0,0,0,0,0,0,0,16712172,"","",0,0,0,0,0,0,0,0,0,0,0,0,0,0,0,16712172,""
"nic",9,"","Riding",0,0,0,0,0,0,0,0,0,0,0,0,0,0,0,16712190,"Higher riding skill allows you to ride faster and more exotic beasts.",0,0,0,0,0,0,0,0,0,0,0,0,0,0,0,16712190," you harder to hit,  and makes monsters less likely to land a critical strike against you.","",0,0,0,0,0,0,0,0,0,0,0,0,0,0,0,16712172,""
"ic",7,"","Pet - Dragonhawk",0,0,0,0,0,0,0,0,0,0,0,0,0,0,0,16712190,"",0,0,0,0,0,0,0,0,0,0,0,0,0,0,0,16712172,"and monsters.","",0,0,0,0,0,0,0,0,0,0,0,0,0,0,0,16712172,""
"c",7,"","Pet - Nether Ray",0,0,0,0,0,0,0,0,0,0,0,0,0,0,0,16712190,"",0,0,0,0,0,0,0,0,0,0,0,0,0,0,0,16712172,"rown","",0,0,0,0,0,0,0,0,0,0,0,0,0,0,0,16712172,""
"",7,"","Pet - Sporebat",0,0,0,0,0,0,0,0,0,0,0,0,0,0,0,16712190,"",0,0,0,0,0,0,0,0,0,0,0,0,0,0,0,16712172," allows you to harvest more difficult minerals nodes around the world.  If you cannot harvest a specific mineral, then increase your skill by mining easier to mine minerals in lower level areas.","",0,0,0,0,0,0,0,0,0,0,0,0,0,0,0,16712172,""
"Language: Demon Tongue",7,"","Pet - Warp Stalker",0,0,0,0,0,0,0,0,0,0,0,0,0,0,0,16712190,"",0,0,0,0,0,0,0,0,0,0,0,0,0,0,0,16712172,"rld as well as from quests and as drops from monsters.","",0,0,0,0,0,0,0,0,0,0,0,0,0,0,0,16712172,""
"anguage: Demon Tongue",7,"","Pet - Ravager",0,0,0,0,0,0,0,0,0,0,0,0,0,0,0,16712190,"",0,0,0,0,0,0,0,0,0,0,0,0,0,0,0,16712172,"balism","",0,0,0,0,0,0,0,0,0,0,0,0,0,0,0,16712172,""
"nguage: Demon Tongue",7,"","Pet - Serpent",0,0,0,0,0,0,0,0,0,0,0,0,0,0,0,16712190,"",0,0,0,0,0,0,0,0,0,0,0,0,0,0,0,16712172,"kill by mining easier to mine minerals in lower level areas.","",0,0,0,0,0,0,0,0,0,0,0,0,0,0,0,16712172,""
"guage: Demon Tongue",7,"t","Internal",0,0,0,0,0,0,0,0,0,0,0,0,0,0,0,16712190,"",0,0,0,0,0,0,0,0,0,0,0,0,0,0,0,16712172,"bs in lower level areas.","",0,0,0,0,0,0,0,0,0,0,0,0,0,0,0,16712172,""
"uage: Demon Tongue",7,"","Blood",0,0,0,0,0,0,0,0,0,0,0,0,0,0,0,16712190,"",0,0,0,0,0,0,0,0,0,0,0,0,0,0,0,16712172,"nker","",0,0,0,0,0,0,0,0,0,0,0,0,0,0,0,16712172,""
"age: Demon Tongue",7,"","Frost",0,0,0,0,0,0,0,0,0,0,0,0,0,0,0,16712190,"",0,0,0,0,0,0,0,0,0,0,0,0,0,0,0,16712172,".","",0,0,0,0,0,0,0,0,0,0,0,0,0,0,0,16712172,""
"ge: Demon Tongue",7,"","Unholy",0,0,0,0,0,0,0,0,0,0,0,0,0,0,0,16712190,"",0,0,0,0,0,0,0,0,0,0,0,0,0,0,0,16712172,"","",0,0,0,0,0,0,0,0,0,0,0,0,0,0,0,16712172,""
"e: Demon Tongue",11,"","Inscription",0,0,0,0,0,0,0,0,0,0,0,0,0,0,0,16712190,"Higher inscription skill allows you to learn more advanced inscriptions.  Inscriptions are acquired from learned scribes throughout the world.",0,0,0,0,0,0,0,0,0,0,0,0,0,0,0,16712190,"er fishing skill increases your chance of catching fish in bodies of water around the world.  If you are having trouble catching fish in a given area, move to a lower level area or purchase a fishing lure and try again.","Inscribe",0,0,0,0,0,0,0,0,0,0,0,0,0,0,0,16712190,"Frost"
" Demon Tongue",7,"","Pet - Moth",0,0,0,0,0,0,0,0,0,0,0,0,0,0,0,16712190,"",0,0,0,0,0,0,0,0,0,0,0,0,0,0,0,16712172,"","",0,0,0,0,0,0,0,0,0,0,0,0,0,0,0,16712172,""
"Demon Tongue",7,"","Runeforging",0,0,0,0,0,0,0,0,0,0,0,0,0,0,0,16712190,"",0,0,0,0,0,0,0,0,0,0,0,0,0,0,0,16712172,"","Engrave",0,0,0,0,0,0,0,0,0,0,0,0,0,0,0,16712190,""
"emon Tongue",7,"","Mounts",0,0,0,0,0,0,0,0,0,0,0,0,0,0,0,16712190,"Your mounts.",0,0,0,0,0,0,0,0,0,0,0,0,0,0,0,16712190,"as.","",0,0,0,0,0,0,0,0,0,0,0,0,0,0,0,16712172,""
"mon Tongue",7,"","Companions",0,0,0,0,0,0,0,0,0,0,0,0,0,0,0,16712190,"Your companions.",0,0,0,0,0,0,0,0,0,0,0,0,0,0,0,16712190,"","",0,0,0,0,0,0,0,0,0,0,0,0,0,0,0,16712172,""
"n Tongue",7,"","Pet - Exotic Chimaera",0,0,0,0,0,0,0,0,0,0,0,0,0,0,0,16712190,"",0,0,0,0,0,0,0,0,0,0,0,0,0,0,0,16712172,"","",0,0,0,0,0,0,0,0,0,0,0,0,0,0,0,16712172,""
" Tongue",7,"","Pet - Exotic Devlisaur",0,0,0,0,0,0,0,0,0,0,0,0,0,0,0,16712190,"",0,0,0,0,0,0,0,0,0,0,0,0,0,0,0,16712172,"","",0,0,0,0,0,0,0,0,0,0,0,0,0,0,0,16712172,""
"Tongue",7,"","Pet - Ghoul",0,0,0,0,0,0,0,0,0,0,0,0,0,0,0,16712190,"",0,0,0,0,0,0,0,0,0,0,0,0,0,0,0,16712172,"e, parry, and block attacks, makes you harder to hit,  and makes monsters less likely to land a critical strike against you.","",0,0,0,0,0,0,0,0,0,0,0,0,0,0,0,16712172,""
"ongue",7,"","Pet - Exotic Silithid",0,0,0,0,0,0,0,0,0,0,0,0,0,0,0,16712190,"",0,0,0,0,0,0,0,0,0,0,0,0,0,0,0,16712172,"","",0,0,0,0,0,0,0,0,0,0,0,0,0,0,0,16712172,""
"ngue",7,"","Pet - Exotic Worm",0,0,0,0,0,0,0,0,0,0,0,0,0,0,0,16712190,"",0,0,0,0,0,0,0,0,0,0,0,0,0,0,0,16712172,"","",0,0,0,0,0,0,0,0,0,0,0,0,0,0,0,16712172,""
"gue",7,"","Pet- Wasp",0,0,0,0,0,0,0,0,0,0,0,0,0,0,0,16712190,"",0,0,0,0,0,0,0,0,0,0,0,0,0,0,0,16712172,"","",0,0,0,0,0,0,0,0,0,0,0,0,0,0,0,16712172,""
"ue",7,"","Pet - Exotic Rhino",0,0,0,0,0,0,0,0,0,0,0,0,0,0,0,16712190,"",0,0,0,0,0,0,0,0,0,0,0,0,0,0,0,16712172,"","",0,0,0,0,0,0,0,0,0,0,0,0,0,0,0,16712172,""
"e",7,"","Pet - Exotic Core Hound",0,0,0,0,0,0,0,0,0,0,0,0,0,0,0,16712190,"",0,0,0,0,0,0,0,0,0,0,0,0,0,0,0,16712172,"","",0,0,0,0,0,0,0,0,0,0,0,0,0,0,0,16712172,""
"",5,"","Pet - Exotic Spirit Beast",0,0,0,0,0,0,0,0,0,0,0,0,0,0,0,16712190,"",0,0,0,0,0,0,0,0,0,0,0,0,0,0,0,16712172,"","",0,0,0,0,0,0,0,0,0,0,0,0,0,0,0,16712172,""
